candidate_name,decision,append_to_taxonomy,existing_canonical_class,images,instances,eligible_images,eligible_instances,source_count,eligible_source_count,sources,eligible_sources,raw_labels,dominant_candidate_origin,hold_reasons,decision_reason
salad_leaf_salad_green,priority_accept,True,,4128,4192,2064,2096,2,1,food_recognition_2022|food_recognition_2022_dataset,food_recognition_2022_dataset,salad-leaf-salad-green,annotation_category_review,source_decision:HOLD_LICENSE_OR_DUPLICATE,detection_priority_images
bread_white,priority_accept,True,,3860,4062,1930,2031,2,1,food_recognition_2022|food_recognition_2022_dataset,food_recognition_2022_dataset,bread-white,annotation_category_review,source_decision:HOLD_LICENSE_OR_DUPLICATE,detection_priority_images
tomato_raw,priority_accept,True,,3850,3936,1925,1968,2,1,food_recognition_2022|food_recognition_2022_dataset,food_recognition_2022_dataset,tomato-raw,annotation_category_review,source_decision:HOLD_LICENSE_OR_DUPLICATE,detection_priority_images
bread,priority_accept,True,,1759,1765,1582,1585,3,2,food_recognition_2022|food_recognition_2022_dataset|foodseg103,food_recognition_2022_dataset|foodseg103,bread,segmentation_or_mask,source_decision:HOLD_LICENSE_OR_DUPLICATE,detection_priority_images
carrot_raw,priority_accept,True,,3018,3062,1509,1531,2,1,food_recognition_2022|food_recognition_2022_dataset,food_recognition_2022_dataset,carrot-raw,annotation_category_review,source_decision:HOLD_LICENSE_OR_DUPLICATE,detection_priority_images
bread_wholemeal,priority_accept,True,,2976,3080,1488,1540,2,1,food_recognition_2022|food_recognition_2022_dataset,food_recognition_2022_dataset,bread-wholemeal,annotation_category_review,source_decision:HOLD_LICENSE_OR_DUPLICATE,detection_priority_images
chicken_duck,priority_accept,True,,1242,1242,1242,1242,1,1,foodseg103,foodseg103,chicken duck,segmentation_or_mask,,detection_priority_images
apple,priority_accept,True,,1978,2138,1068,1148,3,2,food_recognition_2022|food_recognition_2022_dataset|foodseg103,food_recognition_2022_dataset|foodseg103,apple,annotation_category_review,source_decision:HOLD_LICENSE_OR_DUPLICATE,detection_priority_images
steak,priority_accept,True,,2065,2065,1065,1065,2,1,food41|foodseg103,foodseg103,steak,segmentation_or_mask,source_decision:HOLD_CLASSIFICATION_ONLY,detection_priority_images
mixed_vegetables,priority_accept,True,,1810,1842,905,921,2,1,food_recognition_2022|food_recognition_2022_dataset,food_recognition_2022_dataset,mixed-vegetables,annotation_category_review,source_decision:HOLD_LICENSE_OR_DUPLICATE,detection_priority_images
cilantro_mint,priority_accept,True,,900,900,900,900,1,1,foodseg103,foodseg103,cilantro mint,segmentation_or_mask,,detection_priority_images
banana,priority_accept,True,,1478,1642,817,899,3,2,food_recognition_2022|food_recognition_2022_dataset|foodseg103,food_recognition_2022_dataset|foodseg103,banana,annotation_category_review,source_decision:HOLD_LICENSE_OR_DUPLICATE,detection_priority_images
ice_cream,accept,True,,2413,2610,913,913,3,1,food41|foodseg103|junk_food_object_detection_dataset_yolo_format,foodseg103,Ice_Cream|ice cream|ice_cream,classification_pseudo_box_review,source_decision:HOLD_CLASSIFICATION_ONLY|source_decision:HOLD_OVERLAP_ONLY,classification_accept_images
lemon,accept,True,,835,861,715,728,3,2,food_recognition_2022|food_recognition_2022_dataset|foodseg103,food_recognition_2022_dataset|foodseg103,lemon,segmentation_or_mask,source_decision:HOLD_LICENSE_OR_DUPLICATE,detection_accept_images_or_instances
potatoes_steamed,accept,True,,1304,1370,652,685,2,1,food_recognition_2022|food_recognition_2022_dataset,food_recognition_2022_dataset,potatoes-steamed,annotation_category_review,source_decision:HOLD_LICENSE_OR_DUPLICATE,detection_accept_images_or_instances
french_beans,accept,True,,880,884,627,629,3,2,food_recognition_2022|food_recognition_2022_dataset|foodseg103,food_recognition_2022_dataset|foodseg103,French beans|french-beans,annotation_category_review,source_decision:HOLD_LICENSE_OR_DUPLICATE,detection_accept_images_or_instances
lettuce,accept,True,,574,574,574,574,1,1,foodseg103,foodseg103,lettuce,segmentation_or_mask,,detection_accept_images_or_instances
avocado,accept,True,,1059,1081,570,581,3,2,food_recognition_2022|food_recognition_2022_dataset|foodseg103,food_recognition_2022_dataset|foodseg103,avocado,annotation_category_review,source_decision:HOLD_LICENSE_OR_DUPLICATE,detection_accept_images_or_instances
bell_pepper_red_raw,accept,True,,1136,1182,568,591,2,1,food_recognition_2022|food_recognition_2022_dataset,food_recognition_2022_dataset,bell-pepper-red-raw,annotation_category_review,source_decision:HOLD_LICENSE_OR_DUPLICATE,detection_accept_images_or_instances
strawberry,accept,True,,560,560,560,560,1,1,foodseg103,foodseg103,strawberry,segmentation_or_mask,,detection_accept_images_or_instances
pie,accept,True,,558,558,558,558,1,1,foodseg103,foodseg103,pie,segmentation_or_mask,,detection_accept_images_or_instances
bread_whole_wheat,accept,True,,1052,1096,526,548,2,1,food_recognition_2022|food_recognition_2022_dataset,food_recognition_2022_dataset,bread-whole-wheat,annotation_category_review,source_decision:HOLD_LICENSE_OR_DUPLICATE,detection_accept_images_or_instances
orange,accept,True,,713,757,483,505,3,2,food_recognition_2022|food_recognition_2022_dataset|foodseg103,food_recognition_2022_dataset|foodseg103,orange,annotation_category_review,source_decision:HOLD_LICENSE_OR_DUPLICATE,detection_accept_images_or_instances
cake,accept,True,,459,459,459,459,1,1,foodseg103,foodseg103,cake,segmentation_or_mask,,detection_accept_images_or_instances
pepper,accept,True,,436,436,436,436,1,1,foodseg103,foodseg103,pepper,segmentation_or_mask,,detection_accept_images_or_instances
pasta,accept,True,,694,696,428,429,3,2,food_recognition_2022|food_recognition_2022_dataset|foodseg103,food_recognition_2022_dataset|foodseg103,pasta,annotation_category_review,source_decision:HOLD_LICENSE_OR_DUPLICATE,detection_accept_images_or_instances
strawberries,accept,True,,848,884,424,442,2,1,food_recognition_2022|food_recognition_2022_dataset,food_recognition_2022_dataset,strawberries,annotation_category_review,source_decision:HOLD_LICENSE_OR_DUPLICATE,detection_accept_images_or_instances
pasta_spaghetti,accept,True,,806,820,403,410,2,1,food_recognition_2022|food_recognition_2022_dataset,food_recognition_2022_dataset,pasta-spaghetti,annotation_category_review,source_decision:HOLD_LICENSE_OR_DUPLICATE,detection_accept_images_or_instances
zucchini,accept,True,,782,804,391,402,2,1,food_recognition_2022|food_recognition_2022_dataset,food_recognition_2022_dataset,zucchini,annotation_category_review,source_decision:HOLD_LICENSE_OR_DUPLICATE,detection_accept_images_or_instances
sausage,accept,True,,489,495,369,372,3,2,food_recognition_2022|food_recognition_2022_dataset|foodseg103,food_recognition_2022_dataset|foodseg103,sausage,segmentation_or_mask,source_decision:HOLD_LICENSE_OR_DUPLICATE,detection_accept_images_or_instances
chips_french_fries,accept,True,,726,734,363,367,2,1,food_recognition_2022|food_recognition_2022_dataset,food_recognition_2022_dataset,chips-french-fries,annotation_category_review,source_decision:HOLD_LICENSE_OR_DUPLICATE,detection_accept_images_or_instances
braided_white_loaf,accept,True,,702,708,351,354,2,1,food_recognition_2022|food_recognition_2022_dataset,food_recognition_2022_dataset,braided-white-loaf,annotation_category_review,source_decision:HOLD_LICENSE_OR_DUPLICATE,detection_accept_images_or_instances
rice,existing,False,rice,2766,2782,1718,1726,3,2,food_recognition_2022|food_recognition_2022_dataset|foodseg103,food_recognition_2022_dataset|foodseg103,rice,annotation_category_review,source_decision:HOLD_LICENSE_OR_DUPLICATE,base_taxonomy_class
broccoli,existing,False,broccoli,1875,1895,1444,1454,3,2,food_recognition_2022|food_recognition_2022_dataset|foodseg103,food_recognition_2022_dataset|foodseg103,broccoli,segmentation_or_mask,source_decision:HOLD_LICENSE_OR_DUPLICATE,base_taxonomy_class
egg,existing,False,fried_egg,2362,2472,1327,1382,3,2,food_recognition_2022|food_recognition_2022_dataset|foodseg103,food_recognition_2022_dataset|foodseg103,egg,annotation_category_review,source_decision:HOLD_LICENSE_OR_DUPLICATE,base_taxonomy_class
cucumber,existing,False,cucumber,2069,2099,1301,1316,3,2,food_recognition_2022|food_recognition_2022_dataset|foodseg103,food_recognition_2022_dataset|foodseg103,cucumber,annotation_category_review,source_decision:HOLD_LICENSE_OR_DUPLICATE,base_taxonomy_class
carrot,existing,False,carrot,1279,1279,1279,1279,1,1,foodseg103,foodseg103,carrot,segmentation_or_mask,,base_taxonomy_class
tomato,existing,False,tomato,1139,1139,1139,1139,1,1,foodseg103,foodseg103,tomato,segmentation_or_mask,,base_taxonomy_class
potato,existing,False,potato,1091,1091,1091,1091,1,1,foodseg103,foodseg103,potato,segmentation_or_mask,,base_taxonomy_class
onion,existing,False,onion,1128,1150,830,841,3,2,food_recognition_2022|food_recognition_2022_dataset|foodseg103,food_recognition_2022_dataset|foodseg103,onion,annotation_category_review,source_decision:HOLD_LICENSE_OR_DUPLICATE,base_taxonomy_class
pork,existing,False,pork,877,877,773,773,3,2,food_recognition_2022|food_recognition_2022_dataset|foodseg103,food_recognition_2022_dataset|foodseg103,pork,segmentation_or_mask,source_decision:HOLD_LICENSE_OR_DUPLICATE,base_taxonomy_class
corn,existing,False,corn,854,856,671,672,3,2,food_recognition_2022|food_recognition_2022_dataset|foodseg103,food_recognition_2022_dataset|foodseg103,corn,segmentation_or_mask,source_decision:HOLD_LICENSE_OR_DUPLICATE,base_taxonomy_class
fish,existing,False,fish,665,669,509,511,3,2,food_recognition_2022|food_recognition_2022_dataset|foodseg103,food_recognition_2022_dataset|foodseg103,fish,segmentation_or_mask,source_decision:HOLD_LICENSE_OR_DUPLICATE,base_taxonomy_class
cauliflower,existing,False,cauliflower,605,621,416,424,3,2,food_recognition_2022|food_recognition_2022_dataset|foodseg103,food_recognition_2022_dataset|foodseg103,cauliflower,annotation_category_review,source_decision:HOLD_LICENSE_OR_DUPLICATE,base_taxonomy_class
chicken,existing,False,chicken,770,776,385,388,2,1,food_recognition_2022|food_recognition_2022_dataset,food_recognition_2022_dataset,chicken,annotation_category_review,source_decision:HOLD_LICENSE_OR_DUPLICATE,base_taxonomy_class
tofu,existing,False,tofu,548,562,308,315,3,2,food_recognition_2022|food_recognition_2022_dataset|foodseg103,food_recognition_2022_dataset|foodseg103,tofu,annotation_category_review,source_decision:HOLD_LICENSE_OR_DUPLICATE,base_taxonomy_class
banh_da_lon,existing,False,banh_da_lon,556,556,278,278,2,1,100_vietnamese_food|vnfood_30_100,100_vietnamese_food,banh-da-lon|banh_da_lon,classification_pseudo_box_review,private_or_noncommercial_license:cc-by-nc-sa-4.0,base_taxonomy_class
noodles,existing,False,noodles,852,882,262,262,2,1,foodseg103|junk_food_object_detection_dataset_yolo_format,foodseg103,noodles,yolo_detection,source_decision:HOLD_OVERLAP_ONLY,base_taxonomy_class
banh_bo,existing,False,banh_bo,524,524,262,262,2,1,100_vietnamese_food|vnfood_30_100,100_vietnamese_food,banh-bo|banh_bo,classification_pseudo_box_review,private_or_noncommercial_license:cc-by-nc-sa-4.0,base_taxonomy_class
bun_rieu,existing,False,bun_rieu,2820,2820,259,259,3,1,100_vietnamese_food|vietnamese_foods|vnfood_30_100,100_vietnamese_food,Bun rieu|bun-rieu|bun_rieu,classification_pseudo_box_review,private_or_noncommercial_license:cc-by-nc-sa-4.0|source_decision:HOLD_DUPLICATE_CHECK,base_taxonomy_class
eggplant,existing,False,eggplant,468,474,247,250,3,2,food_recognition_2022|food_recognition_2022_dataset|foodseg103,food_recognition_2022_dataset|foodseg103,eggplant,annotation_category_review,source_decision:HOLD_LICENSE_OR_DUPLICATE,base_taxonomy_class
banh_mi,existing,False,banh_mi,3162,3162,245,245,3,1,100_vietnamese_food|vietnamese_foods|vnfood_30_100,100_vietnamese_food,Banh mi|banh-mi|banh_mi,classification_pseudo_box_review,private_or_noncommercial_license:cc-by-nc-sa-4.0|source_decision:HOLD_DUPLICATE_CHECK,base_taxonomy_class
pho,existing,False,pho,3096,3096,241,241,4,1,100_vietnamese_food|food41|vietnamese_foods|vnfood_30_100,100_vietnamese_food,Pho|pho,classification_pseudo_box_review,private_or_noncommercial_license:cc-by-nc-sa-4.0|source_decision:HOLD_CLASSIFICATION_ONLY|source_decision:HOLD_DUPLICATE_CHECK,base_taxonomy_class
bun_bo_hue,existing,False,bun_bo_hue,3534,3534,237,237,3,1,100_vietnamese_food|vietnamese_foods|vnfood_30_100,100_vietnamese_food,Bun bo Hue|bun-bo-hue|bun_bo_hue,classification_pseudo_box_review,private_or_noncommercial_license:cc-by-nc-sa-4.0|source_decision:HOLD_DUPLICATE_CHECK,base_taxonomy_class
thit_kho_tau,existing,False,thit_kho,466,466,233,233,2,1,100_vietnamese_food|vnfood_30_100,100_vietnamese_food,thit-kho-tau|thit_kho_tau,classification_pseudo_box_review,private_or_noncommercial_license:cc-by-nc-sa-4.0,base_taxonomy_class
banh_xeo,existing,False,banh_xeo,2810,2810,232,232,3,1,100_vietnamese_food|vietnamese_foods|vnfood_30_100,100_vietnamese_food,Banh xeo|banh-xeo|banh_xeo,classification_pseudo_box_review,private_or_noncommercial_license:cc-by-nc-sa-4.0|source_decision:HOLD_DUPLICATE_CHECK,base_taxonomy_class
com_tam,existing,False,com_tam,2344,2344,230,230,3,1,100_vietnamese_food|vietnamese_foods|vnfood_30_100,100_vietnamese_food,Com tam|com-tam|com_tam,classification_pseudo_box_review,private_or_noncommercial_license:cc-by-nc-sa-4.0|source_decision:HOLD_DUPLICATE_CHECK,base_taxonomy_class
banh_tet,existing,False,banh_tet,1832,1832,230,230,3,1,100_vietnamese_food|vietnamese_foods|vnfood_30_100,100_vietnamese_food,Banh tet|banh tet|banh-tet,classification_pseudo_box_review,private_or_noncommercial_license:cc-by-nc-sa-4.0|source_decision:HOLD_DUPLICATE_CHECK,base_taxonomy_class
sup_cua,existing,False,sup_cua,454,454,227,227,2,1,100_vietnamese_food|vnfood_30_100,100_vietnamese_food,sup-cua|sup_cua,classification_pseudo_box_review,private_or_noncommercial_license:cc-by-nc-sa-4.0,base_taxonomy_class
banh_cuon,existing,False,banh_cuon,2732,2732,226,226,3,1,100_vietnamese_food|vietnamese_foods|vnfood_30_100,100_vietnamese_food,Banh cuon|banh-cuon|banh_cuon,classification_pseudo_box_review,private_or_noncommercial_license:cc-by-nc-sa-4.0|source_decision:HOLD_DUPLICATE_CHECK,base_taxonomy_class
mi_quang,existing,False,mi_quang,2220,2220,226,226,3,1,100_vietnamese_food|vietnamese_foods|vnfood_30_100,100_vietnamese_food,Mi quang|mi-quang|mi_quang,classification_pseudo_box_review,private_or_noncommercial_license:cc-by-nc-sa-4.0|source_decision:HOLD_DUPLICATE_CHECK,base_taxonomy_class
sweet_potato,existing,False,sweet_potato,450,456,225,228,2,1,food_recognition_2022|food_recognition_2022_dataset,food_recognition_2022_dataset,sweet-potato,annotation_category_review,source_decision:HOLD_LICENSE_OR_DUPLICATE,base_taxonomy_class
cao_lau,existing,False,cao_lau,1678,1678,221,221,3,1,100_vietnamese_food|vietnamese_foods|vnfood_30_100,100_vietnamese_food,Cao lau|cao-lau|cao_lau,classification_pseudo_box_review,private_or_noncommercial_license:cc-by-nc-sa-4.0|source_decision:HOLD_DUPLICATE_CHECK,base_taxonomy_class
banh_cong,existing,False,banh_cong,442,442,221,221,2,1,100_vietnamese_food|vnfood_30_100,100_vietnamese_food,banh-cong|banh_cong,classification_pseudo_box_review,private_or_noncommercial_license:cc-by-nc-sa-4.0,base_taxonomy_class
goi_cuon,existing,False,goi_cuon,2140,2140,215,215,3,1,100_vietnamese_food|vietnamese_foods|vnfood_30_100,100_vietnamese_food,Goi cuon|goi-cuon|goi_cuon,classification_pseudo_box_review,private_or_noncommercial_license:cc-by-nc-sa-4.0|source_decision:HOLD_DUPLICATE_CHECK,base_taxonomy_class
banh_beo,existing,False,banh_beo,1718,1718,214,214,3,1,100_vietnamese_food|vietnamese_foods|vnfood_30_100,100_vietnamese_food,Banh beo|banh-beo|banh_beo,classification_pseudo_box_review,private_or_noncommercial_license:cc-by-nc-sa-4.0|source_decision:HOLD_DUPLICATE_CHECK,base_taxonomy_class
banh_canh,existing,False,banh_canh,2348,2348,210,210,3,1,100_vietnamese_food|vietnamese_foods|vnfood_30_100,100_vietnamese_food,Banh canh|banh-canh|banh_canh,classification_pseudo_box_review,private_or_noncommercial_license:cc-by-nc-sa-4.0|source_decision:HOLD_DUPLICATE_CHECK,base_taxonomy_class
chao_long,existing,False,chao_long,2560,2560,207,207,3,1,100_vietnamese_food|vietnamese_foods|vnfood_30_100,100_vietnamese_food,Chao long|chao-long|chao_long,classification_pseudo_box_review,private_or_noncommercial_license:cc-by-nc-sa-4.0|source_decision:HOLD_DUPLICATE_CHECK,base_taxonomy_class
banh_bot_loc,existing,False,banh_bot_loc,1854,1854,207,207,3,1,100_vietnamese_food|vietnamese_foods|vnfood_30_100,100_vietnamese_food,Banh bot loc|banh-bot-loc|banh_bot_loc,classification_pseudo_box_review,private_or_noncommercial_license:cc-by-nc-sa-4.0|source_decision:HOLD_DUPLICATE_CHECK,base_taxonomy_class
hu_tieu,existing,False,hu_tieu,2374,2374,204,204,3,1,100_vietnamese_food|vietnamese_foods|vnfood_30_100,100_vietnamese_food,Hu tieu|hu-tieu|hu_tieu,classification_pseudo_box_review,private_or_noncommercial_license:cc-by-nc-sa-4.0|source_decision:HOLD_DUPLICATE_CHECK,base_taxonomy_class
banh_khot,existing,False,banh_khot,2076,2076,203,203,3,1,100_vietnamese_food|vietnamese_foods|vnfood_30_100,100_vietnamese_food,Banh khot|banh-khot|banh_khot,classification_pseudo_box_review,private_or_noncommercial_license:cc-by-nc-sa-4.0|source_decision:HOLD_DUPLICATE_CHECK,base_taxonomy_class
banh_chung,existing,False,banh_chung,1412,1412,200,200,3,1,100_vietnamese_food|vietnamese_foods|vnfood_30_100,100_vietnamese_food,Banh chung|banh-chung|banh_chung,classification_pseudo_box_review,private_or_noncommercial_license:cc-by-nc-sa-4.0|source_decision:HOLD_DUPLICATE_CHECK,base_taxonomy_class
bun_mam,existing,False,bun_mam,1944,1944,199,199,3,1,100_vietnamese_food|vietnamese_foods|vnfood_30_100,100_vietnamese_food,Bun mam|bun-mam|bun_mam,classification_pseudo_box_review,private_or_noncommercial_license:cc-by-nc-sa-4.0|source_decision:HOLD_DUPLICATE_CHECK,base_taxonomy_class
banh_can,existing,False,banh_can,1886,1886,199,199,3,1,100_vietnamese_food|vietnamese_foods|vnfood_30_100,100_vietnamese_food,Banh can|banh-can|banh_can,classification_pseudo_box_review,private_or_noncommercial_license:cc-by-nc-sa-4.0|source_decision:HOLD_DUPLICATE_CHECK,base_taxonomy_class
spring_onion,existing,False,green_onion,190,190,190,190,1,1,foodseg103,foodseg103,spring onion,segmentation_or_mask,,base_taxonomy_class
bun_cha,existing,False,bun_cha,376,376,188,188,2,1,100_vietnamese_food|vnfood_30_100,100_vietnamese_food,bun-cha|bun_cha,classification_pseudo_box_review,private_or_noncommercial_license:cc-by-nc-sa-4.0,base_taxonomy_class
bo_kho,existing,False,bo_kho,368,368,184,184,2,1,100_vietnamese_food|vnfood_30_100,100_vietnamese_food,bo-kho|bo_kho,classification_pseudo_box_review,private_or_noncommercial_license:cc-by-nc-sa-4.0,base_taxonomy_class
pumpkin,existing,False,pumpkin,270,274,179,181,3,2,food_recognition_2022|food_recognition_2022_dataset|foodseg103,food_recognition_2022_dataset|foodseg103,pumpkin,annotation_category_review,source_decision:HOLD_LICENSE_OR_DUPLICATE,base_taxonomy_class
banh_duc,existing,False,banh_duc,1662,1662,169,169,3,1,100_vietnamese_food|vietnamese_foods|vnfood_30_100,100_vietnamese_food,Banh duc|banh-duc|banh_duc,classification_pseudo_box_review,private_or_noncommercial_license:cc-by-nc-sa-4.0|source_decision:HOLD_DUPLICATE_CHECK,base_taxonomy_class
mushroom,existing,False,mushroom,338,348,169,174,2,1,food_recognition_2022|food_recognition_2022_dataset,food_recognition_2022_dataset,mushroom,annotation_category_review,source_decision:HOLD_LICENSE_OR_DUPLICATE,base_taxonomy_class
chicken_breast,existing,False,chicken,304,310,152,155,2,1,food_recognition_2022|food_recognition_2022_dataset,food_recognition_2022_dataset,chicken-breast,annotation_category_review,source_decision:HOLD_LICENSE_OR_DUPLICATE,base_taxonomy_class
shrimp,existing,False,shrimp,144,144,144,144,1,1,foodseg103,foodseg103,shrimp,segmentation_or_mask,,base_taxonomy_class
garlic,existing,False,garlic,183,183,138,138,3,2,food_recognition_2022|food_recognition_2022_dataset|foodseg103,food_recognition_2022_dataset|foodseg103,garlic,segmentation_or_mask,source_decision:HOLD_LICENSE_OR_DUPLICATE,base_taxonomy_class
cabbage,existing,False,cabbage,127,127,127,127,1,1,foodseg103,foodseg103,cabbage,segmentation_or_mask,,base_taxonomy_class
leek,existing,False,leek,252,260,126,130,2,1,food_recognition_2022|food_recognition_2022_dataset,food_recognition_2022_dataset,leek,annotation_category_review,source_decision:HOLD_LICENSE_OR_DUPLICATE,base_taxonomy_class
beef,existing,False,beef,248,258,124,129,2,1,food_recognition_2022|food_recognition_2022_dataset,food_recognition_2022_dataset,beef,annotation_category_review,source_decision:HOLD_LICENSE_OR_DUPLICATE,base_taxonomy_class
peas,existing,False,peas,218,218,109,109,2,1,food_recognition_2022|food_recognition_2022_dataset,food_recognition_2022_dataset,peas,annotation_category_review,source_decision:HOLD_LICENSE_OR_DUPLICATE,base_taxonomy_class
soup,existing,False,canh,89,89,89,89,1,1,foodseg103,foodseg103,soup,segmentation_or_mask,,base_taxonomy_class
chicken_wing,existing,False,chicken,66,68,33,34,2,1,food_recognition_2022|food_recognition_2022_dataset,food_recognition_2022_dataset,chicken-wing,annotation_category_review,source_decision:HOLD_LICENSE_OR_DUPLICATE,base_taxonomy_class
ginger,existing,False,ginger,31,31,31,31,1,1,foodseg103,foodseg103,ginger,segmentation_or_mask,,base_taxonomy_class
crab,existing,False,crab,20,20,20,20,1,1,foodseg103,foodseg103,crab,segmentation_or_mask,,base_taxonomy_class
bo_la_lot,existing,False,bo_la_lot,1147,1147,0,0,1,0,vnfood_30_100,,bo-la-lot,classification_pseudo_box_review,private_or_noncommercial_license:cc-by-nc-sa-4.0,base_taxonomy_class
fried_rice,existing,False,fried_rice,1000,1000,0,0,1,0,food41,,fried_rice,classification_pseudo_box_review,source_decision:HOLD_CLASSIFICATION_ONLY,base_taxonomy_class
spring_rolls,existing,False,cha_gio,1000,1000,0,0,1,0,food41,,spring_rolls,classification_pseudo_box_review,source_decision:HOLD_CLASSIFICATION_ONLY,base_taxonomy_class
dark_chocolate,hold_more_data,False,,674,794,337,397,2,1,food_recognition_2022|food_recognition_2022_dataset,food_recognition_2022_dataset,dark-chocolate,annotation_category_review,source_decision:HOLD_LICENSE_OR_DUPLICATE,detection_below_accept_threshold
pizza_margherita_baked,hold_more_data,False,,640,670,320,335,2,1,food_recognition_2022|food_recognition_2022_dataset,food_recognition_2022_dataset,pizza-margherita-baked,annotation_category_review,source_decision:HOLD_LICENSE_OR_DUPLICATE,detection_below_accept_threshold
mayonnaise,hold_more_data,False,,638,650,319,325,2,1,food_recognition_2022|food_recognition_2022_dataset,food_recognition_2022_dataset,mayonnaise,annotation_category_review,source_decision:HOLD_LICENSE_OR_DUPLICATE,detection_below_accept_threshold
blueberries,hold_more_data,False,,610,624,305,312,2,1,food_recognition_2022|food_recognition_2022_dataset,food_recognition_2022_dataset,blueberries,annotation_category_review,source_decision:HOLD_LICENSE_OR_DUPLICATE,detection_below_accept_threshold
biscuit,hold_more_data,False,,295,295,295,295,1,1,foodseg103,foodseg103,biscuit,segmentation_or_mask,,detection_below_accept_threshold
pear,hold_more_data,False,,544,554,294,299,3,2,food_recognition_2022|food_recognition_2022_dataset|foodseg103,food_recognition_2022_dataset|foodseg103,pear,annotation_category_review,source_decision:HOLD_LICENSE_OR_DUPLICATE,detection_below_accept_threshold
salami,hold_more_data,False,,576,600,288,300,2,1,food_recognition_2022|food_recognition_2022_dataset,food_recognition_2022_dataset,salami,annotation_category_review,source_decision:HOLD_LICENSE_OR_DUPLICATE,detection_below_accept_threshold
leaf_spinach,hold_more_data,False,,562,572,281,286,2,1,food_recognition_2022|food_recognition_2022_dataset,food_recognition_2022_dataset,leaf-spinach,annotation_category_review,source_decision:HOLD_LICENSE_OR_DUPLICATE,detection_below_accept_threshold
salmon,hold_more_data,False,,550,554,275,277,2,1,food_recognition_2022|food_recognition_2022_dataset,food_recognition_2022_dataset,salmon,annotation_category_review,source_decision:HOLD_LICENSE_OR_DUPLICATE,detection_below_accept_threshold
soft_cheese,hold_more_data,False,,548,564,274,282,2,1,food_recognition_2022|food_recognition_2022_dataset,food_recognition_2022_dataset,soft-cheese,annotation_category_review,source_decision:HOLD_LICENSE_OR_DUPLICATE,detection_below_accept_threshold
water_mineral,hold_more_data,False,,544,840,272,420,2,1,food_recognition_2022|food_recognition_2022_dataset,food_recognition_2022_dataset,water-mineral,annotation_category_review,source_decision:HOLD_LICENSE_OR_DUPLICATE,detection_below_accept_threshold
gruyere,hold_more_data,False,,536,556,268,278,2,1,food_recognition_2022|food_recognition_2022_dataset,food_recognition_2022_dataset,gruyere,annotation_category_review,source_decision:HOLD_LICENSE_OR_DUPLICATE,detection_below_accept_threshold
yaourt_yahourt_yogourt_ou_yoghourt_natural,hold_more_data,False,,530,544,265,272,2,1,food_recognition_2022|food_recognition_2022_dataset,food_recognition_2022_dataset,yaourt-yahourt-yogourt-ou-yoghourt-natural,annotation_category_review,source_decision:HOLD_LICENSE_OR_DUPLICATE,detection_below_accept_threshold
asparagus,hold_more_data,False,,264,264,264,264,1,1,foodseg103,foodseg103,asparagus,segmentation_or_mask,,detection_below_accept_threshold
glucose_drink_50g,hold_more_data,False,,526,582,263,291,2,1,food_recognition_2022|food_recognition_2022_dataset,food_recognition_2022_dataset,glucose-drink-50g,annotation_category_review,source_decision:HOLD_LICENSE_OR_DUPLICATE,detection_below_accept_threshold
mixed_nuts,hold_more_data,False,,524,578,262,289,2,1,food_recognition_2022|food_recognition_2022_dataset,food_recognition_2022_dataset,mixed-nuts,annotation_category_review,source_decision:HOLD_LICENSE_OR_DUPLICATE,detection_below_accept_threshold
almonds,hold_more_data,False,,520,632,260,316,2,1,food_recognition_2022|food_recognition_2022_dataset,food_recognition_2022_dataset,almonds,annotation_category_review,source_decision:HOLD_LICENSE_OR_DUPLICATE,detection_below_accept_threshold
black_olives,hold_more_data,False,,510,524,255,262,2,1,food_recognition_2022|food_recognition_2022_dataset,food_recognition_2022_dataset,black-olives,annotation_category_review,source_decision:HOLD_LICENSE_OR_DUPLICATE,detection_below_accept_threshold
red_radish,hold_more_data,False,,508,522,254,261,2,1,food_recognition_2022|food_recognition_2022_dataset,food_recognition_2022_dataset,red-radish,annotation_category_review,source_decision:HOLD_LICENSE_OR_DUPLICATE,detection_below_accept_threshold
kiwi,hold_more_data,False,,447,519,249,285,3,2,food_recognition_2022|food_recognition_2022_dataset|foodseg103,food_recognition_2022_dataset|foodseg103,kiwi,annotation_category_review,source_decision:HOLD_LICENSE_OR_DUPLICATE,detection_below_accept_threshold
herbal_tea,hold_more_data,False,,492,548,246,274,2,1,food_recognition_2022|food_recognition_2022_dataset,food_recognition_2022_dataset,herbal-tea,annotation_category_review,source_decision:HOLD_LICENSE_OR_DUPLICATE,detection_below_accept_threshold
juice_orange,hold_more_data,False,,492,542,246,271,2,1,food_recognition_2022|food_recognition_2022_dataset,food_recognition_2022_dataset,juice-orange,annotation_category_review,source_decision:HOLD_LICENSE_OR_DUPLICATE,detection_below_accept_threshold
salmon_smoked,hold_more_data,False,,492,502,246,251,2,1,food_recognition_2022|food_recognition_2022_dataset,food_recognition_2022_dataset,salmon-smoked,annotation_category_review,source_decision:HOLD_LICENSE_OR_DUPLICATE,detection_below_accept_threshold
ham_raw,hold_more_data,False,,486,494,243,247,2,1,food_recognition_2022|food_recognition_2022_dataset,food_recognition_2022_dataset,ham-raw,annotation_category_review,source_decision:HOLD_LICENSE_OR_DUPLICATE,detection_below_accept_threshold
beer,hold_more_data,False,,480,552,240,276,2,1,food_recognition_2022|food_recognition_2022_dataset,food_recognition_2022_dataset,beer,annotation_category_review,source_decision:HOLD_LICENSE_OR_DUPLICATE,detection_below_accept_threshold
fried_meat,hold_more_data,False,,238,238,238,238,1,1,foodseg103,foodseg103,fried meat,segmentation_or_mask,,detection_below_accept_threshold
mozzarella,hold_more_data,False,,464,480,232,240,2,1,food_recognition_2022|food_recognition_2022_dataset,food_recognition_2022_dataset,mozzarella,annotation_category_review,source_decision:HOLD_LICENSE_OR_DUPLICATE,detection_below_accept_threshold
celery_stick,hold_more_data,False,,229,229,229,229,1,1,foodseg103,foodseg103,celery stick,segmentation_or_mask,,detection_below_accept_threshold
cucumber_pickled,hold_more_data,False,,456,504,228,252,2,1,food_recognition_2022|food_recognition_2022_dataset,food_recognition_2022_dataset,cucumber-pickled,annotation_category_review,source_decision:HOLD_LICENSE_OR_DUPLICATE,detection_below_accept_threshold
other_ingredients,hold_more_data,False,,227,227,227,227,1,1,foodseg103,foodseg103,other ingredients,segmentation_or_mask,,detection_below_accept_threshold
croissant,hold_more_data,False,,452,474,226,237,2,1,food_recognition_2022|food_recognition_2022_dataset,food_recognition_2022_dataset,croissant,annotation_category_review,source_decision:HOLD_LICENSE_OR_DUPLICATE,detection_below_accept_threshold
dairy_ice_cream,hold_more_data,False,,450,468,225,234,2,1,food_recognition_2022|food_recognition_2022_dataset,food_recognition_2022_dataset,dairy-ice-cream,annotation_category_review,source_decision:HOLD_LICENSE_OR_DUPLICATE,detection_below_accept_threshold
pasta_penne,hold_more_data,False,,450,456,225,228,2,1,food_recognition_2022|food_recognition_2022_dataset,food_recognition_2022_dataset,pasta-penne,annotation_category_review,source_decision:HOLD_LICENSE_OR_DUPLICATE,detection_below_accept_threshold
walnut,hold_more_data,False,,381,383,222,223,3,2,food_recognition_2022|food_recognition_2022_dataset|foodseg103,food_recognition_2022_dataset|foodseg103,walnut,annotation_category_review,source_decision:HOLD_LICENSE_OR_DUPLICATE,detection_below_accept_threshold
pineapple,hold_more_data,False,,308,310,219,220,3,2,food_recognition_2022|food_recognition_2022_dataset|foodseg103,food_recognition_2022_dataset|foodseg103,pineapple,annotation_category_review,source_decision:HOLD_LICENSE_OR_DUPLICATE,detection_below_accept_threshold
feta,hold_more_data,False,,432,444,216,222,2,1,food_recognition_2022|food_recognition_2022_dataset,food_recognition_2022_dataset,feta,annotation_category_review,source_decision:HOLD_LICENSE_OR_DUPLICATE,detection_below_accept_threshold
salad_rocket,hold_more_data,False,,430,438,215,219,2,1,food_recognition_2022|food_recognition_2022_dataset,food_recognition_2022_dataset,salad-rocket,annotation_category_review,source_decision:HOLD_LICENSE_OR_DUPLICATE,detection_below_accept_threshold
green_beans,hold_more_data,False,,215,215,215,215,1,1,foodseg103,foodseg103,green beans,segmentation_or_mask,,detection_below_accept_threshold
ham_cooked,hold_more_data,False,,426,428,213,214,2,1,food_recognition_2022|food_recognition_2022_dataset,food_recognition_2022_dataset,ham-cooked,annotation_category_review,source_decision:HOLD_LICENSE_OR_DUPLICATE,detection_below_accept_threshold
cherry,hold_more_data,False,,212,212,212,212,1,1,foodseg103,foodseg103,cherry,segmentation_or_mask,,detection_below_accept_threshold
tea_green,hold_more_data,False,,422,582,211,291,2,1,food_recognition_2022|food_recognition_2022_dataset,food_recognition_2022_dataset,tea-green,annotation_category_review,source_decision:HOLD_LICENSE_OR_DUPLICATE,detection_below_accept_threshold
blueberry,hold_more_data,False,,210,210,210,210,1,1,foodseg103,foodseg103,blueberry,segmentation_or_mask,,detection_below_accept_threshold
mandarine,hold_more_data,False,,416,450,208,225,2,1,food_recognition_2022|food_recognition_2022_dataset,food_recognition_2022_dataset,mandarine,annotation_category_review,source_decision:HOLD_LICENSE_OR_DUPLICATE,detection_below_accept_threshold
bread_grain,hold_more_data,False,,412,424,206,212,2,1,food_recognition_2022|food_recognition_2022_dataset,food_recognition_2022_dataset,bread-grain,annotation_category_review,source_decision:HOLD_LICENSE_OR_DUPLICATE,detection_below_accept_threshold
grapes,hold_more_data,False,,410,418,205,209,2,1,food_recognition_2022|food_recognition_2022_dataset,food_recognition_2022_dataset,grapes,annotation_category_review,source_decision:HOLD_LICENSE_OR_DUPLICATE,detection_below_accept_threshold
chocolate,hold_more_data,False,,339,353,203,210,3,2,food_recognition_2022|food_recognition_2022_dataset|foodseg103,food_recognition_2022_dataset|foodseg103,chocolate,annotation_category_review,source_decision:HOLD_LICENSE_OR_DUPLICATE,detection_below_accept_threshold
bread_sourdough,hold_more_data,False,,400,408,200,204,2,1,food_recognition_2022|food_recognition_2022_dataset,food_recognition_2022_dataset,bread-sourdough,annotation_category_review,source_decision:HOLD_LICENSE_OR_DUPLICATE,detection_below_accept_threshold
cake_chocolate,hold_more_data,False,,400,416,200,208,2,1,food_recognition_2022|food_recognition_2022_dataset,food_recognition_2022_dataset,cake-chocolate,annotation_category_review,source_decision:HOLD_LICENSE_OR_DUPLICATE,detection_below_accept_threshold
cappuccino,hold_more_data,False,,398,468,199,234,2,1,food_recognition_2022|food_recognition_2022_dataset,food_recognition_2022_dataset,cappuccino,annotation_category_review,source_decision:HOLD_LICENSE_OR_DUPLICATE,detection_below_accept_threshold
balsamic_salad_dressing,hold_more_data,False,,396,406,198,203,2,1,food_recognition_2022|food_recognition_2022_dataset,food_recognition_2022_dataset,balsamic-salad-dressing,annotation_category_review,source_decision:HOLD_LICENSE_OR_DUPLICATE,detection_below_accept_threshold
biscuits,hold_more_data,False,,396,408,198,204,2,1,food_recognition_2022|food_recognition_2022_dataset,food_recognition_2022_dataset,biscuits,annotation_category_review,source_decision:HOLD_LICENSE_OR_DUPLICATE,detection_below_accept_threshold
bread_french_white_flour,hold_more_data,False,,396,424,198,212,2,1,food_recognition_2022|food_recognition_2022_dataset,food_recognition_2022_dataset,bread-french-white-flour,annotation_category_review,source_decision:HOLD_LICENSE_OR_DUPLICATE,detection_below_accept_threshold
dried_meat,hold_more_data,False,,396,406,198,203,2,1,food_recognition_2022|food_recognition_2022_dataset,food_recognition_2022_dataset,dried-meat,annotation_category_review,source_decision:HOLD_LICENSE_OR_DUPLICATE,detection_below_accept_threshold
raspberries,hold_more_data,False,,396,408,198,204,2,1,food_recognition_2022|food_recognition_2022_dataset,food_recognition_2022_dataset,raspberries,annotation_category_review,source_decision:HOLD_LICENSE_OR_DUPLICATE,detection_below_accept_threshold
quinoa,hold_more_data,False,,394,402,197,201,2,1,food_recognition_2022|food_recognition_2022_dataset,food_recognition_2022_dataset,quinoa,annotation_category_review,source_decision:HOLD_LICENSE_OR_DUPLICATE,detection_below_accept_threshold
french_salad_dressing,hold_more_data,False,,392,398,196,199,2,1,food_recognition_2022|food_recognition_2022_dataset,food_recognition_2022_dataset,french-salad-dressing,annotation_category_review,source_decision:HOLD_LICENSE_OR_DUPLICATE,detection_below_accept_threshold
chickpeas,hold_more_data,False,,390,402,195,201,2,1,food_recognition_2022|food_recognition_2022_dataset,food_recognition_2022_dataset,chickpeas,annotation_category_review,source_decision:HOLD_LICENSE_OR_DUPLICATE,detection_below_accept_threshold
fennel,hold_more_data,False,,390,398,195,199,2,1,food_recognition_2022|food_recognition_2022_dataset,food_recognition_2022_dataset,fennel,annotation_category_review,source_decision:HOLD_LICENSE_OR_DUPLICATE,detection_below_accept_threshold
beetroot_steamed_without_addition_of_salt,hold_more_data,False,,388,388,194,194,2,1,food_recognition_2022|food_recognition_2022_dataset,food_recognition_2022_dataset,beetroot-steamed-without-addition-of-salt,annotation_category_review,source_decision:HOLD_LICENSE_OR_DUPLICATE,detection_below_accept_threshold
tea_black,hold_more_data,False,,378,458,189,229,2,1,food_recognition_2022|food_recognition_2022_dataset,food_recognition_2022_dataset,tea-black,annotation_category_review,source_decision:HOLD_LICENSE_OR_DUPLICATE,detection_below_accept_threshold
peach,hold_more_data,False,,277,295,184,193,3,2,food_recognition_2022|food_recognition_2022_dataset|foodseg103,food_recognition_2022_dataset|foodseg103,peach,annotation_category_review,source_decision:HOLD_LICENSE_OR_DUPLICATE,detection_below_accept_threshold
green_olives,hold_more_data,False,,362,364,181,182,2,1,food_recognition_2022|food_recognition_2022_dataset,food_recognition_2022_dataset,green-olives,annotation_category_review,source_decision:HOLD_LICENSE_OR_DUPLICATE,detection_below_accept_threshold
green_asparagus,hold_more_data,False,,356,362,178,181,2,1,food_recognition_2022|food_recognition_2022_dataset,food_recognition_2022_dataset,green-asparagus,annotation_category_review,source_decision:HOLD_LICENSE_OR_DUPLICATE,detection_below_accept_threshold
semi_hard_cheese,hold_more_data,False,,352,358,176,179,2,1,food_recognition_2022|food_recognition_2022_dataset,food_recognition_2022_dataset,semi-hard-cheese,annotation_category_review,source_decision:HOLD_LICENSE_OR_DUPLICATE,detection_below_accept_threshold
pasta_twist,hold_more_data,False,,348,354,174,177,2,1,food_recognition_2022|food_recognition_2022_dataset,food_recognition_2022_dataset,pasta-twist,annotation_category_review,source_decision:HOLD_LICENSE_OR_DUPLICATE,detection_below_accept_threshold
risotto_without_cheese_cooked,hold_more_data,False,,344,356,172,178,2,1,food_recognition_2022|food_recognition_2022_dataset,food_recognition_2022_dataset,risotto-without-cheese-cooked,annotation_category_review,source_decision:HOLD_LICENSE_OR_DUPLICATE,detection_below_accept_threshold
mushrooms,hold_more_data,False,,342,352,171,176,2,1,food_recognition_2022|food_recognition_2022_dataset,food_recognition_2022_dataset,mushrooms,annotation_category_review,source_decision:HOLD_LICENSE_OR_DUPLICATE,detection_below_accept_threshold
sugar_melon,hold_more_data,False,,342,356,171,178,2,1,food_recognition_2022|food_recognition_2022_dataset,food_recognition_2022_dataset,sugar-melon,annotation_category_review,source_decision:HOLD_LICENSE_OR_DUPLICATE,detection_below_accept_threshold
salad_lambs_ear,hold_more_data,False,,340,348,170,174,2,1,food_recognition_2022|food_recognition_2022_dataset,food_recognition_2022_dataset,salad-lambs-ear,annotation_category_review,source_decision:HOLD_LICENSE_OR_DUPLICATE,detection_below_accept_threshold
bacon_frying,hold_more_data,False,,336,338,168,169,2,1,food_recognition_2022|food_recognition_2022_dataset,food_recognition_2022_dataset,bacon-frying,annotation_category_review,source_decision:HOLD_LICENSE_OR_DUPLICATE,detection_below_accept_threshold
crepe_plain,hold_more_data,False,,326,366,163,183,2,1,food_recognition_2022|food_recognition_2022_dataset,food_recognition_2022_dataset,crepe-plain,annotation_category_review,source_decision:HOLD_LICENSE_OR_DUPLICATE,detection_below_accept_threshold
egg_scrambled_prepared,hold_more_data,False,,324,324,162,162,2,1,food_recognition_2022|food_recognition_2022_dataset,food_recognition_2022_dataset,egg-scrambled-prepared,annotation_category_review,source_decision:HOLD_LICENSE_OR_DUPLICATE,detection_below_accept_threshold
mango,hold_more_data,False,,265,267,160,161,3,2,food_recognition_2022|food_recognition_2022_dataset|foodseg103,food_recognition_2022_dataset|foodseg103,mango,annotation_category_review,source_decision:HOLD_LICENSE_OR_DUPLICATE,detection_below_accept_threshold
hamburger_bread_meat_ketchup,hold_more_data,False,,316,326,158,163,2,1,food_recognition_2022|food_recognition_2022_dataset,food_recognition_2022_dataset,hamburger-bread-meat-ketchup,annotation_category_review,source_decision:HOLD_LICENSE_OR_DUPLICATE,detection_below_accept_threshold
grape,hold_more_data,False,,158,158,158,158,1,1,foodseg103,foodseg103,grape,segmentation_or_mask,,detection_below_accept_threshold
birchermuesli_prepared_no_sugar_added,hold_more_data,False,,308,324,154,162,2,1,food_recognition_2022|food_recognition_2022_dataset,food_recognition_2022_dataset,birchermuesli-prepared-no-sugar-added,annotation_category_review,source_decision:HOLD_LICENSE_OR_DUPLICATE,detection_below_accept_threshold
mashed_potatoes_prepared_with_full_fat_milk_with_butter,hold_more_data,False,,308,310,154,155,2,1,food_recognition_2022|food_recognition_2022_dataset,food_recognition_2022_dataset,mashed-potatoes-prepared-with-full-fat-milk-with-butter,annotation_category_review,source_decision:HOLD_LICENSE_OR_DUPLICATE,detection_below_accept_threshold
ratatouille,hold_more_data,False,,304,308,152,154,2,1,food_recognition_2022|food_recognition_2022_dataset,food_recognition_2022_dataset,ratatouille,annotation_category_review,source_decision:HOLD_LICENSE_OR_DUPLICATE,detection_below_accept_threshold
salad_dressing,hold_more_data,False,,302,302,151,151,2,1,food_recognition_2022|food_recognition_2022_dataset,food_recognition_2022_dataset,salad-dressing,annotation_category_review,source_decision:HOLD_LICENSE_OR_DUPLICATE,detection_below_accept_threshold
protein,hold_generic_label,False,,5214,10096,5214,10096,1,1,nutrition_dataset_yolo,nutrition_dataset_yolo,protein,yolo_detection,,generic_or_bucket_label
karbohidrat,hold_generic_label,False,,5177,8982,5177,8982,1,1,nutrition_dataset_yolo,nutrition_dataset_yolo,karbohidrat,yolo_detection,,generic_or_bucket_label
sayur,hold_generic_label,False,,5062,16574,5062,16574,1,1,nutrition_dataset_yolo,nutrition_dataset_yolo,sayur,yolo_detection,,generic_or_bucket_label
buah,hold_generic_label,False,,2309,6081,2309,6081,1,1,nutrition_dataset_yolo,nutrition_dataset_yolo,buah,yolo_detection,,generic_or_bucket_label
minuman,hold_generic_label,False,,1900,2533,1900,2533,1,1,nutrition_dataset_yolo,nutrition_dataset_yolo,minuman,yolo_detection,,generic_or_bucket_label
water,hold_manual_mapping,False,,6004,10720,3002,5360,2,1,food_recognition_2022|food_recognition_2022_dataset,food_recognition_2022_dataset,water,annotation_category_review,source_decision:HOLD_LICENSE_OR_DUPLICATE,better_as_nutrition_mapping_than_detector_class
butter,hold_manual_mapping,False,,3284,3424,1642,1712,2,1,food_recognition_2022|food_recognition_2022_dataset,food_recognition_2022_dataset,butter,annotation_category_review,source_decision:HOLD_LICENSE_OR_DUPLICATE,better_as_nutrition_mapping_than_detector_class
coffee_with_caffeine,hold_manual_mapping,False,,2866,4036,1433,2018,2,1,food_recognition_2022|food_recognition_2022_dataset,food_recognition_2022_dataset,coffee-with-caffeine,annotation_category_review,source_decision:HOLD_LICENSE_OR_DUPLICATE,better_as_nutrition_mapping_than_detector_class
sauce,hold_manual_mapping,False,,1145,1145,1145,1145,1,1,foodseg103,foodseg103,sauce,segmentation_or_mask,,better_as_nutrition_mapping_than_detector_class
jam,hold_manual_mapping,False,,1636,1748,818,874,2,1,food_recognition_2022|food_recognition_2022_dataset,food_recognition_2022_dataset,jam,annotation_category_review,source_decision:HOLD_LICENSE_OR_DUPLICATE,better_as_nutrition_mapping_than_detector_class
wine_red,hold_manual_mapping,False,,1472,1752,736,876,2,1,food_recognition_2022|food_recognition_2022_dataset,food_recognition_2022_dataset,wine-red,annotation_category_review,source_decision:HOLD_LICENSE_OR_DUPLICATE,better_as_nutrition_mapping_than_detector_class
espresso_with_caffeine,hold_manual_mapping,False,,1122,1418,561,709,2,1,food_recognition_2022|food_recognition_2022_dataset,food_recognition_2022_dataset,espresso-with-caffeine,annotation_category_review,source_decision:HOLD_LICENSE_OR_DUPLICATE,better_as_nutrition_mapping_than_detector_class
hard_cheese,hold_manual_mapping,False,,1118,1150,559,575,2,1,food_recognition_2022|food_recognition_2022_dataset,food_recognition_2022_dataset,hard-cheese,annotation_category_review,source_decision:HOLD_LICENSE_OR_DUPLICATE,better_as_nutrition_mapping_than_detector_class
tea,hold_manual_mapping,False,,1076,1248,553,639,3,2,food_recognition_2022|food_recognition_2022_dataset|foodseg103,food_recognition_2022_dataset|foodseg103,tea,annotation_category_review,source_decision:HOLD_LICENSE_OR_DUPLICATE,better_as_nutrition_mapping_than_detector_class
mixed_salad_chopped_without_sauce,hold_manual_mapping,False,,1020,1034,510,517,2,1,food_recognition_2022|food_recognition_2022_dataset,food_recognition_2022_dataset,mixed-salad-chopped-without-sauce,annotation_category_review,source_decision:HOLD_LICENSE_OR_DUPLICATE,better_as_nutrition_mapping_than_detector_class
white_coffee_with_caffeine,hold_manual_mapping,False,,974,1100,487,550,2,1,food_recognition_2022|food_recognition_2022_dataset,food_recognition_2022_dataset,white-coffee-with-caffeine,annotation_category_review,source_decision:HOLD_LICENSE_OR_DUPLICATE,better_as_nutrition_mapping_than_detector_class
tomato_sauce,hold_manual_mapping,False,,940,958,470,479,2,1,food_recognition_2022|food_recognition_2022_dataset,food_recognition_2022_dataset,tomato-sauce,annotation_category_review,source_decision:HOLD_LICENSE_OR_DUPLICATE,better_as_nutrition_mapping_than_detector_class
wine_white,hold_manual_mapping,False,,876,1016,438,508,2,1,food_recognition_2022|food_recognition_2022_dataset,food_recognition_2022_dataset,wine-white,annotation_category_review,source_decision:HOLD_LICENSE_OR_DUPLICATE,better_as_nutrition_mapping_than_detector_class
cheese_butter,hold_manual_mapping,False,,396,396,396,396,1,1,foodseg103,foodseg103,cheese butter,segmentation_or_mask,,better_as_nutrition_mapping_than_detector_class
honey,hold_manual_mapping,False,,790,816,395,408,2,1,food_recognition_2022|food_recognition_2022_dataset,food_recognition_2022_dataset,honey,annotation_category_review,source_decision:HOLD_LICENSE_OR_DUPLICATE,better_as_nutrition_mapping_than_detector_class
parmesan,hold_manual_mapping,False,,780,796,390,398,2,1,food_recognition_2022|food_recognition_2022_dataset,food_recognition_2022_dataset,parmesan,annotation_category_review,source_decision:HOLD_LICENSE_OR_DUPLICATE,better_as_nutrition_mapping_than_detector_class
milk,hold_manual_mapping,False,,481,487,277,280,3,2,food_recognition_2022|food_recognition_2022_dataset|foodseg103,food_recognition_2022_dataset|foodseg103,milk,annotation_category_review,source_decision:HOLD_LICENSE_OR_DUPLICATE,better_as_nutrition_mapping_than_detector_class
sauce_cream,hold_manual_mapping,False,,416,426,208,213,2,1,food_recognition_2022|food_recognition_2022_dataset,food_recognition_2022_dataset,sauce-cream,annotation_category_review,source_decision:HOLD_LICENSE_OR_DUPLICATE,better_as_nutrition_mapping_than_detector_class
coffee,hold_manual_mapping,False,,184,184,184,184,1,1,foodseg103,foodseg103,coffee,segmentation_or_mask,,better_as_nutrition_mapping_than_detector_class
juice,hold_manual_mapping,False,,183,183,183,183,1,1,foodseg103,foodseg103,juice,segmentation_or_mask,,better_as_nutrition_mapping_than_detector_class
sauce_savoury,hold_manual_mapping,False,,306,306,153,153,2,1,food_recognition_2022|food_recognition_2022_dataset,food_recognition_2022_dataset,sauce-savoury,annotation_category_review,source_decision:HOLD_LICENSE_OR_DUPLICATE,better_as_nutrition_mapping_than_detector_class
bolognaise_sauce,hold_manual_mapping,False,,274,282,137,141,2,1,food_recognition_2022|food_recognition_2022_dataset,food_recognition_2022_dataset,bolognaise-sauce,annotation_category_review,source_decision:HOLD_LICENSE_OR_DUPLICATE,better_as_nutrition_mapping_than_detector_class
wine,hold_manual_mapping,False,,137,137,137,137,1,1,foodseg103,foodseg103,wine,segmentation_or_mask,,better_as_nutrition_mapping_than_detector_class
sauce_pesto,hold_manual_mapping,False,,248,262,124,131,2,1,food_recognition_2022|food_recognition_2022_dataset,food_recognition_2022_dataset,sauce-pesto,annotation_category_review,source_decision:HOLD_LICENSE_OR_DUPLICATE,better_as_nutrition_mapping_than_detector_class
sauce_roast,hold_manual_mapping,False,,240,246,120,123,2,1,food_recognition_2022|food_recognition_2022_dataset,food_recognition_2022_dataset,sauce-roast,annotation_category_review,source_decision:HOLD_LICENSE_OR_DUPLICATE,better_as_nutrition_mapping_than_detector_class
milkshake,hold_manual_mapping,False,,107,107,107,107,1,1,foodseg103,foodseg103,milkshake,segmentation_or_mask,,better_as_nutrition_mapping_than_detector_class
wine_rose,hold_manual_mapping,False,,182,212,91,106,2,1,food_recognition_2022|food_recognition_2022_dataset,food_recognition_2022_dataset,wine-rose,annotation_category_review,source_decision:HOLD_LICENSE_OR_DUPLICATE,better_as_nutrition_mapping_than_detector_class
applesauce_unsweetened_canned,hold_manual_mapping,False,,158,170,79,85,2,1,food_recognition_2022|food_recognition_2022_dataset,food_recognition_2022_dataset,applesauce-unsweetened-canned,annotation_category_review,source_decision:HOLD_LICENSE_OR_DUPLICATE,better_as_nutrition_mapping_than_detector_class
sauce_soya,hold_manual_mapping,False,,124,130,62,65,2,1,food_recognition_2022|food_recognition_2022_dataset,food_recognition_2022_dataset,sauce-soya,annotation_category_review,source_decision:HOLD_LICENSE_OR_DUPLICATE,better_as_nutrition_mapping_than_detector_class
sauce_mushroom,hold_manual_mapping,False,,116,116,58,58,2,1,food_recognition_2022|food_recognition_2022_dataset,food_recognition_2022_dataset,sauce-mushroom,annotation_category_review,source_decision:HOLD_LICENSE_OR_DUPLICATE,better_as_nutrition_mapping_than_detector_class
sauce_curry,hold_manual_mapping,False,,104,106,52,53,2,1,food_recognition_2022|food_recognition_2022_dataset,food_recognition_2022_dataset,sauce-curry,annotation_category_review,source_decision:HOLD_LICENSE_OR_DUPLICATE,better_as_nutrition_mapping_than_detector_class
sauce_cocktail,hold_manual_mapping,False,,84,84,42,42,2,1,food_recognition_2022|food_recognition_2022_dataset,food_recognition_2022_dataset,sauce-cocktail,annotation_category_review,source_decision:HOLD_LICENSE_OR_DUPLICATE,better_as_nutrition_mapping_than_detector_class
sauce_sweet_sour,hold_manual_mapping,False,,78,80,39,40,2,1,food_recognition_2022|food_recognition_2022_dataset,food_recognition_2022_dataset,sauce-sweet-sour,annotation_category_review,source_decision:HOLD_LICENSE_OR_DUPLICATE,better_as_nutrition_mapping_than_detector_class
tartar_sauce,hold_manual_mapping,False,,76,76,38,38,2,1,food_recognition_2022|food_recognition_2022_dataset,food_recognition_2022_dataset,tartar-sauce,annotation_category_review,source_decision:HOLD_LICENSE_OR_DUPLICATE,better_as_nutrition_mapping_than_detector_class
coleslaw_chopped_without_sauce,hold_manual_mapping,False,,72,74,36,37,2,1,food_recognition_2022|food_recognition_2022_dataset,food_recognition_2022_dataset,coleslaw-chopped-without-sauce,annotation_category_review,source_decision:HOLD_LICENSE_OR_DUPLICATE,better_as_nutrition_mapping_than_detector_class
sauce_carbonara,hold_manual_mapping,False,,70,74,35,37,2,1,food_recognition_2022|food_recognition_2022_dataset,food_recognition_2022_dataset,sauce-carbonara,annotation_category_review,source_decision:HOLD_LICENSE_OR_DUPLICATE,better_as_nutrition_mapping_than_detector_class
sauce_sweet_salted_asian,hold_manual_mapping,False,,66,66,33,33,2,1,food_recognition_2022|food_recognition_2022_dataset,food_recognition_2022_dataset,sauce-sweet-salted-asian,annotation_category_review,source_decision:HOLD_LICENSE_OR_DUPLICATE,better_as_nutrition_mapping_than_detector_class
bread_meat_substitute_lettuce_sauce,hold_manual_mapping,False,,60,60,30,30,2,1,food_recognition_2022|food_recognition_2022_dataset,food_recognition_2022_dataset,bread-meat-substitute-lettuce-sauce,annotation_category_review,source_decision:HOLD_LICENSE_OR_DUPLICATE,better_as_nutrition_mapping_than_detector_class
coffee_decaffeinated,hold_manual_mapping,False,,58,66,29,33,2,1,food_recognition_2022|food_recognition_2022_dataset,food_recognition_2022_dataset,coffee-decaffeinated,annotation_category_review,source_decision:HOLD_LICENSE_OR_DUPLICATE,better_as_nutrition_mapping_than_detector_class
waffles,hold_private_or_license,False,,1582,1700,0,0,2,0,food41|junk_food_object_detection_dataset_yolo_format,,waffles,classification_pseudo_box_review,source_decision:HOLD_CLASSIFICATION_ONLY|source_decision:HOLD_OVERLAP_ONLY,no_default_training_source
banh_hoi,hold_private_or_license,False,,1517,1517,0,0,1,0,vnfood_30_100,,banh-hoi,classification_pseudo_box_review,private_or_noncommercial_license:cc-by-nc-sa-4.0,no_default_training_source
nachos,hold_private_or_license,False,,1500,1500,0,0,2,0,food41|junk_food_object_detection_dataset_yolo_format,,Nachos|nachos,classification_pseudo_box_review,source_decision:HOLD_CLASSIFICATION_ONLY|source_decision:HOLD_OVERLAP_ONLY,no_default_training_source
000,hold_private_or_license,False,,1198,1198,0,0,1,0,chinesefoodnet,,000,classification_pseudo_box_review,source_decision:HOLD_LICENSE_AND_SIZE,no_default_training_source
005,hold_private_or_license,False,,1198,1198,0,0,1,0,chinesefoodnet,,005,classification_pseudo_box_review,source_decision:HOLD_LICENSE_AND_SIZE,no_default_training_source
006,hold_private_or_license,False,,1198,1198,0,0,1,0,chinesefoodnet,,006,classification_pseudo_box_review,source_decision:HOLD_LICENSE_AND_SIZE,no_default_training_source
009,hold_private_or_license,False,,1198,1198,0,0,1,0,chinesefoodnet,,009,classification_pseudo_box_review,source_decision:HOLD_LICENSE_AND_SIZE,no_default_training_source
010,hold_private_or_license,False,,1198,1198,0,0,1,0,chinesefoodnet,,010,classification_pseudo_box_review,source_decision:HOLD_LICENSE_AND_SIZE,no_default_training_source
011,hold_private_or_license,False,,1198,1198,0,0,1,0,chinesefoodnet,,011,classification_pseudo_box_review,source_decision:HOLD_LICENSE_AND_SIZE,no_default_training_source
013,hold_private_or_license,False,,1198,1198,0,0,1,0,chinesefoodnet,,013,classification_pseudo_box_review,source_decision:HOLD_LICENSE_AND_SIZE,no_default_training_source
015,hold_private_or_license,False,,1198,1198,0,0,1,0,chinesefoodnet,,015,classification_pseudo_box_review,source_decision:HOLD_LICENSE_AND_SIZE,no_default_training_source
016,hold_private_or_license,False,,1198,1198,0,0,1,0,chinesefoodnet,,016,classification_pseudo_box_review,source_decision:HOLD_LICENSE_AND_SIZE,no_default_training_source
017,hold_private_or_license,False,,1198,1198,0,0,1,0,chinesefoodnet,,017,classification_pseudo_box_review,source_decision:HOLD_LICENSE_AND_SIZE,no_default_training_source
018,hold_private_or_license,False,,1198,1198,0,0,1,0,chinesefoodnet,,018,classification_pseudo_box_review,source_decision:HOLD_LICENSE_AND_SIZE,no_default_training_source
020,hold_private_or_license,False,,1198,1198,0,0,1,0,chinesefoodnet,,020,classification_pseudo_box_review,source_decision:HOLD_LICENSE_AND_SIZE,no_default_training_source
022,hold_private_or_license,False,,1198,1198,0,0,1,0,chinesefoodnet,,022,classification_pseudo_box_review,source_decision:HOLD_LICENSE_AND_SIZE,no_default_training_source
023,hold_private_or_license,False,,1198,1198,0,0,1,0,chinesefoodnet,,023,classification_pseudo_box_review,source_decision:HOLD_LICENSE_AND_SIZE,no_default_training_source
025,hold_private_or_license,False,,1198,1198,0,0,1,0,chinesefoodnet,,025,classification_pseudo_box_review,source_decision:HOLD_LICENSE_AND_SIZE,no_default_training_source
026,hold_private_or_license,False,,1198,1198,0,0,1,0,chinesefoodnet,,026,classification_pseudo_box_review,source_decision:HOLD_LICENSE_AND_SIZE,no_default_training_source
028,hold_private_or_license,False,,1198,1198,0,0,1,0,chinesefoodnet,,028,classification_pseudo_box_review,source_decision:HOLD_LICENSE_AND_SIZE,no_default_training_source
032,hold_private_or_license,False,,1198,1198,0,0,1,0,chinesefoodnet,,032,classification_pseudo_box_review,source_decision:HOLD_LICENSE_AND_SIZE,no_default_training_source
033,hold_private_or_license,False,,1198,1198,0,0,1,0,chinesefoodnet,,033,classification_pseudo_box_review,source_decision:HOLD_LICENSE_AND_SIZE,no_default_training_source
038,hold_private_or_license,False,,1198,1198,0,0,1,0,chinesefoodnet,,038,classification_pseudo_box_review,source_decision:HOLD_LICENSE_AND_SIZE,no_default_training_source
043,hold_private_or_license,False,,1198,1198,0,0,1,0,chinesefoodnet,,043,classification_pseudo_box_review,source_decision:HOLD_LICENSE_AND_SIZE,no_default_training_source
050,hold_private_or_license,False,,1198,1198,0,0,1,0,chinesefoodnet,,050,classification_pseudo_box_review,source_decision:HOLD_LICENSE_AND_SIZE,no_default_training_source
053,hold_private_or_license,False,,1198,1198,0,0,1,0,chinesefoodnet,,053,classification_pseudo_box_review,source_decision:HOLD_LICENSE_AND_SIZE,no_default_training_source
054,hold_private_or_license,False,,1198,1198,0,0,1,0,chinesefoodnet,,054,classification_pseudo_box_review,source_decision:HOLD_LICENSE_AND_SIZE,no_default_training_source
058,hold_private_or_license,False,,1198,1198,0,0,1,0,chinesefoodnet,,058,classification_pseudo_box_review,source_decision:HOLD_LICENSE_AND_SIZE,no_default_training_source
060,hold_private_or_license,False,,1198,1198,0,0,1,0,chinesefoodnet,,060,classification_pseudo_box_review,source_decision:HOLD_LICENSE_AND_SIZE,no_default_training_source
061,hold_private_or_license,False,,1198,1198,0,0,1,0,chinesefoodnet,,061,classification_pseudo_box_review,source_decision:HOLD_LICENSE_AND_SIZE,no_default_training_source
062,hold_private_or_license,False,,1198,1198,0,0,1,0,chinesefoodnet,,062,classification_pseudo_box_review,source_decision:HOLD_LICENSE_AND_SIZE,no_default_training_source
066,hold_private_or_license,False,,1198,1198,0,0,1,0,chinesefoodnet,,066,classification_pseudo_box_review,source_decision:HOLD_LICENSE_AND_SIZE,no_default_training_source
068,hold_private_or_license,False,,1198,1198,0,0,1,0,chinesefoodnet,,068,classification_pseudo_box_review,source_decision:HOLD_LICENSE_AND_SIZE,no_default_training_source
070,hold_private_or_license,False,,1198,1198,0,0,1,0,chinesefoodnet,,070,classification_pseudo_box_review,source_decision:HOLD_LICENSE_AND_SIZE,no_default_training_source
071,hold_private_or_license,False,,1198,1198,0,0,1,0,chinesefoodnet,,071,classification_pseudo_box_review,source_decision:HOLD_LICENSE_AND_SIZE,no_default_training_source
073,hold_private_or_license,False,,1198,1198,0,0,1,0,chinesefoodnet,,073,classification_pseudo_box_review,source_decision:HOLD_LICENSE_AND_SIZE,no_default_training_source
077,hold_private_or_license,False,,1198,1198,0,0,1,0,chinesefoodnet,,077,classification_pseudo_box_review,source_decision:HOLD_LICENSE_AND_SIZE,no_default_training_source
079,hold_private_or_license,False,,1198,1198,0,0,1,0,chinesefoodnet,,079,classification_pseudo_box_review,source_decision:HOLD_LICENSE_AND_SIZE,no_default_training_source
081,hold_private_or_license,False,,1198,1198,0,0,1,0,chinesefoodnet,,081,classification_pseudo_box_review,source_decision:HOLD_LICENSE_AND_SIZE,no_default_training_source
084,hold_private_or_license,False,,1198,1198,0,0,1,0,chinesefoodnet,,084,classification_pseudo_box_review,source_decision:HOLD_LICENSE_AND_SIZE,no_default_training_source
086,hold_private_or_license,False,,1198,1198,0,0,1,0,chinesefoodnet,,086,classification_pseudo_box_review,source_decision:HOLD_LICENSE_AND_SIZE,no_default_training_source
087,hold_private_or_license,False,,1198,1198,0,0,1,0,chinesefoodnet,,087,classification_pseudo_box_review,source_decision:HOLD_LICENSE_AND_SIZE,no_default_training_source
089,hold_private_or_license,False,,1198,1198,0,0,1,0,chinesefoodnet,,089,classification_pseudo_box_review,source_decision:HOLD_LICENSE_AND_SIZE,no_default_training_source
090,hold_private_or_license,False,,1198,1198,0,0,1,0,chinesefoodnet,,090,classification_pseudo_box_review,source_decision:HOLD_LICENSE_AND_SIZE,no_default_training_source
092,hold_private_or_license,False,,1198,1198,0,0,1,0,chinesefoodnet,,092,classification_pseudo_box_review,source_decision:HOLD_LICENSE_AND_SIZE,no_default_training_source
093,hold_private_or_license,False,,1198,1198,0,0,1,0,chinesefoodnet,,093,classification_pseudo_box_review,source_decision:HOLD_LICENSE_AND_SIZE,no_default_training_source
094,hold_private_or_license,False,,1198,1198,0,0,1,0,chinesefoodnet,,094,classification_pseudo_box_review,source_decision:HOLD_LICENSE_AND_SIZE,no_default_training_source
096,hold_private_or_license,False,,1198,1198,0,0,1,0,chinesefoodnet,,096,classification_pseudo_box_review,source_decision:HOLD_LICENSE_AND_SIZE,no_default_training_source
097,hold_private_or_license,False,,1198,1198,0,0,1,0,chinesefoodnet,,097,classification_pseudo_box_review,source_decision:HOLD_LICENSE_AND_SIZE,no_default_training_source
106,hold_private_or_license,False,,1198,1198,0,0,1,0,chinesefoodnet,,106,classification_pseudo_box_review,source_decision:HOLD_LICENSE_AND_SIZE,no_default_training_source
107,hold_private_or_license,False,,1198,1198,0,0,1,0,chinesefoodnet,,107,classification_pseudo_box_review,source_decision:HOLD_LICENSE_AND_SIZE,no_default_training_source
110,hold_private_or_license,False,,1198,1198,0,0,1,0,chinesefoodnet,,110,classification_pseudo_box_review,source_decision:HOLD_LICENSE_AND_SIZE,no_default_training_source
113,hold_private_or_license,False,,1198,1198,0,0,1,0,chinesefoodnet,,113,classification_pseudo_box_review,source_decision:HOLD_LICENSE_AND_SIZE,no_default_training_source
114,hold_private_or_license,False,,1198,1198,0,0,1,0,chinesefoodnet,,114,classification_pseudo_box_review,source_decision:HOLD_LICENSE_AND_SIZE,no_default_training_source
116,hold_private_or_license,False,,1198,1198,0,0,1,0,chinesefoodnet,,116,classification_pseudo_box_review,source_decision:HOLD_LICENSE_AND_SIZE,no_default_training_source
118,hold_private_or_license,False,,1198,1198,0,0,1,0,chinesefoodnet,,118,classification_pseudo_box_review,source_decision:HOLD_LICENSE_AND_SIZE,no_default_training_source
125,hold_private_or_license,False,,1198,1198,0,0,1,0,chinesefoodnet,,125,classification_pseudo_box_review,source_decision:HOLD_LICENSE_AND_SIZE,no_default_training_source
130,hold_private_or_license,False,,1198,1198,0,0,1,0,chinesefoodnet,,130,classification_pseudo_box_review,source_decision:HOLD_LICENSE_AND_SIZE,no_default_training_source
131,hold_private_or_license,False,,1198,1198,0,0,1,0,chinesefoodnet,,131,classification_pseudo_box_review,source_decision:HOLD_LICENSE_AND_SIZE,no_default_training_source
132,hold_private_or_license,False,,1198,1198,0,0,1,0,chinesefoodnet,,132,classification_pseudo_box_review,source_decision:HOLD_LICENSE_AND_SIZE,no_default_training_source
134,hold_private_or_license,False,,1198,1198,0,0,1,0,chinesefoodnet,,134,classification_pseudo_box_review,source_decision:HOLD_LICENSE_AND_SIZE,no_default_training_source
135,hold_private_or_license,False,,1198,1198,0,0,1,0,chinesefoodnet,,135,classification_pseudo_box_review,source_decision:HOLD_LICENSE_AND_SIZE,no_default_training_source
137,hold_private_or_license,False,,1198,1198,0,0,1,0,chinesefoodnet,,137,classification_pseudo_box_review,source_decision:HOLD_LICENSE_AND_SIZE,no_default_training_source
139,hold_private_or_license,False,,1198,1198,0,0,1,0,chinesefoodnet,,139,classification_pseudo_box_review,source_decision:HOLD_LICENSE_AND_SIZE,no_default_training_source
142,hold_private_or_license,False,,1198,1198,0,0,1,0,chinesefoodnet,,142,classification_pseudo_box_review,source_decision:HOLD_LICENSE_AND_SIZE,no_default_training_source
143,hold_private_or_license,False,,1198,1198,0,0,1,0,chinesefoodnet,,143,classification_pseudo_box_review,source_decision:HOLD_LICENSE_AND_SIZE,no_default_training_source
144,hold_private_or_license,False,,1198,1198,0,0,1,0,chinesefoodnet,,144,classification_pseudo_box_review,source_decision:HOLD_LICENSE_AND_SIZE,no_default_training_source
145,hold_private_or_license,False,,1198,1198,0,0,1,0,chinesefoodnet,,145,classification_pseudo_box_review,source_decision:HOLD_LICENSE_AND_SIZE,no_default_training_source
146,hold_private_or_license,False,,1198,1198,0,0,1,0,chinesefoodnet,,146,classification_pseudo_box_review,source_decision:HOLD_LICENSE_AND_SIZE,no_default_training_source
147,hold_private_or_license,False,,1198,1198,0,0,1,0,chinesefoodnet,,147,classification_pseudo_box_review,source_decision:HOLD_LICENSE_AND_SIZE,no_default_training_source
148,hold_private_or_license,False,,1198,1198,0,0,1,0,chinesefoodnet,,148,classification_pseudo_box_review,source_decision:HOLD_LICENSE_AND_SIZE,no_default_training_source
149,hold_private_or_license,False,,1198,1198,0,0,1,0,chinesefoodnet,,149,classification_pseudo_box_review,source_decision:HOLD_LICENSE_AND_SIZE,no_default_training_source
151,hold_private_or_license,False,,1198,1198,0,0,1,0,chinesefoodnet,,151,classification_pseudo_box_review,source_decision:HOLD_LICENSE_AND_SIZE,no_default_training_source
152,hold_private_or_license,False,,1198,1198,0,0,1,0,chinesefoodnet,,152,classification_pseudo_box_review,source_decision:HOLD_LICENSE_AND_SIZE,no_default_training_source
154,hold_private_or_license,False,,1198,1198,0,0,1,0,chinesefoodnet,,154,classification_pseudo_box_review,source_decision:HOLD_LICENSE_AND_SIZE,no_default_training_source
155,hold_private_or_license,False,,1198,1198,0,0,1,0,chinesefoodnet,,155,classification_pseudo_box_review,source_decision:HOLD_LICENSE_AND_SIZE,no_default_training_source
158,hold_private_or_license,False,,1198,1198,0,0,1,0,chinesefoodnet,,158,classification_pseudo_box_review,source_decision:HOLD_LICENSE_AND_SIZE,no_default_training_source
159,hold_private_or_license,False,,1198,1198,0,0,1,0,chinesefoodnet,,159,classification_pseudo_box_review,source_decision:HOLD_LICENSE_AND_SIZE,no_default_training_source
161,hold_private_or_license,False,,1198,1198,0,0,1,0,chinesefoodnet,,161,classification_pseudo_box_review,source_decision:HOLD_LICENSE_AND_SIZE,no_default_training_source
164,hold_private_or_license,False,,1198,1198,0,0,1,0,chinesefoodnet,,164,classification_pseudo_box_review,source_decision:HOLD_LICENSE_AND_SIZE,no_default_training_source
165,hold_private_or_license,False,,1198,1198,0,0,1,0,chinesefoodnet,,165,classification_pseudo_box_review,source_decision:HOLD_LICENSE_AND_SIZE,no_default_training_source
166,hold_private_or_license,False,,1198,1198,0,0,1,0,chinesefoodnet,,166,classification_pseudo_box_review,source_decision:HOLD_LICENSE_AND_SIZE,no_default_training_source
170,hold_private_or_license,False,,1198,1198,0,0,1,0,chinesefoodnet,,170,classification_pseudo_box_review,source_decision:HOLD_LICENSE_AND_SIZE,no_default_training_source
171,hold_private_or_license,False,,1198,1198,0,0,1,0,chinesefoodnet,,171,classification_pseudo_box_review,source_decision:HOLD_LICENSE_AND_SIZE,no_default_training_source
173,hold_private_or_license,False,,1198,1198,0,0,1,0,chinesefoodnet,,173,classification_pseudo_box_review,source_decision:HOLD_LICENSE_AND_SIZE,no_default_training_source
176,hold_private_or_license,False,,1198,1198,0,0,1,0,chinesefoodnet,,176,classification_pseudo_box_review,source_decision:HOLD_LICENSE_AND_SIZE,no_default_training_source
177,hold_private_or_license,False,,1198,1198,0,0,1,0,chinesefoodnet,,177,classification_pseudo_box_review,source_decision:HOLD_LICENSE_AND_SIZE,no_default_training_source
185,hold_private_or_license,False,,1198,1198,0,0,1,0,chinesefoodnet,,185,classification_pseudo_box_review,source_decision:HOLD_LICENSE_AND_SIZE,no_default_training_source
188,hold_private_or_license,False,,1198,1198,0,0,1,0,chinesefoodnet,,188,classification_pseudo_box_review,source_decision:HOLD_LICENSE_AND_SIZE,no_default_training_source
189,hold_private_or_license,False,,1198,1198,0,0,1,0,chinesefoodnet,,189,classification_pseudo_box_review,source_decision:HOLD_LICENSE_AND_SIZE,no_default_training_source
193,hold_private_or_license,False,,1198,1198,0,0,1,0,chinesefoodnet,,193,classification_pseudo_box_review,source_decision:HOLD_LICENSE_AND_SIZE,no_default_training_source
195,hold_private_or_license,False,,1198,1198,0,0,1,0,chinesefoodnet,,195,classification_pseudo_box_review,source_decision:HOLD_LICENSE_AND_SIZE,no_default_training_source
196,hold_private_or_license,False,,1198,1198,0,0,1,0,chinesefoodnet,,196,classification_pseudo_box_review,source_decision:HOLD_LICENSE_AND_SIZE,no_default_training_source
197,hold_private_or_license,False,,1198,1198,0,0,1,0,chinesefoodnet,,197,classification_pseudo_box_review,source_decision:HOLD_LICENSE_AND_SIZE,no_default_training_source
199,hold_private_or_license,False,,1198,1198,0,0,1,0,chinesefoodnet,,199,classification_pseudo_box_review,source_decision:HOLD_LICENSE_AND_SIZE,no_default_training_source
200,hold_private_or_license,False,,1198,1198,0,0,1,0,chinesefoodnet,,200,classification_pseudo_box_review,source_decision:HOLD_LICENSE_AND_SIZE,no_default_training_source
201,hold_private_or_license,False,,1198,1198,0,0,1,0,chinesefoodnet,,201,classification_pseudo_box_review,source_decision:HOLD_LICENSE_AND_SIZE,no_default_training_source
203,hold_private_or_license,False,,1198,1198,0,0,1,0,chinesefoodnet,,203,classification_pseudo_box_review,source_decision:HOLD_LICENSE_AND_SIZE,no_default_training_source
205,hold_private_or_license,False,,1198,1198,0,0,1,0,chinesefoodnet,,205,classification_pseudo_box_review,source_decision:HOLD_LICENSE_AND_SIZE,no_default_training_source
207,hold_private_or_license,False,,1198,1198,0,0,1,0,chinesefoodnet,,207,classification_pseudo_box_review,source_decision:HOLD_LICENSE_AND_SIZE,no_default_training_source
035,hold_private_or_license,False,,1180,1180,0,0,1,0,chinesefoodnet,,035,classification_pseudo_box_review,source_decision:HOLD_LICENSE_AND_SIZE,no_default_training_source
153,hold_private_or_license,False,,1173,1173,0,0,1,0,chinesefoodnet,,153,classification_pseudo_box_review,source_decision:HOLD_LICENSE_AND_SIZE,no_default_training_source
123,hold_private_or_license,False,,1161,1161,0,0,1,0,chinesefoodnet,,123,classification_pseudo_box_review,source_decision:HOLD_LICENSE_AND_SIZE,no_default_training_source
041,hold_private_or_license,False,,1147,1147,0,0,1,0,chinesefoodnet,,041,classification_pseudo_box_review,source_decision:HOLD_LICENSE_AND_SIZE,no_default_training_source
111,hold_private_or_license,False,,1132,1132,0,0,1,0,chinesefoodnet,,111,classification_pseudo_box_review,source_decision:HOLD_LICENSE_AND_SIZE,no_default_training_source
095,hold_private_or_license,False,,1122,1122,0,0,1,0,chinesefoodnet,,095,classification_pseudo_box_review,source_decision:HOLD_LICENSE_AND_SIZE,no_default_training_source
204,hold_private_or_license,False,,1112,1112,0,0,1,0,chinesefoodnet,,204,classification_pseudo_box_review,source_decision:HOLD_LICENSE_AND_SIZE,no_default_training_source
127,hold_private_or_license,False,,1094,1094,0,0,1,0,chinesefoodnet,,127,classification_pseudo_box_review,source_decision:HOLD_LICENSE_AND_SIZE,no_default_training_source
206,hold_private_or_license,False,,1091,1091,0,0,1,0,chinesefoodnet,,206,classification_pseudo_box_review,source_decision:HOLD_LICENSE_AND_SIZE,no_default_training_source
091,hold_private_or_license,False,,1074,1074,0,0,1,0,chinesefoodnet,,091,classification_pseudo_box_review,source_decision:HOLD_LICENSE_AND_SIZE,no_default_training_source
030,hold_private_or_license,False,,1066,1066,0,0,1,0,chinesefoodnet,,030,classification_pseudo_box_review,source_decision:HOLD_LICENSE_AND_SIZE,no_default_training_source
112,hold_private_or_license,False,,1065,1065,0,0,1,0,chinesefoodnet,,112,classification_pseudo_box_review,source_decision:HOLD_LICENSE_AND_SIZE,no_default_training_source
051,hold_private_or_license,False,,1049,1049,0,0,1,0,chinesefoodnet,,051,classification_pseudo_box_review,source_decision:HOLD_LICENSE_AND_SIZE,no_default_training_source
052,hold_private_or_license,False,,1039,1039,0,0,1,0,chinesefoodnet,,052,classification_pseudo_box_review,source_decision:HOLD_LICENSE_AND_SIZE,no_default_training_source
037,hold_private_or_license,False,,1035,1035,0,0,1,0,chinesefoodnet,,037,classification_pseudo_box_review,source_decision:HOLD_LICENSE_AND_SIZE,no_default_training_source
179,hold_private_or_license,False,,1035,1035,0,0,1,0,chinesefoodnet,,179,classification_pseudo_box_review,source_decision:HOLD_LICENSE_AND_SIZE,no_default_training_source
180,hold_private_or_license,False,,1030,1030,0,0,1,0,chinesefoodnet,,180,classification_pseudo_box_review,source_decision:HOLD_LICENSE_AND_SIZE,no_default_training_source
baby_back_ribs,hold_private_or_license,False,,1000,1000,0,0,1,0,food41,,baby_back_ribs,classification_pseudo_box_review,source_decision:HOLD_CLASSIFICATION_ONLY,no_default_training_source
baklava,hold_private_or_license,False,,1000,1000,0,0,1,0,food41,,baklava,classification_pseudo_box_review,source_decision:HOLD_CLASSIFICATION_ONLY,no_default_training_source
beef_carpaccio,hold_private_or_license,False,,1000,1000,0,0,1,0,food41,,beef_carpaccio,classification_pseudo_box_review,source_decision:HOLD_CLASSIFICATION_ONLY,no_default_training_source
beef_tartare,hold_private_or_license,False,,1000,1000,0,0,1,0,food41,,beef_tartare,classification_pseudo_box_review,source_decision:HOLD_CLASSIFICATION_ONLY,no_default_training_source
beet_salad,hold_private_or_license,False,,1000,1000,0,0,1,0,food41,,beet_salad,classification_pseudo_box_review,source_decision:HOLD_CLASSIFICATION_ONLY,no_default_training_source
beignets,hold_private_or_license,False,,1000,1000,0,0,1,0,food41,,beignets,classification_pseudo_box_review,source_decision:HOLD_CLASSIFICATION_ONLY,no_default_training_source
bibimbap,hold_private_or_license,False,,1000,1000,0,0,1,0,food41,,bibimbap,classification_pseudo_box_review,source_decision:HOLD_CLASSIFICATION_ONLY,no_default_training_source
bread_pudding,hold_private_or_license,False,,1000,1000,0,0,1,0,food41,,bread_pudding,classification_pseudo_box_review,source_decision:HOLD_CLASSIFICATION_ONLY,no_default_training_source
breakfast_burrito,hold_private_or_license,False,,1000,1000,0,0,1,0,food41,,breakfast_burrito,classification_pseudo_box_review,source_decision:HOLD_CLASSIFICATION_ONLY,no_default_training_source
bruschetta,hold_private_or_license,False,,1000,1000,0,0,1,0,food41,,bruschetta,classification_pseudo_box_review,source_decision:HOLD_CLASSIFICATION_ONLY,no_default_training_source
caesar_salad,hold_private_or_license,False,,1000,1000,0,0,1,0,food41,,caesar_salad,classification_pseudo_box_review,source_decision:HOLD_CLASSIFICATION_ONLY,no_default_training_source
cannoli,hold_private_or_license,False,,1000,1000,0,0,1,0,food41,,cannoli,classification_pseudo_box_review,source_decision:HOLD_CLASSIFICATION_ONLY,no_default_training_source
caprese_salad,hold_private_or_license,False,,1000,1000,0,0,1,0,food41,,caprese_salad,classification_pseudo_box_review,source_decision:HOLD_CLASSIFICATION_ONLY,no_default_training_source
ceviche,hold_private_or_license,False,,1000,1000,0,0,1,0,food41,,ceviche,classification_pseudo_box_review,source_decision:HOLD_CLASSIFICATION_ONLY,no_default_training_source
cheese_plate,hold_private_or_license,False,,1000,1000,0,0,1,0,food41,,cheese_plate,classification_pseudo_box_review,source_decision:HOLD_CLASSIFICATION_ONLY,no_default_training_source
chicken_curry,hold_private_or_license,False,,1000,1000,0,0,1,0,food41,,chicken_curry,classification_pseudo_box_review,source_decision:HOLD_CLASSIFICATION_ONLY,no_default_training_source
chicken_quesadilla,hold_private_or_license,False,,1000,1000,0,0,1,0,food41,,chicken_quesadilla,classification_pseudo_box_review,source_decision:HOLD_CLASSIFICATION_ONLY,no_default_training_source
chicken_wings,hold_private_or_license,False,,1000,1000,0,0,1,0,food41,,chicken_wings,classification_pseudo_box_review,source_decision:HOLD_CLASSIFICATION_ONLY,no_default_training_source
chocolate_cake,hold_private_or_license,False,,1000,1000,0,0,1,0,food41,,chocolate_cake,classification_pseudo_box_review,source_decision:HOLD_CLASSIFICATION_ONLY,no_default_training_source
churros,hold_private_or_license,False,,1000,1000,0,0,1,0,food41,,churros,classification_pseudo_box_review,source_decision:HOLD_CLASSIFICATION_ONLY,no_default_training_source
clam_chowder,hold_private_or_license,False,,1000,1000,0,0,1,0,food41,,clam_chowder,classification_pseudo_box_review,source_decision:HOLD_CLASSIFICATION_ONLY,no_default_training_source
club_sandwich,hold_private_or_license,False,,1000,1000,0,0,1,0,food41,,club_sandwich,classification_pseudo_box_review,source_decision:HOLD_CLASSIFICATION_ONLY,no_default_training_source
crab_cakes,hold_private_or_license,False,,1000,1000,0,0,1,0,food41,,crab_cakes,classification_pseudo_box_review,source_decision:HOLD_CLASSIFICATION_ONLY,no_default_training_source
creme_brulee,hold_private_or_license,False,,1000,1000,0,0,1,0,food41,,creme_brulee,classification_pseudo_box_review,source_decision:HOLD_CLASSIFICATION_ONLY,no_default_training_source
croque_madame,hold_private_or_license,False,,1000,1000,0,0,1,0,food41,,croque_madame,classification_pseudo_box_review,source_decision:HOLD_CLASSIFICATION_ONLY,no_default_training_source
cup_cakes,hold_private_or_license,False,,1000,1000,0,0,1,0,food41,,cup_cakes,classification_pseudo_box_review,source_decision:HOLD_CLASSIFICATION_ONLY,no_default_training_source
deviled_eggs,hold_private_or_license,False,,1000,1000,0,0,1,0,food41,,deviled_eggs,classification_pseudo_box_review,source_decision:HOLD_CLASSIFICATION_ONLY,no_default_training_source
donuts,hold_private_or_license,False,,1000,1000,0,0,1,0,food41,,donuts,classification_pseudo_box_review,source_decision:HOLD_CLASSIFICATION_ONLY,no_default_training_source
edamame,hold_private_or_license,False,,1000,1000,0,0,1,0,food41,,edamame,classification_pseudo_box_review,source_decision:HOLD_CLASSIFICATION_ONLY,no_default_training_source
eggs_benedict,hold_private_or_license,False,,1000,1000,0,0,1,0,food41,,eggs_benedict,classification_pseudo_box_review,source_decision:HOLD_CLASSIFICATION_ONLY,no_default_training_source
escargots,hold_private_or_license,False,,1000,1000,0,0,1,0,food41,,escargots,classification_pseudo_box_review,source_decision:HOLD_CLASSIFICATION_ONLY,no_default_training_source
falafel,hold_private_or_license,False,,1000,1000,0,0,1,0,food41,,falafel,classification_pseudo_box_review,source_decision:HOLD_CLASSIFICATION_ONLY,no_default_training_source
filet_mignon,hold_private_or_license,False,,1000,1000,0,0,1,0,food41,,filet_mignon,classification_pseudo_box_review,source_decision:HOLD_CLASSIFICATION_ONLY,no_default_training_source
fish_and_chips,hold_private_or_license,False,,1000,1000,0,0,1,0,food41,,fish_and_chips,classification_pseudo_box_review,source_decision:HOLD_CLASSIFICATION_ONLY,no_default_training_source
foie_gras,hold_private_or_license,False,,1000,1000,0,0,1,0,food41,,foie_gras,classification_pseudo_box_review,source_decision:HOLD_CLASSIFICATION_ONLY,no_default_training_source
french_onion_soup,hold_private_or_license,False,,1000,1000,0,0,1,0,food41,,french_onion_soup,classification_pseudo_box_review,source_decision:HOLD_CLASSIFICATION_ONLY,no_default_training_source
french_toast,hold_private_or_license,False,,1000,1000,0,0,1,0,food41,,french_toast,classification_pseudo_box_review,source_decision:HOLD_CLASSIFICATION_ONLY,no_default_training_source
fried_calamari,hold_private_or_license,False,,1000,1000,0,0,1,0,food41,,fried_calamari,classification_pseudo_box_review,source_decision:HOLD_CLASSIFICATION_ONLY,no_default_training_source
frozen_yogurt,hold_private_or_license,False,,1000,1000,0,0,1,0,food41,,frozen_yogurt,classification_pseudo_box_review,source_decision:HOLD_CLASSIFICATION_ONLY,no_default_training_source
garlic_bread,hold_private_or_license,False,,1000,1000,0,0,1,0,food41,,garlic_bread,classification_pseudo_box_review,source_decision:HOLD_CLASSIFICATION_ONLY,no_default_training_source
gnocchi,hold_private_or_license,False,,1000,1000,0,0,1,0,food41,,gnocchi,classification_pseudo_box_review,source_decision:HOLD_CLASSIFICATION_ONLY,no_default_training_source
grilled_cheese_sandwich,hold_private_or_license,False,,1000,1000,0,0,1,0,food41,,grilled_cheese_sandwich,classification_pseudo_box_review,source_decision:HOLD_CLASSIFICATION_ONLY,no_default_training_source
grilled_salmon,hold_private_or_license,False,,1000,1000,0,0,1,0,food41,,grilled_salmon,classification_pseudo_box_review,source_decision:HOLD_CLASSIFICATION_ONLY,no_default_training_source
gyoza,hold_private_or_license,False,,1000,1000,0,0,1,0,food41,,gyoza,classification_pseudo_box_review,source_decision:HOLD_CLASSIFICATION_ONLY,no_default_training_source
hot_and_sour_soup,hold_private_or_license,False,,1000,1000,0,0,1,0,food41,,hot_and_sour_soup,classification_pseudo_box_review,source_decision:HOLD_CLASSIFICATION_ONLY,no_default_training_source
hot_dog,hold_private_or_license,False,,1000,1000,0,0,1,0,food41,,hot_dog,classification_pseudo_box_review,source_decision:HOLD_CLASSIFICATION_ONLY,no_default_training_source
huevos_rancheros,hold_private_or_license,False,,1000,1000,0,0,1,0,food41,,huevos_rancheros,classification_pseudo_box_review,source_decision:HOLD_CLASSIFICATION_ONLY,no_default_training_source
lasagna,hold_private_or_license,False,,1000,1000,0,0,1,0,food41,,lasagna,classification_pseudo_box_review,source_decision:HOLD_CLASSIFICATION_ONLY,no_default_training_source
lobster_bisque,hold_private_or_license,False,,1000,1000,0,0,1,0,food41,,lobster_bisque,classification_pseudo_box_review,source_decision:HOLD_CLASSIFICATION_ONLY,no_default_training_source
lobster_roll_sandwich,hold_private_or_license,False,,1000,1000,0,0,1,0,food41,,lobster_roll_sandwich,classification_pseudo_box_review,source_decision:HOLD_CLASSIFICATION_ONLY,no_default_training_source
macaroni_and_cheese,hold_private_or_license,False,,1000,1000,0,0,1,0,food41,,macaroni_and_cheese,classification_pseudo_box_review,source_decision:HOLD_CLASSIFICATION_ONLY,no_default_training_source
macarons,hold_private_or_license,False,,1000,1000,0,0,1,0,food41,,macarons,classification_pseudo_box_review,source_decision:HOLD_CLASSIFICATION_ONLY,no_default_training_source
miso_soup,hold_private_or_license,False,,1000,1000,0,0,1,0,food41,,miso_soup,classification_pseudo_box_review,source_decision:HOLD_CLASSIFICATION_ONLY,no_default_training_source
mussels,hold_private_or_license,False,,1000,1000,0,0,1,0,food41,,mussels,classification_pseudo_box_review,source_decision:HOLD_CLASSIFICATION_ONLY,no_default_training_source
omelette,hold_private_or_license,False,,1000,1000,0,0,1,0,food41,,omelette,classification_pseudo_box_review,source_decision:HOLD_CLASSIFICATION_ONLY,no_default_training_source
onion_rings,hold_private_or_license,False,,1000,1000,0,0,1,0,food41,,onion_rings,classification_pseudo_box_review,source_decision:HOLD_CLASSIFICATION_ONLY,no_default_training_source
oysters,hold_private_or_license,False,,1000,1000,0,0,1,0,food41,,oysters,classification_pseudo_box_review,source_decision:HOLD_CLASSIFICATION_ONLY,no_default_training_source
pad_thai,hold_private_or_license,False,,1000,1000,0,0,1,0,food41,,pad_thai,classification_pseudo_box_review,source_decision:HOLD_CLASSIFICATION_ONLY,no_default_training_source
paella,hold_private_or_license,False,,1000,1000,0,0,1,0,food41,,paella,classification_pseudo_box_review,source_decision:HOLD_CLASSIFICATION_ONLY,no_default_training_source
peking_duck,hold_private_or_license,False,,1000,1000,0,0,1,0,food41,,peking_duck,classification_pseudo_box_review,source_decision:HOLD_CLASSIFICATION_ONLY,no_default_training_source
poutine,hold_private_or_license,False,,1000,1000,0,0,1,0,food41,,poutine,classification_pseudo_box_review,source_decision:HOLD_CLASSIFICATION_ONLY,no_default_training_source
prime_rib,hold_private_or_license,False,,1000,1000,0,0,1,0,food41,,prime_rib,classification_pseudo_box_review,source_decision:HOLD_CLASSIFICATION_ONLY,no_default_training_source
pulled_pork_sandwich,hold_private_or_license,False,,1000,1000,0,0,1,0,food41,,pulled_pork_sandwich,classification_pseudo_box_review,source_decision:HOLD_CLASSIFICATION_ONLY,no_default_training_source
ramen,hold_private_or_license,False,,1000,1000,0,0,1,0,food41,,ramen,classification_pseudo_box_review,source_decision:HOLD_CLASSIFICATION_ONLY,no_default_training_source
ravioli,hold_private_or_license,False,,1000,1000,0,0,1,0,food41,,ravioli,classification_pseudo_box_review,source_decision:HOLD_CLASSIFICATION_ONLY,no_default_training_source
red_velvet_cake,hold_private_or_license,False,,1000,1000,0,0,1,0,food41,,red_velvet_cake,classification_pseudo_box_review,source_decision:HOLD_CLASSIFICATION_ONLY,no_default_training_source
risotto,hold_private_or_license,False,,1000,1000,0,0,1,0,food41,,risotto,classification_pseudo_box_review,source_decision:HOLD_CLASSIFICATION_ONLY,no_default_training_source
samosa,hold_private_or_license,False,,1000,1000,0,0,1,0,food41,,samosa,classification_pseudo_box_review,source_decision:HOLD_CLASSIFICATION_ONLY,no_default_training_source
sashimi,hold_private_or_license,False,,1000,1000,0,0,1,0,food41,,sashimi,classification_pseudo_box_review,source_decision:HOLD_CLASSIFICATION_ONLY,no_default_training_source
scallops,hold_private_or_license,False,,1000,1000,0,0,1,0,food41,,scallops,classification_pseudo_box_review,source_decision:HOLD_CLASSIFICATION_ONLY,no_default_training_source
seaweed_salad,hold_private_or_license,False,,1000,1000,0,0,1,0,food41,,seaweed_salad,classification_pseudo_box_review,source_decision:HOLD_CLASSIFICATION_ONLY,no_default_training_source
shrimp_and_grits,hold_private_or_license,False,,1000,1000,0,0,1,0,food41,,shrimp_and_grits,classification_pseudo_box_review,source_decision:HOLD_CLASSIFICATION_ONLY,no_default_training_source
spaghetti_bolognese,hold_private_or_license,False,,1000,1000,0,0,1,0,food41,,spaghetti_bolognese,classification_pseudo_box_review,source_decision:HOLD_CLASSIFICATION_ONLY,no_default_training_source
spaghetti_carbonara,hold_private_or_license,False,,1000,1000,0,0,1,0,food41,,spaghetti_carbonara,classification_pseudo_box_review,source_decision:HOLD_CLASSIFICATION_ONLY,no_default_training_source
strawberry_shortcake,hold_private_or_license,False,,1000,1000,0,0,1,0,food41,,strawberry_shortcake,classification_pseudo_box_review,source_decision:HOLD_CLASSIFICATION_ONLY,no_default_training_source
tacos,hold_private_or_license,False,,1000,1000,0,0,1,0,food41,,tacos,classification_pseudo_box_review,source_decision:HOLD_CLASSIFICATION_ONLY,no_default_training_source
takoyaki,hold_private_or_license,False,,1000,1000,0,0,1,0,food41,,takoyaki,classification_pseudo_box_review,source_decision:HOLD_CLASSIFICATION_ONLY,no_default_training_source
tuna_tartare,hold_private_or_license,False,,1000,1000,0,0,1,0,food41,,tuna_tartare,classification_pseudo_box_review,source_decision:HOLD_CLASSIFICATION_ONLY,no_default_training_source
150,hold_private_or_license,False,,987,987,0,0,1,0,chinesefoodnet,,150,classification_pseudo_box_review,source_decision:HOLD_LICENSE_AND_SIZE,no_default_training_source
034,hold_private_or_license,False,,967,967,0,0,1,0,chinesefoodnet,,034,classification_pseudo_box_review,source_decision:HOLD_LICENSE_AND_SIZE,no_default_training_source
031,hold_private_or_license,False,,965,965,0,0,1,0,chinesefoodnet,,031,classification_pseudo_box_review,source_decision:HOLD_LICENSE_AND_SIZE,no_default_training_source
167,hold_private_or_license,False,,961,961,0,0,1,0,chinesefoodnet,,167,classification_pseudo_box_review,source_decision:HOLD_LICENSE_AND_SIZE,no_default_training_source
075,hold_private_or_license,False,,958,958,0,0,1,0,chinesefoodnet,,075,classification_pseudo_box_review,source_decision:HOLD_LICENSE_AND_SIZE,no_default_training_source
126,hold_private_or_license,False,,952,952,0,0,1,0,chinesefoodnet,,126,classification_pseudo_box_review,source_decision:HOLD_LICENSE_AND_SIZE,no_default_training_source
002,hold_private_or_license,False,,946,946,0,0,1,0,chinesefoodnet,,002,classification_pseudo_box_review,source_decision:HOLD_LICENSE_AND_SIZE,no_default_training_source
019,hold_private_or_license,False,,938,938,0,0,1,0,chinesefoodnet,,019,classification_pseudo_box_review,source_decision:HOLD_LICENSE_AND_SIZE,no_default_training_source
036,hold_private_or_license,False,,938,938,0,0,1,0,chinesefoodnet,,036,classification_pseudo_box_review,source_decision:HOLD_LICENSE_AND_SIZE,no_default_training_source
117,hold_private_or_license,False,,929,929,0,0,1,0,chinesefoodnet,,117,classification_pseudo_box_review,source_decision:HOLD_LICENSE_AND_SIZE,no_default_training_source
056,hold_private_or_license,False,,903,903,0,0,1,0,chinesefoodnet,,056,classification_pseudo_box_review,source_decision:HOLD_LICENSE_AND_SIZE,no_default_training_source
141,hold_private_or_license,False,,896,896,0,0,1,0,chinesefoodnet,,141,classification_pseudo_box_review,source_decision:HOLD_LICENSE_AND_SIZE,no_default_training_source
099,hold_private_or_license,False,,885,885,0,0,1,0,chinesefoodnet,,099,classification_pseudo_box_review,source_decision:HOLD_LICENSE_AND_SIZE,no_default_training_source
001,hold_private_or_license,False,,871,871,0,0,1,0,chinesefoodnet,,001,classification_pseudo_box_review,source_decision:HOLD_LICENSE_AND_SIZE,no_default_training_source
012,hold_private_or_license,False,,868,868,0,0,1,0,chinesefoodnet,,012,classification_pseudo_box_review,source_decision:HOLD_LICENSE_AND_SIZE,no_default_training_source
063,hold_private_or_license,False,,823,823,0,0,1,0,chinesefoodnet,,063,classification_pseudo_box_review,source_decision:HOLD_LICENSE_AND_SIZE,no_default_training_source
101,hold_private_or_license,False,,822,822,0,0,1,0,chinesefoodnet,,101,classification_pseudo_box_review,source_decision:HOLD_LICENSE_AND_SIZE,no_default_training_source
082,hold_private_or_license,False,,813,813,0,0,1,0,chinesefoodnet,,082,classification_pseudo_box_review,source_decision:HOLD_LICENSE_AND_SIZE,no_default_training_source
105,hold_private_or_license,False,,810,810,0,0,1,0,chinesefoodnet,,105,classification_pseudo_box_review,source_decision:HOLD_LICENSE_AND_SIZE,no_default_training_source
119,hold_private_or_license,False,,805,805,0,0,1,0,chinesefoodnet,,119,classification_pseudo_box_review,source_decision:HOLD_LICENSE_AND_SIZE,no_default_training_source
183,hold_private_or_license,False,,795,795,0,0,1,0,chinesefoodnet,,183,classification_pseudo_box_review,source_decision:HOLD_LICENSE_AND_SIZE,no_default_training_source
080,hold_private_or_license,False,,793,793,0,0,1,0,chinesefoodnet,,080,classification_pseudo_box_review,source_decision:HOLD_LICENSE_AND_SIZE,no_default_training_source
098,hold_private_or_license,False,,764,764,0,0,1,0,chinesefoodnet,,098,classification_pseudo_box_review,source_decision:HOLD_LICENSE_AND_SIZE,no_default_training_source
190,hold_private_or_license,False,,738,738,0,0,1,0,chinesefoodnet,,190,classification_pseudo_box_review,source_decision:HOLD_LICENSE_AND_SIZE,no_default_training_source
067,hold_private_or_license,False,,730,730,0,0,1,0,chinesefoodnet,,067,classification_pseudo_box_review,source_decision:HOLD_LICENSE_AND_SIZE,no_default_training_source
banh_mi_chao,hold_private_or_license,False,,723,723,0,0,1,0,vnfood_30_100,,banh-mi-chao,classification_pseudo_box_review,private_or_noncommercial_license:cc-by-nc-sa-4.0,no_default_training_source
163,hold_private_or_license,False,,717,717,0,0,1,0,chinesefoodnet,,163,classification_pseudo_box_review,source_decision:HOLD_LICENSE_AND_SIZE,no_default_training_source
104,hold_private_or_license,False,,677,677,0,0,1,0,chinesefoodnet,,104,classification_pseudo_box_review,source_decision:HOLD_LICENSE_AND_SIZE,no_default_training_source
122,hold_private_or_license,False,,657,657,0,0,1,0,chinesefoodnet,,122,classification_pseudo_box_review,source_decision:HOLD_LICENSE_AND_SIZE,no_default_training_source
120,hold_private_or_license,False,,645,645,0,0,1,0,chinesefoodnet,,120,classification_pseudo_box_review,source_decision:HOLD_LICENSE_AND_SIZE,no_default_training_source
187,hold_private_or_license,False,,645,645,0,0,1,0,chinesefoodnet,,187,classification_pseudo_box_review,source_decision:HOLD_LICENSE_AND_SIZE,no_default_training_source
024,hold_private_or_license,False,,644,644,0,0,1,0,chinesefoodnet,,024,classification_pseudo_box_review,source_decision:HOLD_LICENSE_AND_SIZE,no_default_training_source
014,hold_private_or_license,False,,638,638,0,0,1,0,chinesefoodnet,,014,classification_pseudo_box_review,source_decision:HOLD_LICENSE_AND_SIZE,no_default_training_source
103,hold_private_or_license,False,,634,634,0,0,1,0,chinesefoodnet,,103,classification_pseudo_box_review,source_decision:HOLD_LICENSE_AND_SIZE,no_default_training_source
108,hold_private_or_license,False,,626,626,0,0,1,0,chinesefoodnet,,108,classification_pseudo_box_review,source_decision:HOLD_LICENSE_AND_SIZE,no_default_training_source
064,hold_private_or_license,False,,625,625,0,0,1,0,chinesefoodnet,,064,classification_pseudo_box_review,source_decision:HOLD_LICENSE_AND_SIZE,no_default_training_source
182,hold_private_or_license,False,,616,616,0,0,1,0,chinesefoodnet,,182,classification_pseudo_box_review,source_decision:HOLD_LICENSE_AND_SIZE,no_default_training_source
021,hold_private_or_license,False,,607,607,0,0,1,0,chinesefoodnet,,021,classification_pseudo_box_review,source_decision:HOLD_LICENSE_AND_SIZE,no_default_training_source
083,hold_private_or_license,False,,602,602,0,0,1,0,chinesefoodnet,,083,classification_pseudo_box_review,source_decision:HOLD_LICENSE_AND_SIZE,no_default_training_source
072,hold_private_or_license,False,,600,600,0,0,1,0,chinesefoodnet,,072,classification_pseudo_box_review,source_decision:HOLD_LICENSE_AND_SIZE,no_default_training_source
crispychicken,hold_private_or_license,False,,597,1080,0,0,1,0,junk_food_object_detection_dataset_yolo_format,,crispychicken,yolo_detection,source_decision:HOLD_OVERLAP_ONLY,no_default_training_source
100,hold_private_or_license,False,,588,588,0,0,1,0,chinesefoodnet,,100,classification_pseudo_box_review,source_decision:HOLD_LICENSE_AND_SIZE,no_default_training_source
027,hold_private_or_license,False,,577,577,0,0,1,0,chinesefoodnet,,027,classification_pseudo_box_review,source_decision:HOLD_LICENSE_AND_SIZE,no_default_training_source
175,hold_private_or_license,False,,567,567,0,0,1,0,chinesefoodnet,,175,classification_pseudo_box_review,source_decision:HOLD_LICENSE_AND_SIZE,no_default_training_source
057,hold_private_or_license,False,,564,564,0,0,1,0,chinesefoodnet,,057,classification_pseudo_box_review,source_decision:HOLD_LICENSE_AND_SIZE,no_default_training_source
sandwich,hold_private_or_license,False,,564,736,0,0,1,0,junk_food_object_detection_dataset_yolo_format,,sandwich,yolo_detection,source_decision:HOLD_OVERLAP_ONLY,no_default_training_source
138,hold_private_or_license,False,,560,560,0,0,1,0,chinesefoodnet,,138,classification_pseudo_box_review,source_decision:HOLD_LICENSE_AND_SIZE,no_default_training_source
162,hold_private_or_license,False,,557,557,0,0,1,0,chinesefoodnet,,162,classification_pseudo_box_review,source_decision:HOLD_LICENSE_AND_SIZE,no_default_training_source
044,hold_private_or_license,False,,555,555,0,0,1,0,chinesefoodnet,,044,classification_pseudo_box_review,source_decision:HOLD_LICENSE_AND_SIZE,no_default_training_source
140,hold_private_or_license,False,,554,554,0,0,1,0,chinesefoodnet,,140,classification_pseudo_box_review,source_decision:HOLD_LICENSE_AND_SIZE,no_default_training_source
136,hold_private_or_license,False,,546,546,0,0,1,0,chinesefoodnet,,136,classification_pseudo_box_review,source_decision:HOLD_LICENSE_AND_SIZE,no_default_training_source
045,hold_private_or_license,False,,534,534,0,0,1,0,chinesefoodnet,,045,classification_pseudo_box_review,source_decision:HOLD_LICENSE_AND_SIZE,no_default_training_source
040,hold_private_or_license,False,,520,520,0,0,1,0,chinesefoodnet,,040,classification_pseudo_box_review,source_decision:HOLD_LICENSE_AND_SIZE,no_default_training_source
076,hold_private_or_license,False,,513,513,0,0,1,0,chinesefoodnet,,076,classification_pseudo_box_review,source_decision:HOLD_LICENSE_AND_SIZE,no_default_training_source
088,hold_private_or_license,False,,510,510,0,0,1,0,chinesefoodnet,,088,classification_pseudo_box_review,source_decision:HOLD_LICENSE_AND_SIZE,no_default_training_source
tv,hold_private_or_license,False,,508,730,0,0,1,0,junk_food_object_detection_dataset_yolo_format,,tv,yolo_detection,source_decision:HOLD_OVERLAP_ONLY,no_default_training_source
008,hold_private_or_license,False,,506,506,0,0,1,0,chinesefoodnet,,008,classification_pseudo_box_review,source_decision:HOLD_LICENSE_AND_SIZE,no_default_training_source
mac_and_cheese,hold_private_or_license,False,,505,528,0,0,1,0,junk_food_object_detection_dataset_yolo_format,,Mac and Cheese,yolo_detection,source_decision:HOLD_OVERLAP_ONLY,no_default_training_source
car,hold_private_or_license,False,,504,707,0,0,1,0,junk_food_object_detection_dataset_yolo_format,,car,yolo_detection,source_decision:HOLD_OVERLAP_ONLY,no_default_training_source
007,hold_private_or_license,False,,503,503,0,0,1,0,chinesefoodnet,,007,classification_pseudo_box_review,source_decision:HOLD_LICENSE_AND_SIZE,no_default_training_source
french_fry,hold_private_or_license,False,,500,507,0,0,1,0,junk_food_object_detection_dataset_yolo_format,,French_Fry,yolo_detection,source_decision:HOLD_OVERLAP_ONLY,no_default_training_source
kabab,hold_private_or_license,False,,500,1391,0,0,1,0,junk_food_object_detection_dataset_yolo_format,,Kabab,yolo_detection,source_decision:HOLD_OVERLAP_ONLY,no_default_training_source
cat,hold_private_or_license,False,,494,1084,0,0,1,0,junk_food_object_detection_dataset_yolo_format,,cat,yolo_detection,source_decision:HOLD_OVERLAP_ONLY,no_default_training_source
202,hold_private_or_license,False,,477,477,0,0,1,0,chinesefoodnet,,202,classification_pseudo_box_review,source_decision:HOLD_LICENSE_AND_SIZE,no_default_training_source
003,hold_private_or_license,False,,475,475,0,0,1,0,chinesefoodnet,,003,classification_pseudo_box_review,source_decision:HOLD_LICENSE_AND_SIZE,no_default_training_source
dog,hold_private_or_license,False,,474,475,0,0,1,0,junk_food_object_detection_dataset_yolo_format,,dog,yolo_detection,source_decision:HOLD_OVERLAP_ONLY,no_default_training_source
047,hold_private_or_license,False,,470,470,0,0,1,0,chinesefoodnet,,047,classification_pseudo_box_review,source_decision:HOLD_LICENSE_AND_SIZE,no_default_training_source
039,hold_private_or_license,False,,429,429,0,0,1,0,chinesefoodnet,,039,classification_pseudo_box_review,source_decision:HOLD_LICENSE_AND_SIZE,no_default_training_source
059,hold_private_or_license,False,,426,426,0,0,1,0,chinesefoodnet,,059,classification_pseudo_box_review,source_decision:HOLD_LICENSE_AND_SIZE,no_default_training_source
172,hold_private_or_license,False,,423,423,0,0,1,0,chinesefoodnet,,172,classification_pseudo_box_review,source_decision:HOLD_LICENSE_AND_SIZE,no_default_training_source
133,hold_private_or_license,False,,418,418,0,0,1,0,chinesefoodnet,,133,classification_pseudo_box_review,source_decision:HOLD_LICENSE_AND_SIZE,no_default_training_source
129,hold_private_or_license,False,,414,414,0,0,1,0,chinesefoodnet,,129,classification_pseudo_box_review,source_decision:HOLD_LICENSE_AND_SIZE,no_default_training_source
124,hold_private_or_license,False,,411,411,0,0,1,0,chinesefoodnet,,124,classification_pseudo_box_review,source_decision:HOLD_LICENSE_AND_SIZE,no_default_training_source
191,hold_private_or_license,False,,397,397,0,0,1,0,chinesefoodnet,,191,classification_pseudo_box_review,source_decision:HOLD_LICENSE_AND_SIZE,no_default_training_source
174,hold_private_or_license,False,,393,393,0,0,1,0,chinesefoodnet,,174,classification_pseudo_box_review,source_decision:HOLD_LICENSE_AND_SIZE,no_default_training_source
178,hold_private_or_license,False,,380,380,0,0,1,0,chinesefoodnet,,178,classification_pseudo_box_review,source_decision:HOLD_LICENSE_AND_SIZE,no_default_training_source
069,hold_private_or_license,False,,369,369,0,0,1,0,chinesefoodnet,,069,classification_pseudo_box_review,source_decision:HOLD_LICENSE_AND_SIZE,no_default_training_source
102,hold_private_or_license,False,,365,365,0,0,1,0,chinesefoodnet,,102,classification_pseudo_box_review,source_decision:HOLD_LICENSE_AND_SIZE,no_default_training_source
074,hold_private_or_license,False,,358,358,0,0,1,0,chinesefoodnet,,074,classification_pseudo_box_review,source_decision:HOLD_LICENSE_AND_SIZE,no_default_training_source
085,hold_private_or_license,False,,357,357,0,0,1,0,chinesefoodnet,,085,classification_pseudo_box_review,source_decision:HOLD_LICENSE_AND_SIZE,no_default_training_source
157,hold_private_or_license,False,,356,356,0,0,1,0,chinesefoodnet,,157,classification_pseudo_box_review,source_decision:HOLD_LICENSE_AND_SIZE,no_default_training_source
198,hold_private_or_license,False,,355,355,0,0,1,0,chinesefoodnet,,198,classification_pseudo_box_review,source_decision:HOLD_LICENSE_AND_SIZE,no_default_training_source
078,hold_private_or_license,False,,345,345,0,0,1,0,chinesefoodnet,,078,classification_pseudo_box_review,source_decision:HOLD_LICENSE_AND_SIZE,no_default_training_source
115,hold_private_or_license,False,,328,328,0,0,1,0,chinesefoodnet,,115,classification_pseudo_box_review,source_decision:HOLD_LICENSE_AND_SIZE,no_default_training_source
065,hold_private_or_license,False,,316,316,0,0,1,0,chinesefoodnet,,065,classification_pseudo_box_review,source_decision:HOLD_LICENSE_AND_SIZE,no_default_training_source
055,hold_private_or_license,False,,313,313,0,0,1,0,chinesefoodnet,,055,classification_pseudo_box_review,source_decision:HOLD_LICENSE_AND_SIZE,no_default_training_source
004,hold_private_or_license,False,,309,309,0,0,1,0,chinesefoodnet,,004,classification_pseudo_box_review,source_decision:HOLD_LICENSE_AND_SIZE,no_default_training_source
168,hold_private_or_license,False,,305,305,0,0,1,0,chinesefoodnet,,168,classification_pseudo_box_review,source_decision:HOLD_LICENSE_AND_SIZE,no_default_training_source
00,hold_private_or_license,False,,300,300,0,0,1,0,foodydudy,,00,classification_pseudo_box_review,source_decision:HOLD_FORMAT_VERIFY,no_default_training_source
01,hold_private_or_license,False,,300,300,0,0,1,0,foodydudy,,01,classification_pseudo_box_review,source_decision:HOLD_FORMAT_VERIFY,no_default_training_source
02,hold_private_or_license,False,,300,300,0,0,1,0,foodydudy,,02,classification_pseudo_box_review,source_decision:HOLD_FORMAT_VERIFY,no_default_training_source
03,hold_private_or_license,False,,300,300,0,0,1,0,foodydudy,,03,classification_pseudo_box_review,source_decision:HOLD_FORMAT_VERIFY,no_default_training_source
04,hold_private_or_license,False,,300,300,0,0,1,0,foodydudy,,04,classification_pseudo_box_review,source_decision:HOLD_FORMAT_VERIFY,no_default_training_source
05,hold_private_or_license,False,,300,300,0,0,1,0,foodydudy,,05,classification_pseudo_box_review,source_decision:HOLD_FORMAT_VERIFY,no_default_training_source
06,hold_private_or_license,False,,300,300,0,0,1,0,foodydudy,,06,classification_pseudo_box_review,source_decision:HOLD_FORMAT_VERIFY,no_default_training_source
07,hold_private_or_license,False,,300,300,0,0,1,0,foodydudy,,07,classification_pseudo_box_review,source_decision:HOLD_FORMAT_VERIFY,no_default_training_source
08,hold_private_or_license,False,,300,300,0,0,1,0,foodydudy,,08,classification_pseudo_box_review,source_decision:HOLD_FORMAT_VERIFY,no_default_training_source
09,hold_private_or_license,False,,300,300,0,0,1,0,foodydudy,,09,classification_pseudo_box_review,source_decision:HOLD_FORMAT_VERIFY,no_default_training_source
10,hold_private_or_license,False,,300,300,0,0,1,0,foodydudy,,10,classification_pseudo_box_review,source_decision:HOLD_FORMAT_VERIFY,no_default_training_source
11,hold_private_or_license,False,,300,300,0,0,1,0,foodydudy,,11,classification_pseudo_box_review,source_decision:HOLD_FORMAT_VERIFY,no_default_training_source
12,hold_private_or_license,False,,300,300,0,0,1,0,foodydudy,,12,classification_pseudo_box_review,source_decision:HOLD_FORMAT_VERIFY,no_default_training_source
13,hold_private_or_license,False,,300,300,0,0,1,0,foodydudy,,13,classification_pseudo_box_review,source_decision:HOLD_FORMAT_VERIFY,no_default_training_source
14,hold_private_or_license,False,,300,300,0,0,1,0,foodydudy,,14,classification_pseudo_box_review,source_decision:HOLD_FORMAT_VERIFY,no_default_training_source
15,hold_private_or_license,False,,300,300,0,0,1,0,foodydudy,,15,classification_pseudo_box_review,source_decision:HOLD_FORMAT_VERIFY,no_default_training_source
16,hold_private_or_license,False,,300,300,0,0,1,0,foodydudy,,16,classification_pseudo_box_review,source_decision:HOLD_FORMAT_VERIFY,no_default_training_source
17,hold_private_or_license,False,,300,300,0,0,1,0,foodydudy,,17,classification_pseudo_box_review,source_decision:HOLD_FORMAT_VERIFY,no_default_training_source
18,hold_private_or_license,False,,300,300,0,0,1,0,foodydudy,,18,classification_pseudo_box_review,source_decision:HOLD_FORMAT_VERIFY,no_default_training_source
19,hold_private_or_license,False,,300,300,0,0,1,0,foodydudy,,19,classification_pseudo_box_review,source_decision:HOLD_FORMAT_VERIFY,no_default_training_source
20,hold_private_or_license,False,,300,300,0,0,1,0,foodydudy,,20,classification_pseudo_box_review,source_decision:HOLD_FORMAT_VERIFY,no_default_training_source
21,hold_private_or_license,False,,300,300,0,0,1,0,foodydudy,,21,classification_pseudo_box_review,source_decision:HOLD_FORMAT_VERIFY,no_default_training_source
22,hold_private_or_license,False,,300,300,0,0,1,0,foodydudy,,22,classification_pseudo_box_review,source_decision:HOLD_FORMAT_VERIFY,no_default_training_source
23,hold_private_or_license,False,,300,300,0,0,1,0,foodydudy,,23,classification_pseudo_box_review,source_decision:HOLD_FORMAT_VERIFY,no_default_training_source
24,hold_private_or_license,False,,300,300,0,0,1,0,foodydudy,,24,classification_pseudo_box_review,source_decision:HOLD_FORMAT_VERIFY,no_default_training_source
25,hold_private_or_license,False,,300,300,0,0,1,0,foodydudy,,25,classification_pseudo_box_review,source_decision:HOLD_FORMAT_VERIFY,no_default_training_source
26,hold_private_or_license,False,,300,300,0,0,1,0,foodydudy,,26,classification_pseudo_box_review,source_decision:HOLD_FORMAT_VERIFY,no_default_training_source
27,hold_private_or_license,False,,300,300,0,0,1,0,foodydudy,,27,classification_pseudo_box_review,source_decision:HOLD_FORMAT_VERIFY,no_default_training_source
28,hold_private_or_license,False,,300,300,0,0,1,0,foodydudy,,28,classification_pseudo_box_review,source_decision:HOLD_FORMAT_VERIFY,no_default_training_source
29,hold_private_or_license,False,,300,300,0,0,1,0,foodydudy,,29,classification_pseudo_box_review,source_decision:HOLD_FORMAT_VERIFY,no_default_training_source
30,hold_private_or_license,False,,300,300,0,0,1,0,foodydudy,,30,classification_pseudo_box_review,source_decision:HOLD_FORMAT_VERIFY,no_default_training_source
31,hold_private_or_license,False,,300,300,0,0,1,0,foodydudy,,31,classification_pseudo_box_review,source_decision:HOLD_FORMAT_VERIFY,no_default_training_source
32,hold_private_or_license,False,,300,300,0,0,1,0,foodydudy,,32,classification_pseudo_box_review,source_decision:HOLD_FORMAT_VERIFY,no_default_training_source
33,hold_private_or_license,False,,300,300,0,0,1,0,foodydudy,,33,classification_pseudo_box_review,source_decision:HOLD_FORMAT_VERIFY,no_default_training_source
34,hold_private_or_license,False,,300,300,0,0,1,0,foodydudy,,34,classification_pseudo_box_review,source_decision:HOLD_FORMAT_VERIFY,no_default_training_source
35,hold_private_or_license,False,,300,300,0,0,1,0,foodydudy,,35,classification_pseudo_box_review,source_decision:HOLD_FORMAT_VERIFY,no_default_training_source
36,hold_private_or_license,False,,300,300,0,0,1,0,foodydudy,,36,classification_pseudo_box_review,source_decision:HOLD_FORMAT_VERIFY,no_default_training_source
37,hold_private_or_license,False,,300,300,0,0,1,0,foodydudy,,37,classification_pseudo_box_review,source_decision:HOLD_FORMAT_VERIFY,no_default_training_source
38,hold_private_or_license,False,,300,300,0,0,1,0,foodydudy,,38,classification_pseudo_box_review,source_decision:HOLD_FORMAT_VERIFY,no_default_training_source
39,hold_private_or_license,False,,300,300,0,0,1,0,foodydudy,,39,classification_pseudo_box_review,source_decision:HOLD_FORMAT_VERIFY,no_default_training_source
40,hold_private_or_license,False,,300,300,0,0,1,0,foodydudy,,40,classification_pseudo_box_review,source_decision:HOLD_FORMAT_VERIFY,no_default_training_source
41,hold_private_or_license,False,,300,300,0,0,1,0,foodydudy,,41,classification_pseudo_box_review,source_decision:HOLD_FORMAT_VERIFY,no_default_training_source
42,hold_private_or_license,False,,300,300,0,0,1,0,foodydudy,,42,classification_pseudo_box_review,source_decision:HOLD_FORMAT_VERIFY,no_default_training_source
43,hold_private_or_license,False,,300,300,0,0,1,0,foodydudy,,43,classification_pseudo_box_review,source_decision:HOLD_FORMAT_VERIFY,no_default_training_source
44,hold_private_or_license,False,,300,300,0,0,1,0,foodydudy,,44,classification_pseudo_box_review,source_decision:HOLD_FORMAT_VERIFY,no_default_training_source
45,hold_private_or_license,False,,300,300,0,0,1,0,foodydudy,,45,classification_pseudo_box_review,source_decision:HOLD_FORMAT_VERIFY,no_default_training_source
46,hold_private_or_license,False,,300,300,0,0,1,0,foodydudy,,46,classification_pseudo_box_review,source_decision:HOLD_FORMAT_VERIFY,no_default_training_source
47,hold_private_or_license,False,,300,300,0,0,1,0,foodydudy,,47,classification_pseudo_box_review,source_decision:HOLD_FORMAT_VERIFY,no_default_training_source
048,hold_private_or_license,False,,293,293,0,0,1,0,chinesefoodnet,,048,classification_pseudo_box_review,source_decision:HOLD_LICENSE_AND_SIZE,no_default_training_source
042,hold_private_or_license,False,,274,274,0,0,1,0,chinesefoodnet,,042,classification_pseudo_box_review,source_decision:HOLD_LICENSE_AND_SIZE,no_default_training_source
029,hold_private_or_license,False,,264,264,0,0,1,0,chinesefoodnet,,029,classification_pseudo_box_review,source_decision:HOLD_LICENSE_AND_SIZE,no_default_training_source
121,hold_private_or_license,False,,261,261,0,0,1,0,chinesefoodnet,,121,classification_pseudo_box_review,source_decision:HOLD_LICENSE_AND_SIZE,no_default_training_source
156,hold_private_or_license,False,,189,189,0,0,1,0,chinesefoodnet,,156,classification_pseudo_box_review,source_decision:HOLD_LICENSE_AND_SIZE,no_default_training_source
128,hold_private_or_license,False,,178,178,0,0,1,0,chinesefoodnet,,128,classification_pseudo_box_review,source_decision:HOLD_LICENSE_AND_SIZE,no_default_training_source
046,hold_private_or_license,False,,177,177,0,0,1,0,chinesefoodnet,,046,classification_pseudo_box_review,source_decision:HOLD_LICENSE_AND_SIZE,no_default_training_source
160,hold_private_or_license,False,,147,147,0,0,1,0,chinesefoodnet,,160,classification_pseudo_box_review,source_decision:HOLD_LICENSE_AND_SIZE,no_default_training_source
181,hold_private_or_license,False,,142,142,0,0,1,0,chinesefoodnet,,181,classification_pseudo_box_review,source_decision:HOLD_LICENSE_AND_SIZE,no_default_training_source
194,hold_private_or_license,False,,137,137,0,0,1,0,chinesefoodnet,,194,classification_pseudo_box_review,source_decision:HOLD_LICENSE_AND_SIZE,no_default_training_source
184,hold_private_or_license,False,,136,136,0,0,1,0,chinesefoodnet,,184,classification_pseudo_box_review,source_decision:HOLD_LICENSE_AND_SIZE,no_default_training_source
049,hold_private_or_license,False,,133,133,0,0,1,0,chinesefoodnet,,049,classification_pseudo_box_review,source_decision:HOLD_LICENSE_AND_SIZE,no_default_training_source
gulai_tunjang,hold_private_or_license,False,,119,119,0,0,1,0,padangfood,,gulai_tunjang,classification_pseudo_box_review,source_decision:HOLD_OVERLAP_ONLY,no_default_training_source
telur_dadar,hold_private_or_license,False,,116,116,0,0,1,0,padangfood,,telur_dadar,classification_pseudo_box_review,source_decision:HOLD_OVERLAP_ONLY,no_default_training_source
109,hold_private_or_license,False,,115,115,0,0,1,0,chinesefoodnet,,109,classification_pseudo_box_review,source_decision:HOLD_LICENSE_AND_SIZE,no_default_training_source
ayam_pop,hold_private_or_license,False,,113,113,0,0,1,0,padangfood,,ayam_pop,classification_pseudo_box_review,source_decision:HOLD_OVERLAP_ONLY,no_default_training_source
gulai_ikan,hold_private_or_license,False,,111,111,0,0,1,0,padangfood,,gulai_ikan,classification_pseudo_box_review,source_decision:HOLD_OVERLAP_ONLY,no_default_training_source
telur_balado,hold_private_or_license,False,,111,111,0,0,1,0,padangfood,,telur_balado,classification_pseudo_box_review,source_decision:HOLD_OVERLAP_ONLY,no_default_training_source
186,hold_private_or_license,False,,110,110,0,0,1,0,chinesefoodnet,,186,classification_pseudo_box_review,source_decision:HOLD_LICENSE_AND_SIZE,no_default_training_source
dendeng_batokok,hold_private_or_license,False,,109,109,0,0,1,0,padangfood,,dendeng_batokok,classification_pseudo_box_review,source_decision:HOLD_OVERLAP_ONLY,no_default_training_source
ayam_goreng,hold_private_or_license,False,,107,107,0,0,1,0,padangfood,,ayam_goreng,classification_pseudo_box_review,source_decision:HOLD_OVERLAP_ONLY,no_default_training_source
daging_rendang,hold_private_or_license,False,,104,104,0,0,1,0,padangfood,,daging_rendang,classification_pseudo_box_review,source_decision:HOLD_OVERLAP_ONLY,no_default_training_source
gulai_tambusu,hold_private_or_license,False,,103,103,0,0,1,0,padangfood,,gulai_tambusu,classification_pseudo_box_review,source_decision:HOLD_OVERLAP_ONLY,no_default_training_source
192,hold_private_or_license,False,,87,87,0,0,1,0,chinesefoodnet,,192,classification_pseudo_box_review,source_decision:HOLD_LICENSE_AND_SIZE,no_default_training_source
169,hold_private_or_license,False,,41,41,0,0,1,0,chinesefoodnet,,169,classification_pseudo_box_review,source_decision:HOLD_LICENSE_AND_SIZE,no_default_training_source
biryani,hold_private_or_license,False,,2,2,0,0,1,0,junk_food_object_detection_dataset_yolo_format,,biryani,yolo_detection,source_decision:HOLD_OVERLAP_ONLY,no_default_training_source
cheese,reject,False,,1326,1354,663,677,2,1,food_recognition_2022|food_recognition_2022_dataset,food_recognition_2022_dataset,cheese,annotation_category_review,source_decision:HOLD_LICENSE_OR_DUPLICATE,base_reject_alias
banh_tai_heo,reject,False,,532,532,266,266,2,1,100_vietnamese_food|vnfood_30_100,100_vietnamese_food,banh-tai-heo|banh_tai_heo,classification_pseudo_box_review,private_or_noncommercial_license:cc-by-nc-sa-4.0,too_few_eligible_images
hummus,reject,False,,1516,1544,258,272,3,1,food41|food_recognition_2022|food_recognition_2022_dataset,food_recognition_2022_dataset,hummus,classification_pseudo_box_review,source_decision:HOLD_CLASSIFICATION_ONLY|source_decision:HOLD_LICENSE_OR_DUPLICATE,too_few_eligible_images
xoi_xeo,reject,False,,1546,1546,250,250,3,1,100_vietnamese_food|vietnamese_foods|vnfood_30_100,100_vietnamese_food,Xoi xeo|xoi-xeo|xoi_xeo,classification_pseudo_box_review,private_or_noncommercial_license:cc-by-nc-sa-4.0|source_decision:HOLD_DUPLICATE_CHECK,too_few_eligible_images
french_fries,reject,False,,1244,1244,244,244,2,1,food41|foodseg103,foodseg103,french fries|french_fries,classification_pseudo_box_review,source_decision:HOLD_CLASSIFICATION_ONLY,too_few_eligible_images
com_chien,reject,False,,484,484,242,242,2,1,100_vietnamese_food|vnfood_30_100,100_vietnamese_food,com-chien|com_chien,classification_pseudo_box_review,private_or_noncommercial_license:cc-by-nc-sa-4.0,too_few_eligible_images
banh_tieu,reject,False,,482,482,241,241,2,1,100_vietnamese_food|vnfood_30_100,100_vietnamese_food,banh-tieu|banh_tieu,classification_pseudo_box_review,private_or_noncommercial_license:cc-by-nc-sa-4.0,too_few_eligible_images
ca_ri_ga,reject,False,,476,476,238,238,2,1,100_vietnamese_food|vnfood_30_100,100_vietnamese_food,ca-ri-ga|ca_ri_ga,classification_pseudo_box_review,private_or_noncommercial_license:cc-by-nc-sa-4.0,too_few_eligible_images
com_ga_xoi_mo,reject,False,,472,472,236,236,2,1,100_vietnamese_food|vnfood_30_100,100_vietnamese_food,com-ga-xoi-mo|com_ga_xoi_mo,classification_pseudo_box_review,private_or_noncommercial_license:cc-by-nc-sa-4.0,too_few_eligible_images
cut_lon_xao_me,reject,False,,472,472,236,236,2,1,100_vietnamese_food|vnfood_30_100,100_vietnamese_food,cut-lon-xao-me|cut_lon_xao_me,classification_pseudo_box_review,private_or_noncommercial_license:cc-by-nc-sa-4.0,too_few_eligible_images
cha_com,reject,False,,470,470,235,235,2,1,100_vietnamese_food|vnfood_30_100,100_vietnamese_food,cha-com|cha_com,classification_pseudo_box_review,private_or_noncommercial_license:cc-by-nc-sa-4.0,too_few_eligible_images
rau_muong_xao,reject,False,,466,466,233,233,2,1,100_vietnamese_food|vnfood_30_100,100_vietnamese_food,rau-muong-xao|rau_muong_xao,classification_pseudo_box_review,private_or_noncommercial_license:cc-by-nc-sa-4.0,too_few_eligible_images
tiet_canh,reject,False,,462,462,231,231,2,1,100_vietnamese_food|vnfood_30_100,100_vietnamese_food,tiet-canh|tiet_canh,classification_pseudo_box_review,private_or_noncommercial_license:cc-by-nc-sa-4.0,too_few_eligible_images
cha_lui,reject,False,,456,456,228,228,2,1,100_vietnamese_food|vnfood_30_100,100_vietnamese_food,cha-lui|cha_lui,classification_pseudo_box_review,private_or_noncommercial_license:cc-by-nc-sa-4.0,too_few_eligible_images
ga_chien_nuoc_mam,reject,False,,450,450,225,225,2,1,100_vietnamese_food|vnfood_30_100,100_vietnamese_food,ga-chien-nuoc-mam|ga_chien_nuoc_mam,classification_pseudo_box_review,private_or_noncommercial_license:cc-by-nc-sa-4.0,too_few_eligible_images
com_chay_cha_bong,reject,False,,446,446,223,223,2,1,100_vietnamese_food|vnfood_30_100,100_vietnamese_food,com-chay-cha-bong|com_chay_cha_bong,classification_pseudo_box_review,private_or_noncommercial_license:cc-by-nc-sa-4.0,too_few_eligible_images
canh_kho_hoa,reject,False,,444,444,222,222,2,1,100_vietnamese_food|vnfood_30_100,100_vietnamese_food,canh-kho-hoa|canh_kho_hoa,classification_pseudo_box_review,private_or_noncommercial_license:cc-by-nc-sa-4.0,too_few_eligible_images
banh_trang_nuong,reject,False,,2028,2028,219,219,3,1,100_vietnamese_food|vietnamese_foods|vnfood_30_100,100_vietnamese_food,Banh trang nuong|banh-trang-nuong|banh_trang_nuong,classification_pseudo_box_review,private_or_noncommercial_license:cc-by-nc-sa-4.0|source_decision:HOLD_DUPLICATE_CHECK,too_few_eligible_images
banh_trung_thu,reject,False,,436,436,218,218,2,1,100_vietnamese_food|vnfood_30_100,100_vietnamese_food,banh-trung-thu|banh_trung_thu,classification_pseudo_box_review,private_or_noncommercial_license:cc-by-nc-sa-4.0,too_few_eligible_images
com_rang_dua_bo,reject,False,,436,436,218,218,2,1,100_vietnamese_food|vnfood_30_100,100_vietnamese_food,com-rang-dua-bo|com_rang_dua_bo,classification_pseudo_box_review,private_or_noncommercial_license:cc-by-nc-sa-4.0,too_few_eligible_images
banh_troi_nuoc,reject,False,,434,434,217,217,2,1,100_vietnamese_food|vnfood_30_100,100_vietnamese_food,banh-troi-nuoc|banh_troi_nuoc,classification_pseudo_box_review,private_or_noncommercial_license:cc-by-nc-sa-4.0,too_few_eligible_images
muc_nhoi_thit,reject,False,,434,434,217,217,2,1,100_vietnamese_food|vnfood_30_100,100_vietnamese_food,muc-nhoi-thit|muc_nhoi_thit,classification_pseudo_box_review,private_or_noncommercial_license:cc-by-nc-sa-4.0,too_few_eligible_images
banh_u,reject,False,,428,428,214,214,2,1,100_vietnamese_food|vnfood_30_100,100_vietnamese_food,banh-u|banh_u,classification_pseudo_box_review,private_or_noncommercial_license:cc-by-nc-sa-4.0,too_few_eligible_images
xoi_gac,reject,False,,426,426,213,213,2,1,100_vietnamese_food|vnfood_30_100,100_vietnamese_food,xoi-gac|xoi_gac,classification_pseudo_box_review,private_or_noncommercial_license:cc-by-nc-sa-4.0,too_few_eligible_images
ca_sot_ca_chua,reject,False,,424,424,212,212,2,1,100_vietnamese_food|vnfood_30_100,100_vietnamese_food,ca-sot-ca-chua|ca_sot_ca_chua,classification_pseudo_box_review,private_or_noncommercial_license:cc-by-nc-sa-4.0,too_few_eligible_images
mi_xao_gion,reject,False,,422,422,211,211,2,1,100_vietnamese_food|vnfood_30_100,100_vietnamese_food,mi-xao-gion|mi_xao_gion,classification_pseudo_box_review,private_or_noncommercial_license:cc-by-nc-sa-4.0,too_few_eligible_images
nem_nuong_nha_trang,reject,False,,422,422,211,211,2,1,100_vietnamese_food|vnfood_30_100,100_vietnamese_food,nem-nuong-nha-trang|nem_nuong_nha_trang,classification_pseudo_box_review,private_or_noncommercial_license:cc-by-nc-sa-4.0,too_few_eligible_images
bo_ne,reject,False,,420,420,210,210,2,1,100_vietnamese_food|vnfood_30_100,100_vietnamese_food,bo-ne|bo_ne,classification_pseudo_box_review,private_or_noncommercial_license:cc-by-nc-sa-4.0,too_few_eligible_images
mam_chung,reject,False,,418,418,209,209,2,1,100_vietnamese_food|vnfood_30_100,100_vietnamese_food,mam-chung|mam_chung,classification_pseudo_box_review,private_or_noncommercial_license:cc-by-nc-sa-4.0,too_few_eligible_images
bo_nuong_la_lot,reject,False,,414,414,207,207,2,1,100_vietnamese_food|vnfood_30_100,100_vietnamese_food,bo-nuong-la-lot|bo_nuong_la_lot,classification_pseudo_box_review,private_or_noncommercial_license:cc-by-nc-sa-4.0,too_few_eligible_images
ga_hap_la_chanh,reject,False,,414,414,207,207,2,1,100_vietnamese_food|vnfood_30_100,100_vietnamese_food,ga-hap-la-chanh|ga_hap_la_chanh,classification_pseudo_box_review,private_or_noncommercial_license:cc-by-nc-sa-4.0,too_few_eligible_images
bo_luc_lac,reject,False,,412,412,206,206,2,1,100_vietnamese_food|vnfood_30_100,100_vietnamese_food,bo-luc-lac|bo_luc_lac,classification_pseudo_box_review,private_or_noncommercial_license:cc-by-nc-sa-4.0,too_few_eligible_images
bun_dau_mam_tom,reject,False,,2242,2242,205,205,3,1,100_vietnamese_food|vietnamese_foods|vnfood_30_100,100_vietnamese_food,Bun dau mam tom|bun-dau-mam-tom|bun_dau_mam_tom,classification_pseudo_box_review,private_or_noncommercial_license:cc-by-nc-sa-4.0|source_decision:HOLD_DUPLICATE_CHECK,too_few_eligible_images
kho_muc_nuong,reject,False,,410,410,205,205,2,1,100_vietnamese_food|vnfood_30_100,100_vietnamese_food,kho-muc-nuong|kho_muc_nuong,classification_pseudo_box_review,private_or_noncommercial_license:cc-by-nc-sa-4.0,too_few_eligible_images
oc_len_xao_dua,reject,False,,410,410,205,205,2,1,100_vietnamese_food|vnfood_30_100,100_vietnamese_food,oc-len-xao-dua|oc_len_xao_dua,classification_pseudo_box_review,private_or_noncommercial_license:cc-by-nc-sa-4.0,too_few_eligible_images
luon_xao_xa_ot,reject,False,,408,408,204,204,2,1,100_vietnamese_food|vnfood_30_100,100_vietnamese_food,luon-xao-xa-ot|luon_xao_xa_ot,classification_pseudo_box_review,private_or_noncommercial_license:cc-by-nc-sa-4.0,too_few_eligible_images
ca_loc_nuong,reject,False,,406,406,203,203,2,1,100_vietnamese_food|vnfood_30_100,100_vietnamese_food,ca-loc-nuong|ca_loc_nuong,classification_pseudo_box_review,private_or_noncommercial_license:cc-by-nc-sa-4.0,too_few_eligible_images
mam_tep_chung_thit,reject,False,,406,406,203,203,2,1,100_vietnamese_food|vnfood_30_100,100_vietnamese_food,mam-tep-chung-thit|mam_tep_chung_thit,classification_pseudo_box_review,private_or_noncommercial_license:cc-by-nc-sa-4.0,too_few_eligible_images
banh_bao,reject,False,,404,404,202,202,2,1,100_vietnamese_food|vnfood_30_100,100_vietnamese_food,banh-bao|banh_bao,classification_pseudo_box_review,private_or_noncommercial_license:cc-by-nc-sa-4.0,too_few_eligible_images
ca_muoi_xoi,reject,False,,402,402,201,201,2,1,100_vietnamese_food|vnfood_30_100,100_vietnamese_food,ca-muoi-xoi|ca_muoi_xoi,classification_pseudo_box_review,private_or_noncommercial_license:cc-by-nc-sa-4.0,too_few_eligible_images
banh_giay,reject,False,,398,398,199,199,2,1,100_vietnamese_food|vnfood_30_100,100_vietnamese_food,banh-giay|banh_giay,classification_pseudo_box_review,private_or_noncommercial_license:cc-by-nc-sa-4.0,too_few_eligible_images
kho_quet,reject,False,,398,398,199,199,2,1,100_vietnamese_food|vnfood_30_100,100_vietnamese_food,kho-quet|kho_quet,classification_pseudo_box_review,private_or_noncommercial_license:cc-by-nc-sa-4.0,too_few_eligible_images
oc_buou_hap,reject,False,,398,398,199,199,2,1,100_vietnamese_food|vnfood_30_100,100_vietnamese_food,oc-buou-hap|oc_buou_hap,classification_pseudo_box_review,private_or_noncommercial_license:cc-by-nc-sa-4.0,too_few_eligible_images
baba_nau_chuoi_dau,reject,False,,396,396,198,198,2,1,100_vietnamese_food|vnfood_30_100,100_vietnamese_food,baba-nau-chuoi-dau|baba_nau_chuoi_dau,classification_pseudo_box_review,private_or_noncommercial_license:cc-by-nc-sa-4.0,too_few_eligible_images
canh_chua,reject,False,,2044,2044,197,197,3,1,100_vietnamese_food|vietnamese_foods|vnfood_30_100,100_vietnamese_food,Canh chua|canh-chua|canh_chua,classification_pseudo_box_review,private_or_noncommercial_license:cc-by-nc-sa-4.0|source_decision:HOLD_DUPLICATE_CHECK,too_few_eligible_images
chao_vit,reject,False,,392,392,196,196,2,1,100_vietnamese_food|vnfood_30_100,100_vietnamese_food,chao-vit|chao_vit,classification_pseudo_box_review,private_or_noncommercial_license:cc-by-nc-sa-4.0,too_few_eligible_images
goi_ca_chich,reject,False,,390,390,195,195,2,1,100_vietnamese_food|vnfood_30_100,100_vietnamese_food,goi-ca-chich|goi_ca_chich,classification_pseudo_box_review,private_or_noncommercial_license:cc-by-nc-sa-4.0,too_few_eligible_images
lap_xuong,reject,False,,390,390,195,195,2,1,100_vietnamese_food|vnfood_30_100,100_vietnamese_food,lap-xuong|lap_xuong,classification_pseudo_box_review,private_or_noncommercial_license:cc-by-nc-sa-4.0,too_few_eligible_images
xoi_nep_than,reject,False,,390,390,195,195,2,1,100_vietnamese_food|vnfood_30_100,100_vietnamese_food,xoi-nep-than|xoi_nep_than,classification_pseudo_box_review,private_or_noncommercial_license:cc-by-nc-sa-4.0,too_few_eligible_images
banh_pia,reject,False,,1274,1274,193,193,3,1,100_vietnamese_food|vietnamese_foods|vnfood_30_100,100_vietnamese_food,Banh pia|banh-pia|banh_pia,classification_pseudo_box_review,private_or_noncommercial_license:cc-by-nc-sa-4.0|source_decision:HOLD_DUPLICATE_CHECK,too_few_eligible_images
banh_gai,reject,False,,386,386,193,193,2,1,100_vietnamese_food|vnfood_30_100,100_vietnamese_food,banh-gai|banh_gai,classification_pseudo_box_review,private_or_noncommercial_license:cc-by-nc-sa-4.0,too_few_eligible_images
trung_vit_lon,reject,False,,386,386,193,193,2,1,100_vietnamese_food|vnfood_30_100,100_vietnamese_food,trung-vit-lon|trung_vit_lon,classification_pseudo_box_review,private_or_noncommercial_license:cc-by-nc-sa-4.0,too_few_eligible_images
bun_thit_nuong,reject,False,,1878,1878,192,192,3,1,100_vietnamese_food|vietnamese_foods|vnfood_30_100,100_vietnamese_food,Bun thit nuong|bun-thit-nuong|bun_thit_nuong,classification_pseudo_box_review,private_or_noncommercial_license:cc-by-nc-sa-4.0|source_decision:HOLD_DUPLICATE_CHECK,too_few_eligible_images
banh_gio,reject,False,,1662,1662,190,190,3,1,100_vietnamese_food|vietnamese_foods|vnfood_30_100,100_vietnamese_food,Banh gio|banh-gio|banh_gio,classification_pseudo_box_review,private_or_noncommercial_license:cc-by-nc-sa-4.0|source_decision:HOLD_DUPLICATE_CHECK,too_few_eligible_images
banh_tom_ho_tay,reject,False,,378,378,189,189,2,1,100_vietnamese_food|vnfood_30_100,100_vietnamese_food,banh-tom-ho-tay|banh_tom_ho_tay,classification_pseudo_box_review,private_or_noncommercial_license:cc-by-nc-sa-4.0,too_few_eligible_images
com_lam,reject,False,,378,378,189,189,2,1,100_vietnamese_food|vnfood_30_100,100_vietnamese_food,com-lam|com_lam,classification_pseudo_box_review,private_or_noncommercial_license:cc-by-nc-sa-4.0,too_few_eligible_images
thit_dong,reject,False,,374,374,187,187,2,1,100_vietnamese_food|vnfood_30_100,100_vietnamese_food,thit-dong|thit_dong,classification_pseudo_box_review,private_or_noncommercial_license:cc-by-nc-sa-4.0,too_few_eligible_images
luon_om_chuoi_dau,reject,False,,366,366,183,183,2,1,100_vietnamese_food|vnfood_30_100,100_vietnamese_food,luon-om-chuoi-dau|luon_om_chuoi_dau,classification_pseudo_box_review,private_or_noncommercial_license:cc-by-nc-sa-4.0,too_few_eligible_images
banh_da_cua,reject,False,,364,364,182,182,2,1,100_vietnamese_food|vnfood_30_100,100_vietnamese_food,banh-da-cua|banh_da_cua,classification_pseudo_box_review,private_or_noncommercial_license:cc-by-nc-sa-4.0,too_few_eligible_images
canh_bi_do,reject,False,,362,362,181,181,2,1,100_vietnamese_food|vnfood_30_100,100_vietnamese_food,canh-bi-do|canh_bi_do,classification_pseudo_box_review,private_or_noncommercial_license:cc-by-nc-sa-4.0,too_few_eligible_images
bun_cha_ca,reject,False,,360,360,180,180,2,1,100_vietnamese_food|vnfood_30_100,100_vietnamese_food,bun-cha-ca|bun_cha_ca,classification_pseudo_box_review,private_or_noncommercial_license:cc-by-nc-sa-4.0,too_few_eligible_images
nem_chua,reject,False,,1442,1442,179,179,3,1,100_vietnamese_food|vietnamese_foods|vnfood_30_100,100_vietnamese_food,Nem chua|nem-chua|nem_chua,classification_pseudo_box_review,private_or_noncommercial_license:cc-by-nc-sa-4.0|source_decision:HOLD_DUPLICATE_CHECK,too_few_eligible_images
canh_cua,reject,False,,358,358,179,179,2,1,100_vietnamese_food|vnfood_30_100,100_vietnamese_food,canh-cua|canh_cua,classification_pseudo_box_review,private_or_noncommercial_license:cc-by-nc-sa-4.0,too_few_eligible_images
tau_hu_nhoi_thit,reject,False,,356,356,178,178,2,1,100_vietnamese_food|vnfood_30_100,100_vietnamese_food,tau-hu-nhoi-thit|tau_hu_nhoi_thit,classification_pseudo_box_review,private_or_noncommercial_license:cc-by-nc-sa-4.0,too_few_eligible_images
tau_hu_non,reject,False,,356,356,178,178,2,1,100_vietnamese_food|vnfood_30_100,100_vietnamese_food,tau-hu-non|tau_hu_non,classification_pseudo_box_review,private_or_noncommercial_license:cc-by-nc-sa-4.0,too_few_eligible_images
banh_la,reject,False,,350,350,175,175,2,1,100_vietnamese_food|vnfood_30_100,100_vietnamese_food,banh-la|banh_la,classification_pseudo_box_review,private_or_noncommercial_license:cc-by-nc-sa-4.0,too_few_eligible_images
thit_trau_gac_bep,reject,False,,350,350,175,175,2,1,100_vietnamese_food|vnfood_30_100,100_vietnamese_food,thit-trau-gac-bep|thit_trau_gac_bep,classification_pseudo_box_review,private_or_noncommercial_license:cc-by-nc-sa-4.0,too_few_eligible_images
ca_kho_to,reject,False,,1696,1696,172,172,3,1,100_vietnamese_food|vietnamese_foods|vnfood_30_100,100_vietnamese_food,Ca kho to|ca-kho-to|ca_kho_to,classification_pseudo_box_review,private_or_noncommercial_license:cc-by-nc-sa-4.0|source_decision:HOLD_DUPLICATE_CHECK,too_few_eligible_images
khau_nhuc,reject,False,,342,342,171,171,2,1,100_vietnamese_food|vnfood_30_100,100_vietnamese_food,khau-nhuc|khau_nhuc,classification_pseudo_box_review,private_or_noncommercial_license:cc-by-nc-sa-4.0,too_few_eligible_images
cua_hap_bia,reject,False,,338,338,169,169,2,1,100_vietnamese_food|vnfood_30_100,100_vietnamese_food,cua-hap-bia|cua_hap_bia,classification_pseudo_box_review,private_or_noncommercial_license:cc-by-nc-sa-4.0,too_few_eligible_images
oc_huong_xao,reject,False,,338,338,169,169,2,1,100_vietnamese_food|vnfood_30_100,100_vietnamese_food,oc-huong-xao|oc_huong_xao,classification_pseudo_box_review,private_or_noncommercial_license:cc-by-nc-sa-4.0,too_few_eligible_images
cha_ca_la_vong,reject,False,,336,336,168,168,2,1,100_vietnamese_food|vnfood_30_100,100_vietnamese_food,cha-ca-la-vong|cha_ca_la_vong,classification_pseudo_box_review,private_or_noncommercial_license:cc-by-nc-sa-4.0,too_few_eligible_images
canh_khoai_tim,reject,False,,328,328,164,164,2,1,100_vietnamese_food|vnfood_30_100,100_vietnamese_food,canh-khoai-tim|canh_khoai_tim,classification_pseudo_box_review,private_or_noncommercial_license:cc-by-nc-sa-4.0,too_few_eligible_images
nui_xao,reject,False,,310,310,155,155,2,1,100_vietnamese_food|vnfood_30_100,100_vietnamese_food,nui-xao|nui_xao,classification_pseudo_box_review,private_or_noncommercial_license:cc-by-nc-sa-4.0,too_few_eligible_images
nam_pia,reject,False,,306,306,153,153,2,1,100_vietnamese_food|vnfood_30_100,100_vietnamese_food,nam-pia|nam_pia,classification_pseudo_box_review,private_or_noncommercial_license:cc-by-nc-sa-4.0,too_few_eligible_images
guacamole,reject,False,,1298,1304,149,152,3,1,food41|food_recognition_2022|food_recognition_2022_dataset,food_recognition_2022_dataset,guacamole,classification_pseudo_box_review,source_decision:HOLD_CLASSIFICATION_ONLY|source_decision:HOLD_LICENSE_OR_DUPLICATE,too_few_eligible_images
cashew_nut,reject,False,,298,308,149,154,2,1,food_recognition_2022|food_recognition_2022_dataset,food_recognition_2022_dataset,cashew-nut,annotation_category_review,source_decision:HOLD_LICENSE_OR_DUPLICATE,too_few_eligible_images
curry_vegetarian,reject,False,,298,300,149,150,2,1,food_recognition_2022|food_recognition_2022_dataset,food_recognition_2022_dataset,curry-vegetarian,annotation_category_review,source_decision:HOLD_LICENSE_OR_DUPLICATE,too_few_eligible_images
ketchup,reject,False,,296,300,148,150,2,1,food_recognition_2022|food_recognition_2022_dataset,food_recognition_2022_dataset,ketchup,annotation_category_review,source_decision:HOLD_LICENSE_OR_DUPLICATE,too_few_eligible_images
cottage_cheese,reject,False,,294,304,147,152,2,1,food_recognition_2022|food_recognition_2022_dataset,food_recognition_2022_dataset,cottage-cheese,annotation_category_review,source_decision:HOLD_LICENSE_OR_DUPLICATE,too_few_eligible_images
soup_vegetable,reject,False,,290,298,145,149,2,1,food_recognition_2022|food_recognition_2022_dataset,food_recognition_2022_dataset,soup-vegetable,annotation_category_review,source_decision:HOLD_LICENSE_OR_DUPLICATE,too_few_eligible_images
apricots,reject,False,,288,306,144,153,2,1,food_recognition_2022|food_recognition_2022_dataset,food_recognition_2022_dataset,apricots,annotation_category_review,source_decision:HOLD_LICENSE_OR_DUPLICATE,too_few_eligible_images
muesli,reject,False,,282,298,141,149,2,1,food_recognition_2022|food_recognition_2022_dataset,food_recognition_2022_dataset,muesli,annotation_category_review,source_decision:HOLD_LICENSE_OR_DUPLICATE,too_few_eligible_images
witloof_chicory,reject,False,,280,286,140,143,2,1,food_recognition_2022|food_recognition_2022_dataset,food_recognition_2022_dataset,witloof-chicory,annotation_category_review,source_decision:HOLD_LICENSE_OR_DUPLICATE,too_few_eligible_images
baked_potato,reject,False,,278,280,139,140,2,1,food_recognition_2022|food_recognition_2022_dataset,food_recognition_2022_dataset,baked-potato,annotation_category_review,source_decision:HOLD_LICENSE_OR_DUPLICATE,too_few_eligible_images
flakes_oat,reject,False,,276,314,138,157,2,1,food_recognition_2022|food_recognition_2022_dataset,food_recognition_2022_dataset,flakes-oat,annotation_category_review,source_decision:HOLD_LICENSE_OR_DUPLICATE,too_few_eligible_images
bread_toast,reject,False,,274,276,137,138,2,1,food_recognition_2022|food_recognition_2022_dataset,food_recognition_2022_dataset,bread-toast,annotation_category_review,source_decision:HOLD_LICENSE_OR_DUPLICATE,too_few_eligible_images
ristretto_with_caffeine,reject,False,,272,316,136,158,2,1,food_recognition_2022|food_recognition_2022_dataset,food_recognition_2022_dataset,ristretto-with-caffeine,annotation_category_review,source_decision:HOLD_LICENSE_OR_DUPLICATE,too_few_eligible_images
shiitake,reject,False,,136,136,136,136,1,1,foodseg103,foodseg103,shiitake,segmentation_or_mask,,too_few_eligible_images
white_button_mushroom,reject,False,,136,136,136,136,1,1,foodseg103,foodseg103,white button mushroom,segmentation_or_mask,,too_few_eligible_images
red_cabbage,reject,False,,268,270,134,135,2,1,food_recognition_2022|food_recognition_2022_dataset,food_recognition_2022_dataset,red-cabbage,annotation_category_review,source_decision:HOLD_LICENSE_OR_DUPLICATE,too_few_eligible_images
lamb,reject,False,,167,167,133,133,3,2,food_recognition_2022|food_recognition_2022_dataset|foodseg103,food_recognition_2022_dataset|foodseg103,lamb,segmentation_or_mask,source_decision:HOLD_LICENSE_OR_DUPLICATE,too_few_eligible_images
fruit_salad,reject,False,,264,274,132,137,2,1,food_recognition_2022|food_recognition_2022_dataset,food_recognition_2022_dataset,fruit-salad,annotation_category_review,source_decision:HOLD_LICENSE_OR_DUPLICATE,too_few_eligible_images
lentils,reject,False,,264,272,132,136,2,1,food_recognition_2022|food_recognition_2022_dataset,food_recognition_2022_dataset,lentils,annotation_category_review,source_decision:HOLD_LICENSE_OR_DUPLICATE,too_few_eligible_images
pasta_wholemeal,reject,False,,262,266,131,133,2,1,food_recognition_2022|food_recognition_2022_dataset,food_recognition_2022_dataset,pasta-wholemeal,annotation_category_review,source_decision:HOLD_LICENSE_OR_DUPLICATE,too_few_eligible_images
water_with_lemon_juice,reject,False,,260,326,130,163,2,1,food_recognition_2022|food_recognition_2022_dataset,food_recognition_2022_dataset,water-with-lemon-juice,annotation_category_review,source_decision:HOLD_LICENSE_OR_DUPLICATE,too_few_eligible_images
apple_pie,reject,False,,1256,1280,128,140,3,1,food41|food_recognition_2022|food_recognition_2022_dataset,food_recognition_2022_dataset,apple-pie|apple_pie,classification_pseudo_box_review,source_decision:HOLD_CLASSIFICATION_ONLY|source_decision:HOLD_LICENSE_OR_DUPLICATE,too_few_eligible_images
caprese_salad_tomato_mozzarella,reject,False,,254,262,127,131,2,1,food_recognition_2022|food_recognition_2022_dataset,food_recognition_2022_dataset,caprese-salad-tomato-mozzarella,annotation_category_review,source_decision:HOLD_LICENSE_OR_DUPLICATE,too_few_eligible_images
pasta_linguini_parpadelle_tagliatelle,reject,False,,252,254,126,127,2,1,food_recognition_2022|food_recognition_2022_dataset,food_recognition_2022_dataset,pasta-linguini-parpadelle-tagliatelle,annotation_category_review,source_decision:HOLD_LICENSE_OR_DUPLICATE,too_few_eligible_images
nectarine,reject,False,,248,252,124,126,2,1,food_recognition_2022|food_recognition_2022_dataset,food_recognition_2022_dataset,nectarine,annotation_category_review,source_decision:HOLD_LICENSE_OR_DUPLICATE,too_few_eligible_images
pizza_with_vegetables_baked,reject,False,,248,254,124,127,2,1,food_recognition_2022|food_recognition_2022_dataset,food_recognition_2022_dataset,pizza-with-vegetables-baked,annotation_category_review,source_decision:HOLD_LICENSE_OR_DUPLICATE,too_few_eligible_images
soup_pumpkin,reject,False,,248,262,124,131,2,1,food_recognition_2022|food_recognition_2022_dataset,food_recognition_2022_dataset,soup-pumpkin,annotation_category_review,source_decision:HOLD_LICENSE_OR_DUPLICATE,too_few_eligible_images
sweet_corn_canned,reject,False,,248,252,124,126,2,1,food_recognition_2022|food_recognition_2022_dataset,food_recognition_2022_dataset,sweet-corn-canned,annotation_category_review,source_decision:HOLD_LICENSE_OR_DUPLICATE,too_few_eligible_images
tuna,reject,False,,248,252,124,126,2,1,food_recognition_2022|food_recognition_2022_dataset,food_recognition_2022_dataset,tuna,annotation_category_review,source_decision:HOLD_LICENSE_OR_DUPLICATE,too_few_eligible_images
chicken_curry_cream_coconut_milk_curry_spices_paste,reject,False,,246,252,123,126,2,1,food_recognition_2022|food_recognition_2022_dataset,food_recognition_2022_dataset,chicken-curry-cream-coconut-milk-curry-spices-paste,annotation_category_review,source_decision:HOLD_LICENSE_OR_DUPLICATE,too_few_eligible_images
cheese_for_raclette,reject,False,,244,296,122,148,2,1,food_recognition_2022|food_recognition_2022_dataset,food_recognition_2022_dataset,cheese-for-raclette,annotation_category_review,source_decision:HOLD_LICENSE_OR_DUPLICATE,too_few_eligible_images
couscous,reject,False,,240,244,120,122,2,1,food_recognition_2022|food_recognition_2022_dataset,food_recognition_2022_dataset,couscous,annotation_category_review,source_decision:HOLD_LICENSE_OR_DUPLICATE,too_few_eligible_images
crisps,reject,False,,240,254,120,127,2,1,food_recognition_2022|food_recognition_2022_dataset,food_recognition_2022_dataset,crisps,annotation_category_review,source_decision:HOLD_LICENSE_OR_DUPLICATE,too_few_eligible_images
hazelnut_chocolate_spread_nutella_ovomaltine_caotina,reject,False,,240,256,120,128,2,1,food_recognition_2022|food_recognition_2022_dataset,food_recognition_2022_dataset,hazelnut-chocolate-spread-nutella-ovomaltine-caotina,annotation_category_review,source_decision:HOLD_LICENSE_OR_DUPLICATE,too_few_eligible_images
tart,reject,False,,236,262,118,131,2,1,food_recognition_2022|food_recognition_2022_dataset,food_recognition_2022_dataset,tart,annotation_category_review,source_decision:HOLD_LICENSE_OR_DUPLICATE,too_few_eligible_images
fresh_cheese,reject,False,,230,234,115,117,2,1,food_recognition_2022|food_recognition_2022_dataset,food_recognition_2022_dataset,fresh-cheese,annotation_category_review,source_decision:HOLD_LICENSE_OR_DUPLICATE,too_few_eligible_images
bread_nut,reject,False,,228,240,114,120,2,1,food_recognition_2022|food_recognition_2022_dataset,food_recognition_2022_dataset,bread-nut,annotation_category_review,source_decision:HOLD_LICENSE_OR_DUPLICATE,too_few_eligible_images
crunch_muesli,reject,False,,228,234,114,117,2,1,food_recognition_2022|food_recognition_2022_dataset,food_recognition_2022_dataset,crunch-muesli,annotation_category_review,source_decision:HOLD_LICENSE_OR_DUPLICATE,too_few_eligible_images
pomegranate,reject,False,,228,234,114,117,2,1,food_recognition_2022|food_recognition_2022_dataset,food_recognition_2022_dataset,pomegranate,annotation_category_review,source_decision:HOLD_LICENSE_OR_DUPLICATE,too_few_eligible_images
rice_basmati,reject,False,,228,232,114,116,2,1,food_recognition_2022|food_recognition_2022_dataset,food_recognition_2022_dataset,rice-basmati,annotation_category_review,source_decision:HOLD_LICENSE_OR_DUPLICATE,too_few_eligible_images
kolhrabi,reject,False,,226,230,113,115,2,1,food_recognition_2022|food_recognition_2022_dataset,food_recognition_2022_dataset,kolhrabi,annotation_category_review,source_decision:HOLD_LICENSE_OR_DUPLICATE,too_few_eligible_images
milk_chocolate,reject,False,,226,232,113,116,2,1,food_recognition_2022|food_recognition_2022_dataset,food_recognition_2022_dataset,milk-chocolate,annotation_category_review,source_decision:HOLD_LICENSE_OR_DUPLICATE,too_few_eligible_images
praline,reject,False,,226,236,113,118,2,1,food_recognition_2022|food_recognition_2022_dataset,food_recognition_2022_dataset,praline,annotation_category_review,source_decision:HOLD_LICENSE_OR_DUPLICATE,too_few_eligible_images
chicken_cut_into_stripes_only_meat,reject,False,,220,224,110,112,2,1,food_recognition_2022|food_recognition_2022_dataset,food_recognition_2022_dataset,chicken-cut-into-stripes-only-meat,annotation_category_review,source_decision:HOLD_LICENSE_OR_DUPLICATE,too_few_eligible_images
peanut_butter,reject,False,,220,224,110,112,2,1,food_recognition_2022|food_recognition_2022_dataset,food_recognition_2022_dataset,peanut-butter,annotation_category_review,source_decision:HOLD_LICENSE_OR_DUPLICATE,too_few_eligible_images
bread_wholemeal_toast,reject,False,,216,218,108,109,2,1,food_recognition_2022|food_recognition_2022_dataset,food_recognition_2022_dataset,bread-wholemeal-toast,annotation_category_review,source_decision:HOLD_LICENSE_OR_DUPLICATE,too_few_eligible_images
roll_of_half_white_or_white_flour_with_large_void,reject,False,,216,220,108,110,2,1,food_recognition_2022|food_recognition_2022_dataset,food_recognition_2022_dataset,roll-of-half-white-or-white-flour-with-large-void,annotation_category_review,source_decision:HOLD_LICENSE_OR_DUPLICATE,too_few_eligible_images
spaetzle,reject,False,,214,218,107,109,2,1,food_recognition_2022|food_recognition_2022_dataset,food_recognition_2022_dataset,spaetzle,annotation_category_review,source_decision:HOLD_LICENSE_OR_DUPLICATE,too_few_eligible_images
sushi,reject,False,,1208,1232,104,116,3,1,food41|food_recognition_2022|food_recognition_2022_dataset,food_recognition_2022_dataset,sushi,classification_pseudo_box_review,source_decision:HOLD_CLASSIFICATION_ONLY|source_decision:HOLD_LICENSE_OR_DUPLICATE,too_few_eligible_images
pasta_noodles,reject,False,,208,210,104,105,2,1,food_recognition_2022|food_recognition_2022_dataset,food_recognition_2022_dataset,pasta-noodles,annotation_category_review,source_decision:HOLD_LICENSE_OR_DUPLICATE,too_few_eligible_images
peanut,reject,False,,199,213,104,111,3,2,food_recognition_2022|food_recognition_2022_dataset|foodseg103,food_recognition_2022_dataset|foodseg103,peanut,annotation_category_review,source_decision:HOLD_LICENSE_OR_DUPLICATE,too_few_eligible_images
pancakes,reject,False,,1204,1210,102,105,3,1,food41|food_recognition_2022|food_recognition_2022_dataset,food_recognition_2022_dataset,pancakes,classification_pseudo_box_review,source_decision:HOLD_CLASSIFICATION_ONLY|source_decision:HOLD_LICENSE_OR_DUPLICATE,too_few_eligible_images
cream,reject,False,,204,212,102,106,2,1,food_recognition_2022|food_recognition_2022_dataset,food_recognition_2022_dataset,cream,annotation_category_review,source_decision:HOLD_LICENSE_OR_DUPLICATE,too_few_eligible_images
watermelon_fresh,reject,False,,204,204,102,102,2,1,food_recognition_2022|food_recognition_2022_dataset,food_recognition_2022_dataset,watermelon-fresh,annotation_category_review,source_decision:HOLD_LICENSE_OR_DUPLICATE,too_few_eligible_images
berries,reject,False,,196,198,98,99,2,1,food_recognition_2022|food_recognition_2022_dataset,food_recognition_2022_dataset,berries,annotation_category_review,source_decision:HOLD_LICENSE_OR_DUPLICATE,too_few_eligible_images
sour_cream,reject,False,,196,200,98,100,2,1,food_recognition_2022|food_recognition_2022_dataset,food_recognition_2022_dataset,sour-cream,annotation_category_review,source_decision:HOLD_LICENSE_OR_DUPLICATE,too_few_eligible_images
cookies,reject,False,,694,1251,97,98,3,1,food_recognition_2022|food_recognition_2022_dataset|junk_food_object_detection_dataset_yolo_format,food_recognition_2022_dataset,Cookies|cookies,yolo_detection,source_decision:HOLD_LICENSE_OR_DUPLICATE|source_decision:HOLD_OVERLAP_ONLY,too_few_eligible_images
goat_cheese_soft,reject,False,,192,196,96,98,2,1,food_recognition_2022|food_recognition_2022_dataset,food_recognition_2022_dataset,goat-cheese-soft,annotation_category_review,source_decision:HOLD_LICENSE_OR_DUPLICATE,too_few_eligible_images
bread_half_white,reject,False,,190,192,95,96,2,1,food_recognition_2022|food_recognition_2022_dataset,food_recognition_2022_dataset,bread-half-white,annotation_category_review,source_decision:HOLD_LICENSE_OR_DUPLICATE,too_few_eligible_images
grits_polenta_maize_flour,reject,False,,190,198,95,99,2,1,food_recognition_2022|food_recognition_2022_dataset,food_recognition_2022_dataset,grits-polenta-maize-flour,annotation_category_review,source_decision:HOLD_LICENSE_OR_DUPLICATE,too_few_eligible_images
mustard,reject,False,,190,190,95,95,2,1,food_recognition_2022|food_recognition_2022_dataset,food_recognition_2022_dataset,mustard,annotation_category_review,source_decision:HOLD_LICENSE_OR_DUPLICATE,too_few_eligible_images
fajita_bread_only,reject,False,,188,202,94,101,2,1,food_recognition_2022|food_recognition_2022_dataset,food_recognition_2022_dataset,fajita-bread-only,annotation_category_review,source_decision:HOLD_LICENSE_OR_DUPLICATE,too_few_eligible_images
plums,reject,False,,188,190,94,95,2,1,food_recognition_2022|food_recognition_2022_dataset,food_recognition_2022_dataset,plums,annotation_category_review,source_decision:HOLD_LICENSE_OR_DUPLICATE,too_few_eligible_images
almond,reject,False,,94,94,94,94,1,1,foodseg103,foodseg103,almond,segmentation_or_mask,,too_few_eligible_images
croissant_with_chocolate_filling,reject,False,,186,198,93,99,2,1,food_recognition_2022|food_recognition_2022_dataset,food_recognition_2022_dataset,croissant-with-chocolate-filling,annotation_category_review,source_decision:HOLD_LICENSE_OR_DUPLICATE,too_few_eligible_images
omelette_plain,reject,False,,186,190,93,95,2,1,food_recognition_2022|food_recognition_2022_dataset,food_recognition_2022_dataset,omelette-plain,annotation_category_review,source_decision:HOLD_LICENSE_OR_DUPLICATE,too_few_eligible_images
pasta_hornli,reject,False,,180,184,90,92,2,1,food_recognition_2022|food_recognition_2022_dataset,food_recognition_2022_dataset,pasta-hornli,annotation_category_review,source_decision:HOLD_LICENSE_OR_DUPLICATE,too_few_eligible_images
syrup_diluted_ready_to_drink,reject,False,,180,198,90,99,2,1,food_recognition_2022|food_recognition_2022_dataset,food_recognition_2022_dataset,syrup-diluted-ready-to-drink,annotation_category_review,source_decision:HOLD_LICENSE_OR_DUPLICATE,too_few_eligible_images
beans_kidney,reject,False,,178,188,89,94,2,1,food_recognition_2022|food_recognition_2022_dataset,food_recognition_2022_dataset,beans-kidney,annotation_category_review,source_decision:HOLD_LICENSE_OR_DUPLICATE,too_few_eligible_images
pistachio,reject,False,,178,180,89,90,2,1,food_recognition_2022|food_recognition_2022_dataset,food_recognition_2022_dataset,pistachio,annotation_category_review,source_decision:HOLD_LICENSE_OR_DUPLICATE,too_few_eligible_images
ham,reject,False,,176,178,88,89,2,1,food_recognition_2022|food_recognition_2022_dataset,food_recognition_2022_dataset,ham,annotation_category_review,source_decision:HOLD_LICENSE_OR_DUPLICATE,too_few_eligible_images
bread_black,reject,False,,172,178,86,89,2,1,food_recognition_2022|food_recognition_2022_dataset,food_recognition_2022_dataset,bread-black,annotation_category_review,source_decision:HOLD_LICENSE_OR_DUPLICATE,too_few_eligible_images
chicken_leg,reject,False,,172,174,86,87,2,1,food_recognition_2022|food_recognition_2022_dataset,food_recognition_2022_dataset,chicken-leg,annotation_category_review,source_decision:HOLD_LICENSE_OR_DUPLICATE,too_few_eligible_images
gluten_free_bread,reject,False,,172,186,86,93,2,1,food_recognition_2022|food_recognition_2022_dataset,food_recognition_2022_dataset,gluten-free-bread,annotation_category_review,source_decision:HOLD_LICENSE_OR_DUPLICATE,too_few_eligible_images
greek_yaourt_yahourt_yogourt_ou_yoghourt,reject,False,,172,172,86,86,2,1,food_recognition_2022|food_recognition_2022_dataset,food_recognition_2022_dataset,greek-yaourt-yahourt-yogourt-ou-yoghourt,annotation_category_review,source_decision:HOLD_LICENSE_OR_DUPLICATE,too_few_eligible_images
thickened_cream_35,reject,False,,172,174,86,87,2,1,food_recognition_2022|food_recognition_2022_dataset,food_recognition_2022_dataset,thickened-cream-35,annotation_category_review,source_decision:HOLD_LICENSE_OR_DUPLICATE,too_few_eligible_images
vegetables,reject,False,,172,174,86,87,2,1,food_recognition_2022|food_recognition_2022_dataset,food_recognition_2022_dataset,vegetables,annotation_category_review,source_decision:HOLD_LICENSE_OR_DUPLICATE,base_reject_alias
beef_minced_only_meat,reject,False,,170,178,85,89,2,1,food_recognition_2022|food_recognition_2022_dataset,food_recognition_2022_dataset,beef-minced-only-meat,annotation_category_review,source_decision:HOLD_LICENSE_OR_DUPLICATE,too_few_eligible_images
blue_mould_cheese,reject,False,,170,172,85,86,2,1,food_recognition_2022|food_recognition_2022_dataset,food_recognition_2022_dataset,blue-mould-cheese,annotation_category_review,source_decision:HOLD_LICENSE_OR_DUPLICATE,too_few_eligible_images
carrot_steamed_without_addition_of_salt,reject,False,,170,170,85,85,2,1,food_recognition_2022|food_recognition_2022_dataset,food_recognition_2022_dataset,carrot-steamed-without-addition-of-salt,annotation_category_review,source_decision:HOLD_LICENSE_OR_DUPLICATE,too_few_eligible_images
cream_cheese,reject,False,,170,178,85,89,2,1,food_recognition_2022|food_recognition_2022_dataset,food_recognition_2022_dataset,cream-cheese,annotation_category_review,source_decision:HOLD_LICENSE_OR_DUPLICATE,too_few_eligible_images
sesame_seeds,reject,False,,170,170,85,85,2,1,food_recognition_2022|food_recognition_2022_dataset,food_recognition_2022_dataset,sesame-seeds,annotation_category_review,source_decision:HOLD_LICENSE_OR_DUPLICATE,too_few_eligible_images
rosti,reject,False,,168,168,84,84,2,1,food_recognition_2022|food_recognition_2022_dataset,food_recognition_2022_dataset,rosti,annotation_category_review,source_decision:HOLD_LICENSE_OR_DUPLICATE,too_few_eligible_images
salt_cake_vegetables_filled,reject,False,,168,190,84,95,2,1,food_recognition_2022|food_recognition_2022_dataset,food_recognition_2022_dataset,salt-cake-vegetables-filled,annotation_category_review,source_decision:HOLD_LICENSE_OR_DUPLICATE,too_few_eligible_images
brownie,reject,False,,166,178,83,89,2,1,food_recognition_2022|food_recognition_2022_dataset,food_recognition_2022_dataset,brownie,annotation_category_review,source_decision:HOLD_LICENSE_OR_DUPLICATE,too_few_eligible_images
lasagne_meat_prepared,reject,False,,166,170,83,85,2,1,food_recognition_2022|food_recognition_2022_dataset,food_recognition_2022_dataset,lasagne-meat-prepared,annotation_category_review,source_decision:HOLD_LICENSE_OR_DUPLICATE,too_few_eligible_images
potato_gnocchi,reject,False,,166,168,83,84,2,1,food_recognition_2022|food_recognition_2022_dataset,food_recognition_2022_dataset,potato-gnocchi,annotation_category_review,source_decision:HOLD_LICENSE_OR_DUPLICATE,too_few_eligible_images
rice_whole_grain,reject,False,,166,168,83,84,2,1,food_recognition_2022|food_recognition_2022_dataset,food_recognition_2022_dataset,rice-whole-grain,annotation_category_review,source_decision:HOLD_LICENSE_OR_DUPLICATE,too_few_eligible_images
soup_of_lentils_dahl_dhal,reject,False,,166,170,83,85,2,1,food_recognition_2022|food_recognition_2022_dataset,food_recognition_2022_dataset,soup-of-lentils-dahl-dhal,annotation_category_review,source_decision:HOLD_LICENSE_OR_DUPLICATE,too_few_eligible_images
taboule_prepared_with_couscous,reject,False,,166,170,83,85,2,1,food_recognition_2022|food_recognition_2022_dataset,food_recognition_2022_dataset,taboule-prepared-with-couscous,annotation_category_review,source_decision:HOLD_LICENSE_OR_DUPLICATE,too_few_eligible_images
celeriac,reject,False,,164,166,82,83,2,1,food_recognition_2022|food_recognition_2022_dataset,food_recognition_2022_dataset,celeriac,annotation_category_review,source_decision:HOLD_LICENSE_OR_DUPLICATE,too_few_eligible_images
corn_crisps,reject,False,,160,168,80,84,2,1,food_recognition_2022|food_recognition_2022_dataset,food_recognition_2022_dataset,corn-crisps,annotation_category_review,source_decision:HOLD_LICENSE_OR_DUPLICATE,too_few_eligible_images
dates,reject,False,,160,172,80,86,2,1,food_recognition_2022|food_recognition_2022_dataset,food_recognition_2022_dataset,dates,annotation_category_review,source_decision:HOLD_LICENSE_OR_DUPLICATE,too_few_eligible_images
green_bean_steamed_without_addition_of_salt,reject,False,,160,164,80,82,2,1,food_recognition_2022|food_recognition_2022_dataset,food_recognition_2022_dataset,green-bean-steamed-without-addition-of-salt,annotation_category_review,source_decision:HOLD_LICENSE_OR_DUPLICATE,too_few_eligible_images
vegetable_mix_peas_and_carrots,reject,False,,160,160,80,80,2,1,food_recognition_2022|food_recognition_2022_dataset,food_recognition_2022_dataset,vegetable-mix-peas-and-carrots,annotation_category_review,source_decision:HOLD_LICENSE_OR_DUPLICATE,too_few_eligible_images
country_fries,reject,False,,158,160,79,80,2,1,food_recognition_2022|food_recognition_2022_dataset,food_recognition_2022_dataset,country-fries,annotation_category_review,source_decision:HOLD_LICENSE_OR_DUPLICATE,too_few_eligible_images
rice_noodles_vermicelli,reject,False,,158,158,79,79,2,1,food_recognition_2022|food_recognition_2022_dataset,food_recognition_2022_dataset,rice-noodles-vermicelli,annotation_category_review,source_decision:HOLD_LICENSE_OR_DUPLICATE,too_few_eligible_images
tomme,reject,False,,154,158,77,79,2,1,food_recognition_2022|food_recognition_2022_dataset,food_recognition_2022_dataset,tomme,annotation_category_review,source_decision:HOLD_LICENSE_OR_DUPLICATE,too_few_eligible_images
beef_filet,reject,False,,152,154,76,77,2,1,food_recognition_2022|food_recognition_2022_dataset,food_recognition_2022_dataset,beef-filet,annotation_category_review,source_decision:HOLD_LICENSE_OR_DUPLICATE,too_few_eligible_images
bread_fruit,reject,False,,152,160,76,80,2,1,food_recognition_2022|food_recognition_2022_dataset,food_recognition_2022_dataset,bread-fruit,annotation_category_review,source_decision:HOLD_LICENSE_OR_DUPLICATE,too_few_eligible_images
bread_pita,reject,False,,152,162,76,81,2,1,food_recognition_2022|food_recognition_2022_dataset,food_recognition_2022_dataset,bread-pita,annotation_category_review,source_decision:HOLD_LICENSE_OR_DUPLICATE,too_few_eligible_images
falafel_balls,reject,False,,152,156,76,78,2,1,food_recognition_2022|food_recognition_2022_dataset,food_recognition_2022_dataset,falafel-balls,annotation_category_review,source_decision:HOLD_LICENSE_OR_DUPLICATE,too_few_eligible_images
potatoes_au_gratin_dauphinois_prepared,reject,False,,152,156,76,78,2,1,food_recognition_2022|food_recognition_2022_dataset,food_recognition_2022_dataset,potatoes-au-gratin-dauphinois-prepared,annotation_category_review,source_decision:HOLD_LICENSE_OR_DUPLICATE,too_few_eligible_images
shrimp_prawn_large,reject,False,,152,152,76,76,2,1,food_recognition_2022|food_recognition_2022_dataset,food_recognition_2022_dataset,shrimp-prawn-large,annotation_category_review,source_decision:HOLD_LICENSE_OR_DUPLICATE,too_few_eligible_images
dried_raisins,reject,False,,150,160,75,80,2,1,food_recognition_2022|food_recognition_2022_dataset,food_recognition_2022_dataset,dried-raisins,annotation_category_review,source_decision:HOLD_LICENSE_OR_DUPLICATE,too_few_eligible_images
white_asparagus,reject,False,,150,154,75,77,2,1,food_recognition_2022|food_recognition_2022_dataset,food_recognition_2022_dataset,white-asparagus,annotation_category_review,source_decision:HOLD_LICENSE_OR_DUPLICATE,too_few_eligible_images
white_radish,reject,False,,98,100,75,76,3,2,food_recognition_2022|food_recognition_2022_dataset|foodseg103,food_recognition_2022_dataset|foodseg103,white radish|white-radish,segmentation_or_mask,source_decision:HOLD_LICENSE_OR_DUPLICATE,too_few_eligible_images
rape,reject,False,,75,75,75,75,1,1,foodseg103,foodseg103,rape,segmentation_or_mask,,too_few_eligible_images
tiramisu,reject,False,,1148,1150,74,75,3,1,food41|food_recognition_2022|food_recognition_2022_dataset,food_recognition_2022_dataset,tiramisu,classification_pseudo_box_review,source_decision:HOLD_CLASSIFICATION_ONLY|source_decision:HOLD_LICENSE_OR_DUPLICATE,too_few_eligible_images
roll_with_pieces_of_chocolate,reject,False,,146,150,73,75,2,1,food_recognition_2022|food_recognition_2022_dataset,food_recognition_2022_dataset,roll-with-pieces-of-chocolate,annotation_category_review,source_decision:HOLD_LICENSE_OR_DUPLICATE,too_few_eligible_images
white_cabbage,reject,False,,146,150,73,75,2,1,food_recognition_2022|food_recognition_2022_dataset,food_recognition_2022_dataset,white-cabbage,annotation_category_review,source_decision:HOLD_LICENSE_OR_DUPLICATE,too_few_eligible_images
snow_peas,reject,False,,72,72,72,72,1,1,foodseg103,foodseg103,snow peas,segmentation_or_mask,,too_few_eligible_images
greek_salad,reject,False,,1142,1144,71,72,3,1,food41|food_recognition_2022|food_recognition_2022_dataset,food_recognition_2022_dataset,greek-salad|greek_salad,classification_pseudo_box_review,source_decision:HOLD_CLASSIFICATION_ONLY|source_decision:HOLD_LICENSE_OR_DUPLICATE,too_few_eligible_images
bacon_cooking,reject,False,,142,146,71,73,2,1,food_recognition_2022|food_recognition_2022_dataset,food_recognition_2022_dataset,bacon-cooking,annotation_category_review,source_decision:HOLD_LICENSE_OR_DUPLICATE,too_few_eligible_images
chinese_cabbage,reject,False,,142,142,71,71,2,1,food_recognition_2022|food_recognition_2022_dataset,food_recognition_2022_dataset,chinese-cabbage,annotation_category_review,source_decision:HOLD_LICENSE_OR_DUPLICATE,too_few_eligible_images
bread_rye,reject,False,,140,148,70,74,2,1,food_recognition_2022|food_recognition_2022_dataset,food_recognition_2022_dataset,bread-rye,annotation_category_review,source_decision:HOLD_LICENSE_OR_DUPLICATE,too_few_eligible_images
breadcrumbs_unspiced,reject,False,,140,140,70,70,2,1,food_recognition_2022|food_recognition_2022_dataset,food_recognition_2022_dataset,breadcrumbs-unspiced,annotation_category_review,source_decision:HOLD_LICENSE_OR_DUPLICATE,too_few_eligible_images
sun_dried_tomatoe,reject,False,,140,144,70,72,2,1,food_recognition_2022|food_recognition_2022_dataset,food_recognition_2022_dataset,sun-dried-tomatoe,annotation_category_review,source_decision:HOLD_LICENSE_OR_DUPLICATE,too_few_eligible_images
veal_sausage,reject,False,,140,140,70,70,2,1,food_recognition_2022|food_recognition_2022_dataset,food_recognition_2022_dataset,veal-sausage,annotation_category_review,source_decision:HOLD_LICENSE_OR_DUPLICATE,too_few_eligible_images
bread_5_grain,reject,False,,138,156,69,78,2,1,food_recognition_2022|food_recognition_2022_dataset,food_recognition_2022_dataset,bread-5-grain,annotation_category_review,source_decision:HOLD_LICENSE_OR_DUPLICATE,too_few_eligible_images
swiss_chard,reject,False,,138,142,69,71,2,1,food_recognition_2022|food_recognition_2022_dataset,food_recognition_2022_dataset,swiss-chard,annotation_category_review,source_decision:HOLD_LICENSE_OR_DUPLICATE,too_few_eligible_images
raspberry,reject,False,,69,69,69,69,1,1,foodseg103,foodseg103,raspberry,segmentation_or_mask,,too_few_eligible_images
hazelnut,reject,False,,136,140,68,70,2,1,food_recognition_2022|food_recognition_2022_dataset,food_recognition_2022_dataset,hazelnut,annotation_category_review,source_decision:HOLD_LICENSE_OR_DUPLICATE,too_few_eligible_images
shrimp_prawn_small,reject,False,,136,136,68,68,2,1,food_recognition_2022|food_recognition_2022_dataset,food_recognition_2022_dataset,shrimp-prawn-small,annotation_category_review,source_decision:HOLD_LICENSE_OR_DUPLICATE,too_few_eligible_images
pizza,reject,False,,1567,1571,67,67,3,1,food41|foodseg103|junk_food_object_detection_dataset_yolo_format,foodseg103,Pizza|pizza,classification_pseudo_box_review,source_decision:HOLD_CLASSIFICATION_ONLY|source_decision:HOLD_OVERLAP_ONLY,too_few_eligible_images
chocolate_mousse,reject,False,,1134,1138,67,69,3,1,food41|food_recognition_2022|food_recognition_2022_dataset,food_recognition_2022_dataset,chocolate-mousse|chocolate_mousse,classification_pseudo_box_review,source_decision:HOLD_CLASSIFICATION_ONLY|source_decision:HOLD_LICENSE_OR_DUPLICATE,too_few_eligible_images
pizza_with_ham_baked,reject,False,,134,138,67,69,2,1,food_recognition_2022|food_recognition_2022_dataset,food_recognition_2022_dataset,pizza-with-ham-baked,annotation_category_review,source_decision:HOLD_LICENSE_OR_DUPLICATE,too_few_eligible_images
tea_peppermint,reject,False,,134,140,67,70,2,1,food_recognition_2022|food_recognition_2022_dataset,food_recognition_2022_dataset,tea-peppermint,annotation_category_review,source_decision:HOLD_LICENSE_OR_DUPLICATE,too_few_eligible_images
beetroot_raw,reject,False,,130,132,65,66,2,1,food_recognition_2022|food_recognition_2022_dataset,food_recognition_2022_dataset,beetroot-raw,annotation_category_review,source_decision:HOLD_LICENSE_OR_DUPLICATE,too_few_eligible_images
capers,reject,False,,130,130,65,65,2,1,food_recognition_2022|food_recognition_2022_dataset,food_recognition_2022_dataset,capers,annotation_category_review,source_decision:HOLD_LICENSE_OR_DUPLICATE,too_few_eligible_images
fruit_tart,reject,False,,130,134,65,67,2,1,food_recognition_2022|food_recognition_2022_dataset,food_recognition_2022_dataset,fruit-tart,annotation_category_review,source_decision:HOLD_LICENSE_OR_DUPLICATE,too_few_eligible_images
ice_tea,reject,False,,130,138,65,69,2,1,food_recognition_2022|food_recognition_2022_dataset,food_recognition_2022_dataset,ice-tea,annotation_category_review,source_decision:HOLD_LICENSE_OR_DUPLICATE,too_few_eligible_images
mixed_seeds,reject,False,,130,130,65,65,2,1,food_recognition_2022|food_recognition_2022_dataset,food_recognition_2022_dataset,mixed-seeds,annotation_category_review,source_decision:HOLD_LICENSE_OR_DUPLICATE,too_few_eligible_images
beef_cut_into_stripes_only_meat,reject,False,,128,130,64,65,2,1,food_recognition_2022|food_recognition_2022_dataset,food_recognition_2022_dataset,beef-cut-into-stripes-only-meat,annotation_category_review,source_decision:HOLD_LICENSE_OR_DUPLICATE,too_few_eligible_images
oil_vinegar_salad_dressing,reject,False,,128,128,64,64,2,1,food_recognition_2022|food_recognition_2022_dataset,food_recognition_2022_dataset,oil-vinegar-salad-dressing,annotation_category_review,source_decision:HOLD_LICENSE_OR_DUPLICATE,too_few_eligible_images
spring_onion_scallion,reject,False,,128,136,64,68,2,1,food_recognition_2022|food_recognition_2022_dataset,food_recognition_2022_dataset,spring-onion-scallion,annotation_category_review,source_decision:HOLD_LICENSE_OR_DUPLICATE,too_few_eligible_images
lye_pretzel_soft,reject,False,,126,126,63,63,2,1,food_recognition_2022|food_recognition_2022_dataset,food_recognition_2022_dataset,lye-pretzel-soft,annotation_category_review,source_decision:HOLD_LICENSE_OR_DUPLICATE,too_few_eligible_images
pumpkin_seeds,reject,False,,126,130,63,65,2,1,food_recognition_2022|food_recognition_2022_dataset,food_recognition_2022_dataset,pumpkin-seeds,annotation_category_review,source_decision:HOLD_LICENSE_OR_DUPLICATE,too_few_eligible_images
quiche_with_cheese_baked_with_puff_pastry,reject,False,,126,132,63,66,2,1,food_recognition_2022|food_recognition_2022_dataset,food_recognition_2022_dataset,quiche-with-cheese-baked-with-puff-pastry,annotation_category_review,source_decision:HOLD_LICENSE_OR_DUPLICATE,too_few_eligible_images
juice_apple,reject,False,,124,138,62,69,2,1,food_recognition_2022|food_recognition_2022_dataset,food_recognition_2022_dataset,juice-apple,annotation_category_review,source_decision:HOLD_LICENSE_OR_DUPLICATE,too_few_eligible_images
brioche,reject,False,,122,160,61,80,2,1,food_recognition_2022|food_recognition_2022_dataset,food_recognition_2022_dataset,brioche,annotation_category_review,source_decision:HOLD_LICENSE_OR_DUPLICATE,too_few_eligible_images
butter_spread_puree_almond,reject,False,,120,130,60,65,2,1,food_recognition_2022|food_recognition_2022_dataset,food_recognition_2022_dataset,butter-spread-puree-almond,annotation_category_review,source_decision:HOLD_LICENSE_OR_DUPLICATE,too_few_eligible_images
savoury_puff_pastry,reject,False,,120,122,60,61,2,1,food_recognition_2022|food_recognition_2022_dataset,food_recognition_2022_dataset,savoury-puff-pastry,annotation_category_review,source_decision:HOLD_LICENSE_OR_DUPLICATE,too_few_eligible_images
cervelat,reject,False,,118,120,59,60,2,1,food_recognition_2022|food_recognition_2022_dataset,food_recognition_2022_dataset,cervelat,annotation_category_review,source_decision:HOLD_LICENSE_OR_DUPLICATE,too_few_eligible_images
fruit_coulis,reject,False,,118,120,59,60,2,1,food_recognition_2022|food_recognition_2022_dataset,food_recognition_2022_dataset,fruit-coulis,annotation_category_review,source_decision:HOLD_LICENSE_OR_DUPLICATE,too_few_eligible_images
ham_croissant,reject,False,,118,124,59,62,2,1,food_recognition_2022|food_recognition_2022_dataset,food_recognition_2022_dataset,ham-croissant,annotation_category_review,source_decision:HOLD_LICENSE_OR_DUPLICATE,too_few_eligible_images
beef_sirloin_steak,reject,False,,116,116,58,58,2,1,food_recognition_2022|food_recognition_2022_dataset,food_recognition_2022_dataset,beef-sirloin-steak,annotation_category_review,source_decision:HOLD_LICENSE_OR_DUPLICATE,too_few_eligible_images
vegetable_au_gratin_baked,reject,False,,116,120,58,60,2,1,food_recognition_2022|food_recognition_2022_dataset,food_recognition_2022_dataset,vegetable-au-gratin-baked,annotation_category_review,source_decision:HOLD_LICENSE_OR_DUPLICATE,too_few_eligible_images
wienerli_swiss_sausage,reject,False,,116,120,58,60,2,1,food_recognition_2022|food_recognition_2022_dataset,food_recognition_2022_dataset,wienerli-swiss-sausage,annotation_category_review,source_decision:HOLD_LICENSE_OR_DUPLICATE,too_few_eligible_images
olives,reject,False,,58,58,58,58,1,1,foodseg103,foodseg103,olives,segmentation_or_mask,,too_few_eligible_images
focaccia,reject,False,,114,124,57,62,2,1,food_recognition_2022|food_recognition_2022_dataset,food_recognition_2022_dataset,focaccia,annotation_category_review,source_decision:HOLD_LICENSE_OR_DUPLICATE,too_few_eligible_images
frying_sausage,reject,False,,114,116,57,58,2,1,food_recognition_2022|food_recognition_2022_dataset,food_recognition_2022_dataset,frying-sausage,annotation_category_review,source_decision:HOLD_LICENSE_OR_DUPLICATE,too_few_eligible_images
sunflower_seeds,reject,False,,114,114,57,57,2,1,food_recognition_2022|food_recognition_2022_dataset,food_recognition_2022_dataset,sunflower-seeds,annotation_category_review,source_decision:HOLD_LICENSE_OR_DUPLICATE,too_few_eligible_images
chili_con_carne_prepared,reject,False,,110,114,55,57,2,1,food_recognition_2022|food_recognition_2022_dataset,food_recognition_2022_dataset,chili-con-carne-prepared,annotation_category_review,source_decision:HOLD_LICENSE_OR_DUPLICATE,too_few_eligible_images
chocolate_cookies,reject,False,,110,112,55,56,2,1,food_recognition_2022|food_recognition_2022_dataset,food_recognition_2022_dataset,chocolate-cookies,annotation_category_review,source_decision:HOLD_LICENSE_OR_DUPLICATE,too_few_eligible_images
kefir_drink,reject,False,,110,130,55,65,2,1,food_recognition_2022|food_recognition_2022_dataset,food_recognition_2022_dataset,kefir-drink,annotation_category_review,source_decision:HOLD_LICENSE_OR_DUPLICATE,too_few_eligible_images
meat_terrine_pate,reject,False,,110,122,55,61,2,1,food_recognition_2022|food_recognition_2022_dataset,food_recognition_2022_dataset,meat-terrine-pate,annotation_category_review,source_decision:HOLD_LICENSE_OR_DUPLICATE,too_few_eligible_images
artichoke,reject,False,,108,114,54,57,2,1,food_recognition_2022|food_recognition_2022_dataset,food_recognition_2022_dataset,artichoke,annotation_category_review,source_decision:HOLD_LICENSE_OR_DUPLICATE,too_few_eligible_images
veggie_burger,reject,False,,108,110,54,55,2,1,food_recognition_2022|food_recognition_2022_dataset,food_recognition_2022_dataset,veggie-burger,annotation_category_review,source_decision:HOLD_LICENSE_OR_DUPLICATE,too_few_eligible_images
figs,reject,False,,106,106,53,53,2,1,food_recognition_2022|food_recognition_2022_dataset,food_recognition_2022_dataset,figs,annotation_category_review,source_decision:HOLD_LICENSE_OR_DUPLICATE,too_few_eligible_images
alfa_sprouts,reject,False,,104,104,52,52,2,1,food_recognition_2022|food_recognition_2022_dataset,food_recognition_2022_dataset,alfa-sprouts,annotation_category_review,source_decision:HOLD_LICENSE_OR_DUPLICATE,too_few_eligible_images
bacon,reject,False,,102,102,51,51,2,1,food_recognition_2022|food_recognition_2022_dataset,food_recognition_2022_dataset,bacon,annotation_category_review,source_decision:HOLD_LICENSE_OR_DUPLICATE,too_few_eligible_images
bell_pepper_red_stewed_without_addition_of_fat_without_addition_of_salt,reject,False,,102,102,51,51,2,1,food_recognition_2022|food_recognition_2022_dataset,food_recognition_2022_dataset,bell-pepper-red-stewed-without-addition-of-fat-without-addition-of-salt,annotation_category_review,source_decision:HOLD_LICENSE_OR_DUPLICATE,too_few_eligible_images
rice_wild,reject,False,,102,102,51,51,2,1,food_recognition_2022|food_recognition_2022_dataset,food_recognition_2022_dataset,rice-wild,annotation_category_review,source_decision:HOLD_LICENSE_OR_DUPLICATE,too_few_eligible_images
hamburger,reject,False,,1100,1102,50,51,3,1,food41|food_recognition_2022|food_recognition_2022_dataset,food_recognition_2022_dataset,hamburger,classification_pseudo_box_review,source_decision:HOLD_CLASSIFICATION_ONLY|source_decision:HOLD_LICENSE_OR_DUPLICATE,base_reject_alias
bread_ticino,reject,False,,100,100,50,50,2,1,food_recognition_2022|food_recognition_2022_dataset,food_recognition_2022_dataset,bread-ticino,annotation_category_review,source_decision:HOLD_LICENSE_OR_DUPLICATE,too_few_eligible_images
pasta_in_butterfly_form_farfalle,reject,False,,100,100,50,50,2,1,food_recognition_2022|food_recognition_2022_dataset,food_recognition_2022_dataset,pasta-in-butterfly-form-farfalle,annotation_category_review,source_decision:HOLD_LICENSE_OR_DUPLICATE,too_few_eligible_images
porridge_prepared_with_partially_skimmed_milk,reject,False,,100,100,50,50,2,1,food_recognition_2022|food_recognition_2022_dataset,food_recognition_2022_dataset,porridge-prepared-with-partially-skimmed-milk,annotation_category_review,source_decision:HOLD_LICENSE_OR_DUPLICATE,too_few_eligible_images
basil,reject,False,,98,102,49,51,2,1,food_recognition_2022|food_recognition_2022_dataset,food_recognition_2022_dataset,basil,annotation_category_review,source_decision:HOLD_LICENSE_OR_DUPLICATE,too_few_eligible_images
bouillon,reject,False,,98,100,49,50,2,1,food_recognition_2022|food_recognition_2022_dataset,food_recognition_2022_dataset,bouillon,annotation_category_review,source_decision:HOLD_LICENSE_OR_DUPLICATE,too_few_eligible_images
curds_natural_with_at_most_10_fidm,reject,False,,98,98,49,49,2,1,food_recognition_2022|food_recognition_2022_dataset,food_recognition_2022_dataset,curds-natural-with-at-most-10-fidm,annotation_category_review,source_decision:HOLD_LICENSE_OR_DUPLICATE,too_few_eligible_images
pine_nuts,reject,False,,98,98,49,49,2,1,food_recognition_2022|food_recognition_2022_dataset,food_recognition_2022_dataset,pine-nuts,annotation_category_review,source_decision:HOLD_LICENSE_OR_DUPLICATE,too_few_eligible_images
tea_verveine,reject,False,,98,106,49,53,2,1,food_recognition_2022|food_recognition_2022_dataset,food_recognition_2022_dataset,tea-verveine,annotation_category_review,source_decision:HOLD_LICENSE_OR_DUPLICATE,too_few_eligible_images
brussel_sprouts,reject,False,,96,96,48,48,2,1,food_recognition_2022|food_recognition_2022_dataset,food_recognition_2022_dataset,brussel-sprouts,annotation_category_review,source_decision:HOLD_LICENSE_OR_DUPLICATE,too_few_eligible_images
parsley,reject,False,,96,98,48,49,2,1,food_recognition_2022|food_recognition_2022_dataset,food_recognition_2022_dataset,parsley,annotation_category_review,source_decision:HOLD_LICENSE_OR_DUPLICATE,too_few_eligible_images
sauerkraut,reject,False,,96,96,48,48,2,1,food_recognition_2022|food_recognition_2022_dataset,food_recognition_2022_dataset,sauerkraut,annotation_category_review,source_decision:HOLD_LICENSE_OR_DUPLICATE,too_few_eligible_images
cherries,reject,False,,94,94,47,47,2,1,food_recognition_2022|food_recognition_2022_dataset,food_recognition_2022_dataset,cherries,annotation_category_review,source_decision:HOLD_LICENSE_OR_DUPLICATE,too_few_eligible_images
lentils_green_du_puy_du_berry,reject,False,,94,98,47,49,2,1,food_recognition_2022|food_recognition_2022_dataset,food_recognition_2022_dataset,lentils-green-du-puy-du-berry,annotation_category_review,source_decision:HOLD_LICENSE_OR_DUPLICATE,too_few_eligible_images
spinach_raw,reject,False,,94,96,47,48,2,1,food_recognition_2022|food_recognition_2022_dataset,food_recognition_2022_dataset,spinach-raw,annotation_category_review,source_decision:HOLD_LICENSE_OR_DUPLICATE,too_few_eligible_images
spinach_steamed_without_addition_of_salt,reject,False,,94,94,47,47,2,1,food_recognition_2022|food_recognition_2022_dataset,food_recognition_2022_dataset,spinach-steamed-without-addition-of-salt,annotation_category_review,source_decision:HOLD_LICENSE_OR_DUPLICATE,too_few_eligible_images
crisp_bread_wasa,reject,False,,92,92,46,46,2,1,food_recognition_2022|food_recognition_2022_dataset,food_recognition_2022_dataset,crisp-bread-wasa,annotation_category_review,source_decision:HOLD_LICENSE_OR_DUPLICATE,too_few_eligible_images
pasta_in_conch_form,reject,False,,92,92,46,46,2,1,food_recognition_2022|food_recognition_2022_dataset,food_recognition_2022_dataset,pasta-in-conch-form,annotation_category_review,source_decision:HOLD_LICENSE_OR_DUPLICATE,too_few_eligible_images
rusk_wholemeal,reject,False,,92,102,46,51,2,1,food_recognition_2022|food_recognition_2022_dataset,food_recognition_2022_dataset,rusk-wholemeal,annotation_category_review,source_decision:HOLD_LICENSE_OR_DUPLICATE,too_few_eligible_images
zucchini_stewed_without_addition_of_fat_without_addition_of_salt,reject,False,,92,92,46,46,2,1,food_recognition_2022|food_recognition_2022_dataset,food_recognition_2022_dataset,zucchini-stewed-without-addition-of-fat-without-addition-of-salt,annotation_category_review,source_decision:HOLD_LICENSE_OR_DUPLICATE,too_few_eligible_images
soy,reject,False,,46,46,46,46,1,1,foodseg103,foodseg103,soy,segmentation_or_mask,,too_few_eligible_images
emmental_cheese,reject,False,,90,92,45,46,2,1,food_recognition_2022|food_recognition_2022_dataset,food_recognition_2022_dataset,emmental-cheese,annotation_category_review,source_decision:HOLD_LICENSE_OR_DUPLICATE,too_few_eligible_images
spring_roll_fried,reject,False,,90,92,45,46,2,1,food_recognition_2022|food_recognition_2022_dataset,food_recognition_2022_dataset,spring-roll-fried,annotation_category_review,source_decision:HOLD_LICENSE_OR_DUPLICATE,too_few_eligible_images
chestnuts,reject,False,,88,90,44,45,2,1,food_recognition_2022|food_recognition_2022_dataset,food_recognition_2022_dataset,chestnuts,annotation_category_review,source_decision:HOLD_LICENSE_OR_DUPLICATE,too_few_eligible_images
coconut,reject,False,,88,90,44,45,2,1,food_recognition_2022|food_recognition_2022_dataset,food_recognition_2022_dataset,coconut,annotation_category_review,source_decision:HOLD_LICENSE_OR_DUPLICATE,too_few_eligible_images
cordon_bleu_from_pork_schnitzel_fried,reject,False,,88,92,44,46,2,1,food_recognition_2022|food_recognition_2022_dataset,food_recognition_2022_dataset,cordon-bleu-from-pork-schnitzel-fried,annotation_category_review,source_decision:HOLD_LICENSE_OR_DUPLICATE,too_few_eligible_images
quiche_with_spinach_baked_with_cake_dough,reject,False,,88,88,44,44,2,1,food_recognition_2022|food_recognition_2022_dataset,food_recognition_2022_dataset,quiche-with-spinach-baked-with-cake-dough,annotation_category_review,source_decision:HOLD_LICENSE_OR_DUPLICATE,too_few_eligible_images
white_bread_with_butter_eggs_and_milk,reject,False,,88,94,44,47,2,1,food_recognition_2022|food_recognition_2022_dataset,food_recognition_2022_dataset,white-bread-with-butter-eggs-and-milk,annotation_category_review,source_decision:HOLD_LICENSE_OR_DUPLICATE,too_few_eligible_images
meatloaf,reject,False,,584,585,43,43,3,1,food_recognition_2022|food_recognition_2022_dataset|junk_food_object_detection_dataset_yolo_format,food_recognition_2022_dataset,Meatloaf|meatloaf,yolo_detection,source_decision:HOLD_LICENSE_OR_DUPLICATE|source_decision:HOLD_OVERLAP_ONLY,too_few_eligible_images
chicken_nuggets,reject,False,,86,86,43,43,2,1,food_recognition_2022|food_recognition_2022_dataset,food_recognition_2022_dataset,chicken-nuggets,annotation_category_review,source_decision:HOLD_LICENSE_OR_DUPLICATE,too_few_eligible_images
croutons,reject,False,,86,88,43,44,2,1,food_recognition_2022|food_recognition_2022_dataset,food_recognition_2022_dataset,croutons,annotation_category_review,source_decision:HOLD_LICENSE_OR_DUPLICATE,too_few_eligible_images
fish_fingers_breaded,reject,False,,86,86,43,43,2,1,food_recognition_2022|food_recognition_2022_dataset,food_recognition_2022_dataset,fish-fingers-breaded,annotation_category_review,source_decision:HOLD_LICENSE_OR_DUPLICATE,too_few_eligible_images
romanesco,reject,False,,86,90,43,45,2,1,food_recognition_2022|food_recognition_2022_dataset,food_recognition_2022_dataset,romanesco,annotation_category_review,source_decision:HOLD_LICENSE_OR_DUPLICATE,too_few_eligible_images
seeds,reject,False,,86,86,43,43,2,1,food_recognition_2022|food_recognition_2022_dataset,food_recognition_2022_dataset,seeds,annotation_category_review,source_decision:HOLD_LICENSE_OR_DUPLICATE,too_few_eligible_images
smoothie,reject,False,,86,88,43,44,2,1,food_recognition_2022|food_recognition_2022_dataset,food_recognition_2022_dataset,smoothie,annotation_category_review,source_decision:HOLD_LICENSE_OR_DUPLICATE,too_few_eligible_images
shellfish,reject,False,,43,43,43,43,1,1,foodseg103,foodseg103,shellfish,segmentation_or_mask,,too_few_eligible_images
muffin,reject,False,,584,1178,42,43,3,1,food_recognition_2022|food_recognition_2022_dataset|junk_food_object_detection_dataset_yolo_format,food_recognition_2022_dataset,Muffin|muffin,yolo_detection,source_decision:HOLD_LICENSE_OR_DUPLICATE|source_decision:HOLD_OVERLAP_ONLY,too_few_eligible_images
beef_roast,reject,False,,84,84,42,42,2,1,food_recognition_2022|food_recognition_2022_dataset,food_recognition_2022_dataset,beef-roast,annotation_category_review,source_decision:HOLD_LICENSE_OR_DUPLICATE,too_few_eligible_images
bulgur,reject,False,,84,90,42,45,2,1,food_recognition_2022|food_recognition_2022_dataset,food_recognition_2022_dataset,bulgur,annotation_category_review,source_decision:HOLD_LICENSE_OR_DUPLICATE,too_few_eligible_images
shoots,reject,False,,84,84,42,42,2,1,food_recognition_2022|food_recognition_2022_dataset,food_recognition_2022_dataset,shoots,annotation_category_review,source_decision:HOLD_LICENSE_OR_DUPLICATE,too_few_eligible_images
tzatziki,reject,False,,84,84,42,42,2,1,food_recognition_2022|food_recognition_2022_dataset,food_recognition_2022_dataset,tzatziki,annotation_category_review,source_decision:HOLD_LICENSE_OR_DUPLICATE,too_few_eligible_images
bread_spelt,reject,False,,82,84,41,42,2,1,food_recognition_2022|food_recognition_2022_dataset,food_recognition_2022_dataset,bread-spelt,annotation_category_review,source_decision:HOLD_LICENSE_OR_DUPLICATE,too_few_eligible_images
pizza_with_ham_with_mushrooms_baked,reject,False,,82,82,41,41,2,1,food_recognition_2022|food_recognition_2022_dataset,food_recognition_2022_dataset,pizza-with-ham-with-mushrooms-baked,annotation_category_review,source_decision:HOLD_LICENSE_OR_DUPLICATE,too_few_eligible_images
shrimp_boiled,reject,False,,82,82,41,41,2,1,food_recognition_2022|food_recognition_2022_dataset,food_recognition_2022_dataset,shrimp-boiled,annotation_category_review,source_decision:HOLD_LICENSE_OR_DUPLICATE,too_few_eligible_images
bacon_raw,reject,False,,80,82,40,41,2,1,food_recognition_2022|food_recognition_2022_dataset,food_recognition_2022_dataset,bacon-raw,annotation_category_review,source_decision:HOLD_LICENSE_OR_DUPLICATE,too_few_eligible_images
cream_spinach,reject,False,,80,80,40,40,2,1,food_recognition_2022|food_recognition_2022_dataset,food_recognition_2022_dataset,cream-spinach,annotation_category_review,source_decision:HOLD_LICENSE_OR_DUPLICATE,too_few_eligible_images
pork_escalope,reject,False,,80,84,40,42,2,1,food_recognition_2022|food_recognition_2022_dataset,food_recognition_2022_dataset,pork-escalope,annotation_category_review,source_decision:HOLD_LICENSE_OR_DUPLICATE,too_few_eligible_images
halloumi,reject,False,,78,78,39,39,2,1,food_recognition_2022|food_recognition_2022_dataset,food_recognition_2022_dataset,halloumi,annotation_category_review,source_decision:HOLD_LICENSE_OR_DUPLICATE,too_few_eligible_images
processed_meat_charcuterie,reject,False,,78,80,39,40,2,1,food_recognition_2022|food_recognition_2022_dataset,food_recognition_2022_dataset,processed-meat-charcuterie,annotation_category_review,source_decision:HOLD_LICENSE_OR_DUPLICATE,too_few_eligible_images
curd,reject,False,,76,80,38,40,2,1,food_recognition_2022|food_recognition_2022_dataset,food_recognition_2022_dataset,curd,annotation_category_review,source_decision:HOLD_LICENSE_OR_DUPLICATE,too_few_eligible_images
fondue,reject,False,,76,82,38,41,2,1,food_recognition_2022|food_recognition_2022_dataset,food_recognition_2022_dataset,fondue,annotation_category_review,source_decision:HOLD_LICENSE_OR_DUPLICATE,too_few_eligible_images
mustard_dijon,reject,False,,76,78,38,39,2,1,food_recognition_2022|food_recognition_2022_dataset,food_recognition_2022_dataset,mustard-dijon,annotation_category_review,source_decision:HOLD_LICENSE_OR_DUPLICATE,too_few_eligible_images
pasta_ravioli_stuffing,reject,False,,76,76,38,38,2,1,food_recognition_2022|food_recognition_2022_dataset,food_recognition_2022_dataset,pasta-ravioli-stuffing,annotation_category_review,source_decision:HOLD_LICENSE_OR_DUPLICATE,too_few_eligible_images
pie_plum_baked_with_cake_dough,reject,False,,76,84,38,42,2,1,food_recognition_2022|food_recognition_2022_dataset,food_recognition_2022_dataset,pie-plum-baked-with-cake-dough,annotation_category_review,source_decision:HOLD_LICENSE_OR_DUPLICATE,too_few_eligible_images
crackers,reject,False,,74,76,37,38,2,1,food_recognition_2022|food_recognition_2022_dataset,food_recognition_2022_dataset,crackers,annotation_category_review,source_decision:HOLD_LICENSE_OR_DUPLICATE,too_few_eligible_images
dough_puff_pastry_shortcrust_bread_pizza_dough,reject,False,,74,78,37,39,2,1,food_recognition_2022|food_recognition_2022_dataset,food_recognition_2022_dataset,dough-puff-pastry-shortcrust-bread-pizza-dough,annotation_category_review,source_decision:HOLD_LICENSE_OR_DUPLICATE,too_few_eligible_images
hamburger_bun,reject,False,,74,74,37,37,2,1,food_recognition_2022|food_recognition_2022_dataset,food_recognition_2022_dataset,hamburger-bun,annotation_category_review,source_decision:HOLD_LICENSE_OR_DUPLICATE,too_few_eligible_images
lemon_cake,reject,False,,74,86,37,43,2,1,food_recognition_2022|food_recognition_2022_dataset,food_recognition_2022_dataset,lemon-cake,annotation_category_review,source_decision:HOLD_LICENSE_OR_DUPLICATE,too_few_eligible_images
meat,reject,False,,74,74,37,37,2,1,food_recognition_2022|food_recognition_2022_dataset,food_recognition_2022_dataset,meat,annotation_category_review,source_decision:HOLD_LICENSE_OR_DUPLICATE,too_few_eligible_images
pearl_onions,reject,False,,74,100,37,50,2,1,food_recognition_2022|food_recognition_2022_dataset,food_recognition_2022_dataset,pearl-onions,annotation_category_review,source_decision:HOLD_LICENSE_OR_DUPLICATE,too_few_eligible_images
sorbet,reject,False,,74,76,37,38,2,1,food_recognition_2022|food_recognition_2022_dataset,food_recognition_2022_dataset,sorbet,annotation_category_review,source_decision:HOLD_LICENSE_OR_DUPLICATE,too_few_eligible_images
bean_sprouts,reject,False,,37,37,37,37,1,1,foodseg103,foodseg103,bean sprouts,segmentation_or_mask,,too_few_eligible_images
watermelon,reject,False,,37,37,37,37,1,1,foodseg103,foodseg103,watermelon,segmentation_or_mask,,too_few_eligible_images
celery,reject,False,,72,72,36,36,2,1,food_recognition_2022|food_recognition_2022_dataset,food_recognition_2022_dataset,celery,annotation_category_review,source_decision:HOLD_LICENSE_OR_DUPLICATE,too_few_eligible_images
cheddar,reject,False,,72,72,36,36,2,1,food_recognition_2022|food_recognition_2022_dataset,food_recognition_2022_dataset,cheddar,annotation_category_review,source_decision:HOLD_LICENSE_OR_DUPLICATE,too_few_eligible_images
grapefruit_pomelo,reject,False,,72,72,36,36,2,1,food_recognition_2022|food_recognition_2022_dataset,food_recognition_2022_dataset,grapefruit-pomelo,annotation_category_review,source_decision:HOLD_LICENSE_OR_DUPLICATE,too_few_eligible_images
high_protein_pasta_made_of_lentils_peas,reject,False,,72,72,36,36,2,1,food_recognition_2022|food_recognition_2022_dataset,food_recognition_2022_dataset,high-protein-pasta-made-of-lentils-peas,annotation_category_review,source_decision:HOLD_LICENSE_OR_DUPLICATE,too_few_eligible_images
potato_salad_with_mayonnaise_yogurt_dressing,reject,False,,72,72,36,36,2,1,food_recognition_2022|food_recognition_2022_dataset,food_recognition_2022_dataset,potato-salad-with-mayonnaise-yogurt-dressing,annotation_category_review,source_decision:HOLD_LICENSE_OR_DUPLICATE,too_few_eligible_images
tuna_in_oil_drained,reject,False,,72,72,36,36,2,1,food_recognition_2022|food_recognition_2022_dataset,food_recognition_2022_dataset,tuna-in-oil-drained,annotation_category_review,source_decision:HOLD_LICENSE_OR_DUPLICATE,too_few_eligible_images
beans_white,reject,False,,70,70,35,35,2,1,food_recognition_2022|food_recognition_2022_dataset,food_recognition_2022_dataset,beans-white,annotation_category_review,source_decision:HOLD_LICENSE_OR_DUPLICATE,too_few_eligible_images
cantonese_fried_rice,reject,False,,70,70,35,35,2,1,food_recognition_2022|food_recognition_2022_dataset,food_recognition_2022_dataset,cantonese-fried-rice,annotation_category_review,source_decision:HOLD_LICENSE_OR_DUPLICATE,too_few_eligible_images
croissant_wholegrain,reject,False,,70,70,35,35,2,1,food_recognition_2022|food_recognition_2022_dataset,food_recognition_2022_dataset,croissant-wholegrain,annotation_category_review,source_decision:HOLD_LICENSE_OR_DUPLICATE,too_few_eligible_images
juice_multifruit,reject,False,,70,72,35,36,2,1,food_recognition_2022|food_recognition_2022_dataset,food_recognition_2022_dataset,juice-multifruit,annotation_category_review,source_decision:HOLD_LICENSE_OR_DUPLICATE,too_few_eligible_images
kaki,reject,False,,70,70,35,35,2,1,food_recognition_2022|food_recognition_2022_dataset,food_recognition_2022_dataset,kaki,annotation_category_review,source_decision:HOLD_LICENSE_OR_DUPLICATE,too_few_eligible_images
processed_cheese,reject,False,,568,632,34,34,3,1,food_recognition_2022|food_recognition_2022_dataset|junk_food_object_detection_dataset_yolo_format,food_recognition_2022_dataset,Processed_Cheese|processed-cheese,yolo_detection,source_decision:HOLD_LICENSE_OR_DUPLICATE|source_decision:HOLD_OVERLAP_ONLY,too_few_eligible_images
bread_olive,reject,False,,68,68,34,34,2,1,food_recognition_2022|food_recognition_2022_dataset,food_recognition_2022_dataset,bread-olive,annotation_category_review,source_decision:HOLD_LICENSE_OR_DUPLICATE,too_few_eligible_images
dips,reject,False,,68,68,34,34,2,1,food_recognition_2022|food_recognition_2022_dataset,food_recognition_2022_dataset,dips,annotation_category_review,source_decision:HOLD_LICENSE_OR_DUPLICATE,too_few_eligible_images
ebly,reject,False,,68,72,34,36,2,1,food_recognition_2022|food_recognition_2022_dataset,food_recognition_2022_dataset,ebly,annotation_category_review,source_decision:HOLD_LICENSE_OR_DUPLICATE,too_few_eligible_images
goat_average_raw,reject,False,,68,72,34,36,2,1,food_recognition_2022|food_recognition_2022_dataset,food_recognition_2022_dataset,goat-average-raw,annotation_category_review,source_decision:HOLD_LICENSE_OR_DUPLICATE,too_few_eligible_images
risotto_with_mushrooms_cooked,reject,False,,68,68,34,34,2,1,food_recognition_2022|food_recognition_2022_dataset,food_recognition_2022_dataset,risotto-with-mushrooms-cooked,annotation_category_review,source_decision:HOLD_LICENSE_OR_DUPLICATE,too_few_eligible_images
red_beans,reject,False,,34,34,34,34,1,1,foodseg103,foodseg103,red beans,segmentation_or_mask,,too_few_eligible_images
panna_cotta,reject,False,,1066,1068,33,34,3,1,food41|food_recognition_2022|food_recognition_2022_dataset,food_recognition_2022_dataset,panna-cotta|panna_cotta,classification_pseudo_box_review,source_decision:HOLD_CLASSIFICATION_ONLY|source_decision:HOLD_LICENSE_OR_DUPLICATE,too_few_eligible_images
anchovies,reject,False,,66,72,33,36,2,1,food_recognition_2022|food_recognition_2022_dataset,food_recognition_2022_dataset,anchovies,annotation_category_review,source_decision:HOLD_LICENSE_OR_DUPLICATE,too_few_eligible_images
apple_crumble,reject,False,,66,66,33,33,2,1,food_recognition_2022|food_recognition_2022_dataset,food_recognition_2022_dataset,apple-crumble,annotation_category_review,source_decision:HOLD_LICENSE_OR_DUPLICATE,too_few_eligible_images
bouquet_garni,reject,False,,66,68,33,34,2,1,food_recognition_2022|food_recognition_2022_dataset,food_recognition_2022_dataset,bouquet-garni,annotation_category_review,source_decision:HOLD_LICENSE_OR_DUPLICATE,too_few_eligible_images
brie,reject,False,,66,68,33,34,2,1,food_recognition_2022|food_recognition_2022_dataset,food_recognition_2022_dataset,brie,annotation_category_review,source_decision:HOLD_LICENSE_OR_DUPLICATE,too_few_eligible_images
buckwheat_grain_peeled,reject,False,,66,66,33,33,2,1,food_recognition_2022|food_recognition_2022_dataset,food_recognition_2022_dataset,buckwheat-grain-peeled,annotation_category_review,source_decision:HOLD_LICENSE_OR_DUPLICATE,too_few_eligible_images
butter_herb,reject,False,,66,68,33,34,2,1,food_recognition_2022|food_recognition_2022_dataset,food_recognition_2022_dataset,butter-herb,annotation_category_review,source_decision:HOLD_LICENSE_OR_DUPLICATE,too_few_eligible_images
chives,reject,False,,66,66,33,33,2,1,food_recognition_2022|food_recognition_2022_dataset,food_recognition_2022_dataset,chives,annotation_category_review,source_decision:HOLD_LICENSE_OR_DUPLICATE,too_few_eligible_images
coca_cola,reject,False,,66,68,33,34,2,1,food_recognition_2022|food_recognition_2022_dataset,food_recognition_2022_dataset,coca-cola,annotation_category_review,source_decision:HOLD_LICENSE_OR_DUPLICATE,too_few_eligible_images
coca_cola_zero,reject,False,,66,70,33,35,2,1,food_recognition_2022|food_recognition_2022_dataset,food_recognition_2022_dataset,coca-cola-zero,annotation_category_review,source_decision:HOLD_LICENSE_OR_DUPLICATE,too_few_eligible_images
cocktail,reject,False,,66,66,33,33,2,1,food_recognition_2022|food_recognition_2022_dataset,food_recognition_2022_dataset,cocktail,annotation_category_review,source_decision:HOLD_LICENSE_OR_DUPLICATE,too_few_eligible_images
coconut_milk,reject,False,,66,70,33,35,2,1,food_recognition_2022|food_recognition_2022_dataset,food_recognition_2022_dataset,coconut-milk,annotation_category_review,source_decision:HOLD_LICENSE_OR_DUPLICATE,too_few_eligible_images
pasta_tortelloni_stuffing,reject,False,,66,66,33,33,2,1,food_recognition_2022|food_recognition_2022_dataset,food_recognition_2022_dataset,pasta-tortelloni-stuffing,annotation_category_review,source_decision:HOLD_LICENSE_OR_DUPLICATE,too_few_eligible_images
rice_waffels,reject,False,,66,68,33,34,2,1,food_recognition_2022|food_recognition_2022_dataset,food_recognition_2022_dataset,rice-waffels,annotation_category_review,source_decision:HOLD_LICENSE_OR_DUPLICATE,too_few_eligible_images
tete_de_moine,reject,False,,66,66,33,33,2,1,food_recognition_2022|food_recognition_2022_dataset,food_recognition_2022_dataset,tete-de-moine,annotation_category_review,source_decision:HOLD_LICENSE_OR_DUPLICATE,too_few_eligible_images
cheesecake,reject,False,,1645,1648,32,33,4,1,food41|food_recognition_2022|food_recognition_2022_dataset|junk_food_object_detection_dataset_yolo_format,food_recognition_2022_dataset,cheesecake,classification_pseudo_box_review,source_decision:HOLD_CLASSIFICATION_ONLY|source_decision:HOLD_LICENSE_OR_DUPLICATE|source_decision:HOLD_OVERLAP_ONLY,too_few_eligible_images
pork_chop,reject,False,,1064,1064,32,32,3,1,food41|food_recognition_2022|food_recognition_2022_dataset,food_recognition_2022_dataset,pork-chop|pork_chop,classification_pseudo_box_review,source_decision:HOLD_CLASSIFICATION_ONLY|source_decision:HOLD_LICENSE_OR_DUPLICATE,too_few_eligible_images
lamb_chop,reject,False,,64,64,32,32,2,1,food_recognition_2022|food_recognition_2022_dataset,food_recognition_2022_dataset,lamb-chop,annotation_category_review,source_decision:HOLD_LICENSE_OR_DUPLICATE,too_few_eligible_images
latte_macchiato_with_caffeine,reject,False,,64,70,32,35,2,1,food_recognition_2022|food_recognition_2022_dataset,food_recognition_2022_dataset,latte-macchiato-with-caffeine,annotation_category_review,source_decision:HOLD_LICENSE_OR_DUPLICATE,too_few_eligible_images
mungbean_sprouts,reject,False,,64,64,32,32,2,1,food_recognition_2022|food_recognition_2022_dataset,food_recognition_2022_dataset,mungbean-sprouts,annotation_category_review,source_decision:HOLD_LICENSE_OR_DUPLICATE,too_few_eligible_images
savoy_cabbage_steamed_without_addition_of_salt,reject,False,,64,66,32,33,2,1,food_recognition_2022|food_recognition_2022_dataset,food_recognition_2022_dataset,savoy-cabbage-steamed-without-addition-of-salt,annotation_category_review,source_decision:HOLD_LICENSE_OR_DUPLICATE,too_few_eligible_images
vanille_cream_cooked_custard_creme_dessert,reject,False,,64,64,32,32,2,1,food_recognition_2022|food_recognition_2022_dataset,food_recognition_2022_dataset,vanille-cream-cooked-custard-creme-dessert,annotation_category_review,source_decision:HOLD_LICENSE_OR_DUPLICATE,too_few_eligible_images
candy,reject,False,,32,32,32,32,1,1,foodseg103,foodseg103,candy,segmentation_or_mask,,too_few_eligible_images
cenovis_yeast_spread,reject,False,,62,70,31,35,2,1,food_recognition_2022|food_recognition_2022_dataset,food_recognition_2022_dataset,cenovis-yeast-spread,annotation_category_review,source_decision:HOLD_LICENSE_OR_DUPLICATE,too_few_eligible_images
cod,reject,False,,62,62,31,31,2,1,food_recognition_2022|food_recognition_2022_dataset,food_recognition_2022_dataset,cod,annotation_category_review,source_decision:HOLD_LICENSE_OR_DUPLICATE,too_few_eligible_images
mousse,reject,False,,62,68,31,34,2,1,food_recognition_2022|food_recognition_2022_dataset,food_recognition_2022_dataset,mousse,annotation_category_review,source_decision:HOLD_LICENSE_OR_DUPLICATE,too_few_eligible_images
pie_apricot_baked_with_cake_dough,reject,False,,62,62,31,31,2,1,food_recognition_2022|food_recognition_2022_dataset,food_recognition_2022_dataset,pie-apricot-baked-with-cake-dough,annotation_category_review,source_decision:HOLD_LICENSE_OR_DUPLICATE,too_few_eligible_images
sandwich_ham_cheese_and_butter,reject,False,,62,64,31,32,2,1,food_recognition_2022|food_recognition_2022_dataset,food_recognition_2022_dataset,sandwich-ham-cheese-and-butter,annotation_category_review,source_decision:HOLD_LICENSE_OR_DUPLICATE,too_few_eligible_images
tartar_meat,reject,False,,62,64,31,32,2,1,food_recognition_2022|food_recognition_2022_dataset,food_recognition_2022_dataset,tartar-meat,annotation_category_review,source_decision:HOLD_LICENSE_OR_DUPLICATE,too_few_eligible_images
meringue,reject,False,,60,60,30,30,2,1,food_recognition_2022|food_recognition_2022_dataset,food_recognition_2022_dataset,meringue,annotation_category_review,source_decision:HOLD_LICENSE_OR_DUPLICATE,too_few_eligible_images
nuts,reject,False,,60,60,30,30,2,1,food_recognition_2022|food_recognition_2022_dataset,food_recognition_2022_dataset,nuts,annotation_category_review,source_decision:HOLD_LICENSE_OR_DUPLICATE,too_few_eligible_images
pork_roast,reject,False,,60,64,30,32,2,1,food_recognition_2022|food_recognition_2022_dataset,food_recognition_2022_dataset,pork-roast,annotation_category_review,source_decision:HOLD_LICENSE_OR_DUPLICATE,too_few_eligible_images
apricot,reject,False,,30,30,30,30,1,1,foodseg103,foodseg103,apricot,segmentation_or_mask,,too_few_eligible_images
dried_cranberries,reject,False,,30,30,30,30,1,1,foodseg103,foodseg103,dried cranberries,segmentation_or_mask,,too_few_eligible_images
carrot_cake,reject,False,,1058,1058,29,29,3,1,food41|food_recognition_2022|food_recognition_2022_dataset,food_recognition_2022_dataset,carrot-cake|carrot_cake,classification_pseudo_box_review,source_decision:HOLD_CLASSIFICATION_ONLY|source_decision:HOLD_LICENSE_OR_DUPLICATE,too_few_eligible_images
bouillon_vegetable,reject,False,,58,60,29,30,2,1,food_recognition_2022|food_recognition_2022_dataset,food_recognition_2022_dataset,bouillon-vegetable,annotation_category_review,source_decision:HOLD_LICENSE_OR_DUPLICATE,too_few_eligible_images
fig_dried,reject,False,,58,62,29,31,2,1,food_recognition_2022|food_recognition_2022_dataset,food_recognition_2022_dataset,fig-dried,annotation_category_review,source_decision:HOLD_LICENSE_OR_DUPLICATE,too_few_eligible_images
lemon_pie,reject,False,,58,60,29,30,2,1,food_recognition_2022|food_recognition_2022_dataset,food_recognition_2022_dataset,lemon-pie,annotation_category_review,source_decision:HOLD_LICENSE_OR_DUPLICATE,too_few_eligible_images
meat_balls,reject,False,,58,58,29,29,2,1,food_recognition_2022|food_recognition_2022_dataset,food_recognition_2022_dataset,meat-balls,annotation_category_review,source_decision:HOLD_LICENSE_OR_DUPLICATE,too_few_eligible_images
paprika_chips,reject,False,,58,60,29,30,2,1,food_recognition_2022|food_recognition_2022_dataset,food_recognition_2022_dataset,paprika-chips,annotation_category_review,source_decision:HOLD_LICENSE_OR_DUPLICATE,too_few_eligible_images
waffle,reject,False,,58,70,29,35,2,1,food_recognition_2022|food_recognition_2022_dataset,food_recognition_2022_dataset,waffle,annotation_category_review,source_decision:HOLD_LICENSE_OR_DUPLICATE,too_few_eligible_images
balsamic_vinegar,reject,False,,56,56,28,28,2,1,food_recognition_2022|food_recognition_2022_dataset,food_recognition_2022_dataset,balsamic-vinegar,annotation_category_review,source_decision:HOLD_LICENSE_OR_DUPLICATE,too_few_eligible_images
bean_seeds,reject,False,,56,56,28,28,2,1,food_recognition_2022|food_recognition_2022_dataset,food_recognition_2022_dataset,bean-seeds,annotation_category_review,source_decision:HOLD_LICENSE_OR_DUPLICATE,too_few_eligible_images
biscuit_with_butter,reject,False,,56,58,28,29,2,1,food_recognition_2022|food_recognition_2022_dataset,food_recognition_2022_dataset,biscuit-with-butter,annotation_category_review,source_decision:HOLD_LICENSE_OR_DUPLICATE,too_few_eligible_images
cake_oblong,reject,False,,56,56,28,28,2,1,food_recognition_2022|food_recognition_2022_dataset,food_recognition_2022_dataset,cake-oblong,annotation_category_review,source_decision:HOLD_LICENSE_OR_DUPLICATE,too_few_eligible_images
chia_grains,reject,False,,56,56,28,28,2,1,food_recognition_2022|food_recognition_2022_dataset,food_recognition_2022_dataset,chia-grains,annotation_category_review,source_decision:HOLD_LICENSE_OR_DUPLICATE,too_few_eligible_images
chocolate_egg_small,reject,False,,56,56,28,28,2,1,food_recognition_2022|food_recognition_2022_dataset,food_recognition_2022_dataset,chocolate-egg-small,annotation_category_review,source_decision:HOLD_LICENSE_OR_DUPLICATE,too_few_eligible_images
coriander,reject,False,,56,56,28,28,2,1,food_recognition_2022|food_recognition_2022_dataset,food_recognition_2022_dataset,coriander,annotation_category_review,source_decision:HOLD_LICENSE_OR_DUPLICATE,too_few_eligible_images
eggplant_caviar,reject,False,,56,56,28,28,2,1,food_recognition_2022|food_recognition_2022_dataset,food_recognition_2022_dataset,eggplant-caviar,annotation_category_review,source_decision:HOLD_LICENSE_OR_DUPLICATE,too_few_eligible_images
fish_crunchies_battered,reject,False,,56,56,28,28,2,1,food_recognition_2022|food_recognition_2022_dataset,food_recognition_2022_dataset,fish-crunchies-battered,annotation_category_review,source_decision:HOLD_LICENSE_OR_DUPLICATE,too_few_eligible_images
minced_meat,reject,False,,56,58,28,29,2,1,food_recognition_2022|food_recognition_2022_dataset,food_recognition_2022_dataset,minced-meat,annotation_category_review,source_decision:HOLD_LICENSE_OR_DUPLICATE,too_few_eligible_images
naan_indien_bread,reject,False,,56,56,28,28,2,1,food_recognition_2022|food_recognition_2022_dataset,food_recognition_2022_dataset,naan-indien-bread,annotation_category_review,source_decision:HOLD_LICENSE_OR_DUPLICATE,too_few_eligible_images
pecan_nut,reject,False,,56,60,28,30,2,1,food_recognition_2022|food_recognition_2022_dataset,food_recognition_2022_dataset,pecan-nut,annotation_category_review,source_decision:HOLD_LICENSE_OR_DUPLICATE,too_few_eligible_images
savoury_puff_pastry_stick,reject,False,,56,56,28,28,2,1,food_recognition_2022|food_recognition_2022_dataset,food_recognition_2022_dataset,savoury-puff-pastry-stick,annotation_category_review,source_decision:HOLD_LICENSE_OR_DUPLICATE,too_few_eligible_images
sweets_candies,reject,False,,56,66,28,33,2,1,food_recognition_2022|food_recognition_2022_dataset,food_recognition_2022_dataset,sweets-candies,annotation_category_review,source_decision:HOLD_LICENSE_OR_DUPLICATE,too_few_eligible_images
hanamaki_baozi,reject,False,,28,28,28,28,1,1,foodseg103,foodseg103,hanamaki baozi,segmentation_or_mask,,too_few_eligible_images
banana_cake,reject,False,,54,66,27,33,2,1,food_recognition_2022|food_recognition_2022_dataset,food_recognition_2022_dataset,banana-cake,annotation_category_review,source_decision:HOLD_LICENSE_OR_DUPLICATE,too_few_eligible_images
cocoa_powder,reject,False,,54,54,27,27,2,1,food_recognition_2022|food_recognition_2022_dataset,food_recognition_2022_dataset,cocoa-powder,annotation_category_review,source_decision:HOLD_LICENSE_OR_DUPLICATE,too_few_eligible_images
french_pizza_from_alsace_baked,reject,False,,54,56,27,28,2,1,food_recognition_2022|food_recognition_2022_dataset,food_recognition_2022_dataset,french-pizza-from-alsace-baked,annotation_category_review,source_decision:HOLD_LICENSE_OR_DUPLICATE,too_few_eligible_images
fruit_compotes,reject,False,,54,54,27,27,2,1,food_recognition_2022|food_recognition_2022_dataset,food_recognition_2022_dataset,fruit-compotes,annotation_category_review,source_decision:HOLD_LICENSE_OR_DUPLICATE,too_few_eligible_images
ham_turkey,reject,False,,54,54,27,27,2,1,food_recognition_2022|food_recognition_2022_dataset,food_recognition_2022_dataset,ham-turkey,annotation_category_review,source_decision:HOLD_LICENSE_OR_DUPLICATE,too_few_eligible_images
perch_fillets_lake,reject,False,,54,54,27,27,2,1,food_recognition_2022|food_recognition_2022_dataset,food_recognition_2022_dataset,perch-fillets-lake,annotation_category_review,source_decision:HOLD_LICENSE_OR_DUPLICATE,too_few_eligible_images
soup_tomato,reject,False,,54,54,27,27,2,1,food_recognition_2022|food_recognition_2022_dataset,food_recognition_2022_dataset,soup-tomato,annotation_category_review,source_decision:HOLD_LICENSE_OR_DUPLICATE,too_few_eligible_images
croque_monsieur,reject,False,,52,64,26,32,2,1,food_recognition_2022|food_recognition_2022_dataset,food_recognition_2022_dataset,croque-monsieur,annotation_category_review,source_decision:HOLD_LICENSE_OR_DUPLICATE,too_few_eligible_images
faux_mage_cashew_vegan_chers,reject,False,,52,52,26,26,2,1,food_recognition_2022|food_recognition_2022_dataset,food_recognition_2022_dataset,faux-mage-cashew-vegan-chers,annotation_category_review,source_decision:HOLD_LICENSE_OR_DUPLICATE,too_few_eligible_images
lasagne_vegetable_prepared,reject,False,,52,52,26,26,2,1,food_recognition_2022|food_recognition_2022_dataset,food_recognition_2022_dataset,lasagne-vegetable-prepared,annotation_category_review,source_decision:HOLD_LICENSE_OR_DUPLICATE,too_few_eligible_images
linseeds,reject,False,,52,54,26,27,2,1,food_recognition_2022|food_recognition_2022_dataset,food_recognition_2022_dataset,linseeds,annotation_category_review,source_decision:HOLD_LICENSE_OR_DUPLICATE,too_few_eligible_images
milk_chocolate_with_hazelnuts,reject,False,,52,52,26,26,2,1,food_recognition_2022|food_recognition_2022_dataset,food_recognition_2022_dataset,milk-chocolate-with-hazelnuts,annotation_category_review,source_decision:HOLD_LICENSE_OR_DUPLICATE,too_few_eligible_images
popcorn_salted,reject,False,,52,52,26,26,2,1,food_recognition_2022|food_recognition_2022_dataset,food_recognition_2022_dataset,popcorn-salted,annotation_category_review,source_decision:HOLD_LICENSE_OR_DUPLICATE,too_few_eligible_images
rice_jasmin,reject,False,,52,52,26,26,2,1,food_recognition_2022|food_recognition_2022_dataset,food_recognition_2022_dataset,rice-jasmin,annotation_category_review,source_decision:HOLD_LICENSE_OR_DUPLICATE,too_few_eligible_images
tomato_stewed_without_addition_of_fat_without_addition_of_salt,reject,False,,52,52,26,26,2,1,food_recognition_2022|food_recognition_2022_dataset,food_recognition_2022_dataset,tomato-stewed-without-addition-of-fat-without-addition-of-salt,annotation_category_review,source_decision:HOLD_LICENSE_OR_DUPLICATE,too_few_eligible_images
fig,reject,False,,26,26,26,26,1,1,foodseg103,foodseg103,fig,segmentation_or_mask,,too_few_eligible_images
aperitif_with_alcohol_aperol_spritz,reject,False,,50,52,25,26,2,1,food_recognition_2022|food_recognition_2022_dataset,food_recognition_2022_dataset,aperitif-with-alcohol-aperol-spritz,annotation_category_review,source_decision:HOLD_LICENSE_OR_DUPLICATE,too_few_eligible_images
damson_plum,reject,False,,50,50,25,25,2,1,food_recognition_2022|food_recognition_2022_dataset,food_recognition_2022_dataset,damson-plum,annotation_category_review,source_decision:HOLD_LICENSE_OR_DUPLICATE,too_few_eligible_images
maple_syrup_concentrate,reject,False,,50,54,25,27,2,1,food_recognition_2022|food_recognition_2022_dataset,food_recognition_2022_dataset,maple-syrup-concentrate,annotation_category_review,source_decision:HOLD_LICENSE_OR_DUPLICATE,too_few_eligible_images
philadelphia,reject,False,,50,50,25,25,2,1,food_recognition_2022|food_recognition_2022_dataset,food_recognition_2022_dataset,philadelphia,annotation_category_review,source_decision:HOLD_LICENSE_OR_DUPLICATE,too_few_eligible_images
pie_rhubarb_baked_with_cake_dough,reject,False,,50,52,25,26,2,1,food_recognition_2022|food_recognition_2022_dataset,food_recognition_2022_dataset,pie-rhubarb-baked-with-cake-dough,annotation_category_review,source_decision:HOLD_LICENSE_OR_DUPLICATE,too_few_eligible_images
cooked_sausage,reject,False,,48,50,24,25,2,1,food_recognition_2022|food_recognition_2022_dataset,food_recognition_2022_dataset,cooked-sausage,annotation_category_review,source_decision:HOLD_LICENSE_OR_DUPLICATE,too_few_eligible_images
kebab_in_pita_bread,reject,False,,48,48,24,24,2,1,food_recognition_2022|food_recognition_2022_dataset,food_recognition_2022_dataset,kebab-in-pita-bread,annotation_category_review,source_decision:HOLD_LICENSE_OR_DUPLICATE,too_few_eligible_images
mushroom_average_stewed_without_addition_of_fat_without_addition_of_salt,reject,False,,48,50,24,25,2,1,food_recognition_2022|food_recognition_2022_dataset,food_recognition_2022_dataset,mushroom-average-stewed-without-addition-of-fat-without-addition-of-salt,annotation_category_review,source_decision:HOLD_LICENSE_OR_DUPLICATE,too_few_eligible_images
prosecco,reject,False,,48,48,24,24,2,1,food_recognition_2022|food_recognition_2022_dataset,food_recognition_2022_dataset,prosecco,annotation_category_review,source_decision:HOLD_LICENSE_OR_DUPLICATE,too_few_eligible_images
soup_cream_of_vegetables,reject,False,,48,48,24,24,2,1,food_recognition_2022|food_recognition_2022_dataset,food_recognition_2022_dataset,soup-cream-of-vegetables,annotation_category_review,source_decision:HOLD_LICENSE_OR_DUPLICATE,too_few_eligible_images
soup_miso,reject,False,,48,48,24,24,2,1,food_recognition_2022|food_recognition_2022_dataset,food_recognition_2022_dataset,soup-miso,annotation_category_review,source_decision:HOLD_LICENSE_OR_DUPLICATE,too_few_eligible_images
sugar_glazing,reject,False,,48,48,24,24,2,1,food_recognition_2022|food_recognition_2022_dataset,food_recognition_2022_dataset,sugar-glazing,annotation_category_review,source_decision:HOLD_LICENSE_OR_DUPLICATE,too_few_eligible_images
melon,reject,False,,24,24,24,24,1,1,foodseg103,foodseg103,melon,segmentation_or_mask,,too_few_eligible_images
apricot_dried,reject,False,,46,48,23,24,2,1,food_recognition_2022|food_recognition_2022_dataset,food_recognition_2022_dataset,apricot-dried,annotation_category_review,source_decision:HOLD_LICENSE_OR_DUPLICATE,too_few_eligible_images
grissini,reject,False,,46,46,23,23,2,1,food_recognition_2022|food_recognition_2022_dataset,food_recognition_2022_dataset,grissini,annotation_category_review,source_decision:HOLD_LICENSE_OR_DUPLICATE,too_few_eligible_images
margarine,reject,False,,46,48,23,24,2,1,food_recognition_2022|food_recognition_2022_dataset,food_recognition_2022_dataset,margarine,annotation_category_review,source_decision:HOLD_LICENSE_OR_DUPLICATE,too_few_eligible_images
mix_of_dried_fruits_and_nuts,reject,False,,46,46,23,23,2,1,food_recognition_2022|food_recognition_2022_dataset,food_recognition_2022_dataset,mix-of-dried-fruits-and-nuts,annotation_category_review,source_decision:HOLD_LICENSE_OR_DUPLICATE,too_few_eligible_images
smoked_cooked_sausage_of_pork_and_beef_meat_sausag,reject,False,,46,46,23,23,2,1,food_recognition_2022|food_recognition_2022_dataset,food_recognition_2022_dataset,smoked-cooked-sausage-of-pork-and-beef-meat-sausag,annotation_category_review,source_decision:HOLD_LICENSE_OR_DUPLICATE,too_few_eligible_images
turnover_with_meat_small_meat_pie_empanadas,reject,False,,46,48,23,24,2,1,food_recognition_2022|food_recognition_2022_dataset,food_recognition_2022_dataset,turnover-with-meat-small-meat-pie-empanadas,annotation_category_review,source_decision:HOLD_LICENSE_OR_DUPLICATE,too_few_eligible_images
white_chocolate,reject,False,,46,46,23,23,2,1,food_recognition_2022|food_recognition_2022_dataset,food_recognition_2022_dataset,white-chocolate,annotation_category_review,source_decision:HOLD_LICENSE_OR_DUPLICATE,too_few_eligible_images
cashew,reject,False,,23,23,23,23,1,1,foodseg103,foodseg103,cashew,segmentation_or_mask,,too_few_eligible_images
chorizo,reject,False,,44,46,22,23,2,1,food_recognition_2022|food_recognition_2022_dataset,food_recognition_2022_dataset,chorizo,annotation_category_review,source_decision:HOLD_LICENSE_OR_DUPLICATE,too_few_eligible_images
soya_drink_soy_milk,reject,False,,44,46,22,23,2,1,food_recognition_2022|food_recognition_2022_dataset,food_recognition_2022_dataset,soya-drink-soy-milk,annotation_category_review,source_decision:HOLD_LICENSE_OR_DUPLICATE,too_few_eligible_images
soya_yaourt_yahourt_yogourt_ou_yoghourt,reject,False,,44,44,22,22,2,1,food_recognition_2022|food_recognition_2022_dataset,food_recognition_2022_dataset,soya-yaourt-yahourt-yogourt-ou-yoghourt,annotation_category_review,source_decision:HOLD_LICENSE_OR_DUPLICATE,too_few_eligible_images
salad,reject,False,,22,22,22,22,1,1,foodseg103,foodseg103,salad,segmentation_or_mask,,base_reject_alias
dumplings,reject,False,,1042,1042,21,21,3,1,food41|food_recognition_2022|food_recognition_2022_dataset,food_recognition_2022_dataset,dumplings,classification_pseudo_box_review,source_decision:HOLD_CLASSIFICATION_ONLY|source_decision:HOLD_LICENSE_OR_DUPLICATE,too_few_eligible_images
macaroon,reject,False,,42,42,21,21,2,1,food_recognition_2022|food_recognition_2022_dataset,food_recognition_2022_dataset,macaroon,annotation_category_review,source_decision:HOLD_LICENSE_OR_DUPLICATE,too_few_eligible_images
sekt,reject,False,,42,46,21,23,2,1,food_recognition_2022|food_recognition_2022_dataset,food_recognition_2022_dataset,sekt,annotation_category_review,source_decision:HOLD_LICENSE_OR_DUPLICATE,too_few_eligible_images
brazil_nut,reject,False,,40,48,20,24,2,1,food_recognition_2022|food_recognition_2022_dataset,food_recognition_2022_dataset,brazil-nut,annotation_category_review,source_decision:HOLD_LICENSE_OR_DUPLICATE,too_few_eligible_images
champagne,reject,False,,40,42,20,21,2,1,food_recognition_2022|food_recognition_2022_dataset,food_recognition_2022_dataset,champagne,annotation_category_review,source_decision:HOLD_LICENSE_OR_DUPLICATE,too_few_eligible_images
pastry_flaky,reject,False,,40,44,20,22,2,1,food_recognition_2022|food_recognition_2022_dataset,food_recognition_2022_dataset,pastry-flaky,annotation_category_review,source_decision:HOLD_LICENSE_OR_DUPLICATE,too_few_eligible_images
soup_potato,reject,False,,40,44,20,22,2,1,food_recognition_2022|food_recognition_2022_dataset,food_recognition_2022_dataset,soup-potato,annotation_category_review,source_decision:HOLD_LICENSE_OR_DUPLICATE,too_few_eligible_images
black_forest_tart,reject,False,,38,44,19,22,2,1,food_recognition_2022|food_recognition_2022_dataset,food_recognition_2022_dataset,black-forest-tart,annotation_category_review,source_decision:HOLD_LICENSE_OR_DUPLICATE,too_few_eligible_images
blackberry,reject,False,,38,38,19,19,2,1,food_recognition_2022|food_recognition_2022_dataset,food_recognition_2022_dataset,blackberry,annotation_category_review,source_decision:HOLD_LICENSE_OR_DUPLICATE,too_few_eligible_images
cake_marble,reject,False,,38,38,19,19,2,1,food_recognition_2022|food_recognition_2022_dataset,food_recognition_2022_dataset,cake-marble,annotation_category_review,source_decision:HOLD_LICENSE_OR_DUPLICATE,too_few_eligible_images
cake_salted,reject,False,,38,38,19,19,2,1,food_recognition_2022|food_recognition_2022_dataset,food_recognition_2022_dataset,cake-salted,annotation_category_review,source_decision:HOLD_LICENSE_OR_DUPLICATE,too_few_eligible_images
chocolate_milk_chocolate_drink,reject,False,,38,44,19,22,2,1,food_recognition_2022|food_recognition_2022_dataset,food_recognition_2022_dataset,chocolate-milk-chocolate-drink,annotation_category_review,source_decision:HOLD_LICENSE_OR_DUPLICATE,too_few_eligible_images
ice_cubes,reject,False,,38,48,19,24,2,1,food_recognition_2022|food_recognition_2022_dataset,food_recognition_2022_dataset,ice-cubes,annotation_category_review,source_decision:HOLD_LICENSE_OR_DUPLICATE,too_few_eligible_images
italian_salad_dressing,reject,False,,38,38,19,19,2,1,food_recognition_2022|food_recognition_2022_dataset,food_recognition_2022_dataset,italian-salad-dressing,annotation_category_review,source_decision:HOLD_LICENSE_OR_DUPLICATE,too_few_eligible_images
m_m_s,reject,False,,38,38,19,19,2,1,food_recognition_2022|food_recognition_2022_dataset,food_recognition_2022_dataset,m-m-s,annotation_category_review,source_decision:HOLD_LICENSE_OR_DUPLICATE,too_few_eligible_images
mango_dried,reject,False,,38,40,19,20,2,1,food_recognition_2022|food_recognition_2022_dataset,food_recognition_2022_dataset,mango-dried,annotation_category_review,source_decision:HOLD_LICENSE_OR_DUPLICATE,too_few_eligible_images
wonton_dumplings,reject,False,,19,19,19,19,1,1,foodseg103,foodseg103,wonton dumplings,segmentation_or_mask,,too_few_eligible_images
corn_flakes,reject,False,,36,44,18,22,2,1,food_recognition_2022|food_recognition_2022_dataset,food_recognition_2022_dataset,corn-flakes,annotation_category_review,source_decision:HOLD_LICENSE_OR_DUPLICATE,too_few_eligible_images
gummi_bears_fruit_jellies_jelly_babies_with_fruit_essence,reject,False,,36,36,18,18,2,1,food_recognition_2022|food_recognition_2022_dataset,food_recognition_2022_dataset,gummi-bears-fruit-jellies-jelly-babies-with-fruit-essence,annotation_category_review,source_decision:HOLD_LICENSE_OR_DUPLICATE,too_few_eligible_images
bagel_without_filling,reject,False,,34,36,17,18,2,1,food_recognition_2022|food_recognition_2022_dataset,food_recognition_2022_dataset,bagel-without-filling,annotation_category_review,source_decision:HOLD_LICENSE_OR_DUPLICATE,too_few_eligible_images
buckwheat_pancake,reject,False,,34,34,17,17,2,1,food_recognition_2022|food_recognition_2022_dataset,food_recognition_2022_dataset,buckwheat-pancake,annotation_category_review,source_decision:HOLD_LICENSE_OR_DUPLICATE,too_few_eligible_images
oat_milk,reject,False,,34,34,17,17,2,1,food_recognition_2022|food_recognition_2022_dataset,food_recognition_2022_dataset,oat-milk,annotation_category_review,source_decision:HOLD_LICENSE_OR_DUPLICATE,too_few_eligible_images
okra,reject,False,,17,17,17,17,1,1,foodseg103,foodseg103,okra,segmentation_or_mask,,too_few_eligible_images
chocolate_filled,reject,False,,32,34,16,17,2,1,food_recognition_2022|food_recognition_2022_dataset,food_recognition_2022_dataset,chocolate-filled,annotation_category_review,source_decision:HOLD_LICENSE_OR_DUPLICATE,too_few_eligible_images
light_beer,reject,False,,32,32,16,16,2,1,food_recognition_2022|food_recognition_2022_dataset,food_recognition_2022_dataset,light-beer,annotation_category_review,source_decision:HOLD_LICENSE_OR_DUPLICATE,too_few_eligible_images
tea_ginger,reject,False,,32,38,16,19,2,1,food_recognition_2022|food_recognition_2022_dataset,food_recognition_2022_dataset,tea-ginger,annotation_category_review,source_decision:HOLD_LICENSE_OR_DUPLICATE,too_few_eligible_images
tea_rooibos,reject,False,,32,32,16,16,2,1,food_recognition_2022|food_recognition_2022_dataset,food_recognition_2022_dataset,tea-rooibos,annotation_category_review,source_decision:HOLD_LICENSE_OR_DUPLICATE,too_few_eligible_images
tea_fruit,reject,False,,30,32,15,16,2,1,food_recognition_2022|food_recognition_2022_dataset,food_recognition_2022_dataset,tea-fruit,annotation_category_review,source_decision:HOLD_LICENSE_OR_DUPLICATE,too_few_eligible_images
tea_spice,reject,False,,30,32,15,16,2,1,food_recognition_2022|food_recognition_2022_dataset,food_recognition_2022_dataset,tea-spice,annotation_category_review,source_decision:HOLD_LICENSE_OR_DUPLICATE,too_few_eligible_images
popcorn,reject,False,,14,14,14,14,1,1,foodseg103,foodseg103,popcorn,segmentation_or_mask,,too_few_eligible_images
oil,reject,False,,26,26,13,13,2,1,food_recognition_2022|food_recognition_2022_dataset,food_recognition_2022_dataset,oil,annotation_category_review,source_decision:HOLD_LICENSE_OR_DUPLICATE,too_few_eligible_images
king_oyster_mushroom,reject,False,,13,13,13,13,1,1,foodseg103,foodseg103,king oyster mushroom,segmentation_or_mask,,too_few_eligible_images
seaweed,reject,False,,12,12,12,12,1,1,foodseg103,foodseg103,seaweed,segmentation_or_mask,,too_few_eligible_images
date,reject,False,,9,9,9,9,1,1,foodseg103,foodseg103,date,segmentation_or_mask,,too_few_eligible_images
enoki_mushroom,reject,False,,9,9,9,9,1,1,foodseg103,foodseg103,enoki mushroom,segmentation_or_mask,,too_few_eligible_images
oyster_mushroom,reject,False,,9,9,9,9,1,1,foodseg103,foodseg103,oyster mushroom,segmentation_or_mask,,too_few_eligible_images
bamboo_shoots,reject,False,,6,6,6,6,1,1,foodseg103,foodseg103,bamboo shoots,segmentation_or_mask,,too_few_eligible_images
hamburg,reject,False,,6,6,6,6,1,1,foodseg103,foodseg103,hamburg,segmentation_or_mask,,too_few_eligible_images
pudding,reject,False,,5,5,5,5,1,1,foodseg103,foodseg103,pudding,segmentation_or_mask,,too_few_eligible_images
egg_tart,reject,False,,4,4,4,4,1,1,foodseg103,foodseg103,egg tart,segmentation_or_mask,,too_few_eligible_images
kelp,reject,False,,3,3,3,3,1,1,foodseg103,foodseg103,kelp,segmentation_or_mask,,too_few_eligible_images
person,reject,False,,501,599,0,0,1,0,junk_food_object_detection_dataset_yolo_format,,person,yolo_detection,source_decision:HOLD_OVERLAP_ONLY,base_reject_alias
