candidate_name,decision,append_to_taxonomy,existing_canonical_class,images,instances,eligible_images,eligible_instances,source_count,eligible_source_count,sources,eligible_sources,raw_labels,dominant_candidate_origin,hold_reasons,targeted_collection_lanes,decision_reason
apple,priority_accept,True,,3197,19614,2287,18624,4,3,awsaf49/food-recognition-2022-dataset|fontainenathan/foodseg103|henningheyen/lvis-fruits-and-vegetables-dataset|sainikhileshreddy/food-recognition-2022,awsaf49/food-recognition-2022-dataset|fontainenathan/foodseg103|henningheyen/lvis-fruits-and-vegetables-dataset,apple,annotation_category_review,source_decision:HOLD_LICENSE_OR_DUPLICATE,,detection_priority_images
salad_leaf_salad_green,priority_accept,True,,4128,4192,2064,2096,2,1,awsaf49/food-recognition-2022-dataset|sainikhileshreddy/food-recognition-2022,awsaf49/food-recognition-2022-dataset,salad-leaf-salad-green,annotation_category_review,source_decision:HOLD_LICENSE_OR_DUPLICATE,,detection_priority_images
bread_whole_wheat,priority_accept,True,,4028,4176,2014,2088,2,1,awsaf49/food-recognition-2022-dataset|sainikhileshreddy/food-recognition-2022,awsaf49/food-recognition-2022-dataset,bread-whole-wheat|bread-wholemeal,annotation_category_review,source_decision:HOLD_LICENSE_OR_DUPLICATE,,detection_priority_images
bread_white,priority_accept,True,,3860,4062,1930,2031,2,1,awsaf49/food-recognition-2022-dataset|sainikhileshreddy/food-recognition-2022,awsaf49/food-recognition-2022-dataset,bread-white,annotation_category_review,source_decision:HOLD_LICENSE_OR_DUPLICATE,,detection_priority_images
bread,priority_accept,True,,1759,1765,1582,1585,3,2,awsaf49/food-recognition-2022-dataset|fontainenathan/foodseg103|sainikhileshreddy/food-recognition-2022,awsaf49/food-recognition-2022-dataset|fontainenathan/foodseg103,bread,segmentation_or_mask,source_decision:HOLD_LICENSE_OR_DUPLICATE,,detection_priority_images
strawberry,priority_accept,True,,1765,5941,1341,5499,4,3,awsaf49/food-recognition-2022-dataset|fontainenathan/foodseg103|henningheyen/lvis-fruits-and-vegetables-dataset|sainikhileshreddy/food-recognition-2022,awsaf49/food-recognition-2022-dataset|fontainenathan/foodseg103|henningheyen/lvis-fruits-and-vegetables-dataset,Strawberry|strawberries|strawberry,annotation_category_review,source_decision:HOLD_LICENSE_OR_DUPLICATE,,detection_priority_images
lettuce,priority_accept,True,,1308,6272,1308,6272,2,2,fontainenathan/foodseg103|henningheyen/lvis-fruits-and-vegetables-dataset,fontainenathan/foodseg103|henningheyen/lvis-fruits-and-vegetables-dataset,lettuce,yolo_detection,,,detection_priority_images
chicken_duck,priority_accept,True,,1242,1242,1242,1242,1,1,fontainenathan/foodseg103,fontainenathan/foodseg103,chicken duck,segmentation_or_mask,,,detection_priority_images
lemon,priority_accept,True,,1180,3033,1060,2900,4,3,awsaf49/food-recognition-2022-dataset|fontainenathan/foodseg103|henningheyen/lvis-fruits-and-vegetables-dataset|sainikhileshreddy/food-recognition-2022,awsaf49/food-recognition-2022-dataset|fontainenathan/foodseg103|henningheyen/lvis-fruits-and-vegetables-dataset,lemon,segmentation_or_mask,source_decision:HOLD_LICENSE_OR_DUPLICATE,,detection_priority_images
mixed_vegetables,priority_accept,True,,1810,1842,905,921,2,1,awsaf49/food-recognition-2022-dataset|sainikhileshreddy/food-recognition-2022,awsaf49/food-recognition-2022-dataset,mixed-vegetables,annotation_category_review,source_decision:HOLD_LICENSE_OR_DUPLICATE,,detection_priority_images
cilantro_mint,priority_accept,True,,900,900,900,900,1,1,fontainenathan/foodseg103,fontainenathan/foodseg103,cilantro mint,segmentation_or_mask,,,detection_priority_images
pasta,priority_accept,True,,1500,1516,831,839,3,2,awsaf49/food-recognition-2022-dataset|fontainenathan/foodseg103|sainikhileshreddy/food-recognition-2022,awsaf49/food-recognition-2022-dataset|fontainenathan/foodseg103,pasta|pasta-spaghetti,annotation_category_review,source_decision:HOLD_LICENSE_OR_DUPLICATE,,detection_priority_images
steak,accept,True,,3065,3065,1065,1065,3,1,fontainenathan/foodseg103|kmader/food41|shanemarvinmay/food-image-dataset,fontainenathan/foodseg103,steak,classification_pseudo_box_review,source_decision:HOLD_CLASSIFICATION_ONLY|source_decision:HOLD_DUPLICATE_ADAPTER_REQUIRED,,classification_accept_images
ice_cream,accept,True,,3413,3610,913,913,4,1,fontainenathan/foodseg103|kmader/food41|shanemarvinmay/food-image-dataset|youssefahmed003/junk-food-object-detection-dataset-yolo-format,fontainenathan/foodseg103,Ice_Cream|ice cream|ice_cream,classification_pseudo_box_review,source_decision:HOLD_CLASSIFICATION_ONLY|source_decision:HOLD_DUPLICATE_ADAPTER_REQUIRED|source_decision:HOLD_OVERLAP_ONLY,,classification_accept_images
potatoes_steamed,accept,True,,1304,1370,652,685,2,1,awsaf49/food-recognition-2022-dataset|sainikhileshreddy/food-recognition-2022,awsaf49/food-recognition-2022-dataset,potatoes-steamed,annotation_category_review,source_decision:HOLD_LICENSE_OR_DUPLICATE,,detection_accept_images_or_instances
french_beans,accept,True,,880,884,627,629,3,2,awsaf49/food-recognition-2022-dataset|fontainenathan/foodseg103|sainikhileshreddy/food-recognition-2022,awsaf49/food-recognition-2022-dataset|fontainenathan/foodseg103,French beans|french-beans,annotation_category_review,source_decision:HOLD_LICENSE_OR_DUPLICATE,,detection_accept_images_or_instances
pie,accept,True,,558,558,558,558,1,1,fontainenathan/foodseg103,fontainenathan/foodseg103,pie,segmentation_or_mask,,,detection_accept_images_or_instances
cake,accept,True,,459,459,459,459,1,1,fontainenathan/foodseg103,fontainenathan/foodseg103,cake,segmentation_or_mask,,,detection_accept_images_or_instances
pepper,accept,True,,436,436,436,436,1,1,fontainenathan/foodseg103,fontainenathan/foodseg103,pepper,segmentation_or_mask,,,detection_accept_images_or_instances
pear,accept,True,,656,1630,406,1375,4,3,awsaf49/food-recognition-2022-dataset|fontainenathan/foodseg103|henningheyen/lvis-fruits-and-vegetables-dataset|sainikhileshreddy/food-recognition-2022,awsaf49/food-recognition-2022-dataset|fontainenathan/foodseg103|henningheyen/lvis-fruits-and-vegetables-dataset,pear,annotation_category_review,source_decision:HOLD_LICENSE_OR_DUPLICATE,,detection_accept_images_or_instances
grape,accept,True,,399,6632,399,6632,2,2,fontainenathan/foodseg103|henningheyen/lvis-fruits-and-vegetables-dataset,fontainenathan/foodseg103|henningheyen/lvis-fruits-and-vegetables-dataset,grape,yolo_detection,,,detection_accept_images_or_instances
zucchini,accept,True,,782,804,391,402,2,1,awsaf49/food-recognition-2022-dataset|sainikhileshreddy/food-recognition-2022,awsaf49/food-recognition-2022-dataset,zucchini,annotation_category_review,source_decision:HOLD_LICENSE_OR_DUPLICATE,,detection_accept_images_or_instances
sausage,accept,True,,489,495,369,372,3,2,awsaf49/food-recognition-2022-dataset|fontainenathan/foodseg103|sainikhileshreddy/food-recognition-2022,awsaf49/food-recognition-2022-dataset|fontainenathan/foodseg103,sausage,segmentation_or_mask,source_decision:HOLD_LICENSE_OR_DUPLICATE,,detection_accept_images_or_instances
chips_french_fries,accept,True,,726,734,363,367,2,1,awsaf49/food-recognition-2022-dataset|sainikhileshreddy/food-recognition-2022,awsaf49/food-recognition-2022-dataset,chips-french-fries,annotation_category_review,source_decision:HOLD_LICENSE_OR_DUPLICATE,,detection_accept_images_or_instances
braided_white_loaf,accept,True,,702,708,351,354,2,1,awsaf49/food-recognition-2022-dataset|sainikhileshreddy/food-recognition-2022,awsaf49/food-recognition-2022-dataset,braided-white-loaf,annotation_category_review,source_decision:HOLD_LICENSE_OR_DUPLICATE,,detection_accept_images_or_instances
blueberry,accept,True,,344,3373,344,3373,2,2,fontainenathan/foodseg103|henningheyen/lvis-fruits-and-vegetables-dataset,fontainenathan/foodseg103|henningheyen/lvis-fruits-and-vegetables-dataset,blueberry,segmentation_or_mask,,,detection_accept_images_or_instances
asparagus,accept,True,,335,1241,335,1241,2,2,fontainenathan/foodseg103|henningheyen/lvis-fruits-and-vegetables-dataset,fontainenathan/foodseg103|henningheyen/lvis-fruits-and-vegetables-dataset,asparagus,segmentation_or_mask,,,detection_accept_images_or_instances
cherry,accept,True,,299,1115,299,1115,2,2,fontainenathan/foodseg103|henningheyen/lvis-fruits-and-vegetables-dataset,fontainenathan/foodseg103|henningheyen/lvis-fruits-and-vegetables-dataset,cherry,segmentation_or_mask,,,detection_accept_images_or_instances
peach,accept,True,,349,1344,256,1242,4,3,awsaf49/food-recognition-2022-dataset|fontainenathan/foodseg103|henningheyen/lvis-fruits-and-vegetables-dataset|sainikhileshreddy/food-recognition-2022,awsaf49/food-recognition-2022-dataset|fontainenathan/foodseg103|henningheyen/lvis-fruits-and-vegetables-dataset,peach,annotation_category_review,source_decision:HOLD_LICENSE_OR_DUPLICATE,,detection_accept_images_or_instances
pickle,accept,True,,221,632,221,632,1,1,henningheyen/lvis-fruits-and-vegetables-dataset,henningheyen/lvis-fruits-and-vegetables-dataset,pickle,yolo_detection,,,detection_accept_images_or_instances
raspberry,accept,True,,156,998,156,998,2,2,fontainenathan/foodseg103|henningheyen/lvis-fruits-and-vegetables-dataset,fontainenathan/foodseg103|henningheyen/lvis-fruits-and-vegetables-dataset,raspberry,yolo_detection,,,detection_accept_images_or_instances
almond,accept,True,,155,1799,155,1799,2,2,fontainenathan/foodseg103|henningheyen/lvis-fruits-and-vegetables-dataset,fontainenathan/foodseg103|henningheyen/lvis-fruits-and-vegetables-dataset,almond,segmentation_or_mask,,,detection_accept_images_or_instances
watermelon,accept,True,,151,851,151,851,2,2,fontainenathan/foodseg103|henningheyen/lvis-fruits-and-vegetables-dataset,fontainenathan/foodseg103|henningheyen/lvis-fruits-and-vegetables-dataset,watermelon,yolo_detection,,,detection_accept_images_or_instances
celery,accept,True,,182,983,146,947,3,2,awsaf49/food-recognition-2022-dataset|henningheyen/lvis-fruits-and-vegetables-dataset|sainikhileshreddy/food-recognition-2022,awsaf49/food-recognition-2022-dataset|henningheyen/lvis-fruits-and-vegetables-dataset,celery,yolo_detection,source_decision:HOLD_LICENSE_OR_DUPLICATE,,detection_accept_images_or_instances
edible_corn_corn_maize,accept,True,,136,1916,136,1916,1,1,henningheyen/lvis-fruits-and-vegetables-dataset,henningheyen/lvis-fruits-and-vegetables-dataset,edible corn/corn/maize,yolo_detection,,,detection_accept_images_or_instances
green_bean,accept,True,,126,2609,126,2609,1,1,henningheyen/lvis-fruits-and-vegetables-dataset,henningheyen/lvis-fruits-and-vegetables-dataset,green bean,yolo_detection,,,detection_accept_images_or_instances
green_onion_spring_onion_scallion,accept,True,,102,1619,102,1619,1,1,henningheyen/lvis-fruits-and-vegetables-dataset,henningheyen/lvis-fruits-and-vegetables-dataset,green onion/spring onion/scallion,yolo_detection,,,detection_accept_images_or_instances
kiwi_fruit,accept,True,,91,722,91,722,1,1,henningheyen/lvis-fruits-and-vegetables-dataset,henningheyen/lvis-fruits-and-vegetables-dataset,kiwi fruit,yolo_detection,,,detection_accept_images_or_instances
zucchini_courgette,accept,True,,89,830,89,830,1,1,henningheyen/lvis-fruits-and-vegetables-dataset,henningheyen/lvis-fruits-and-vegetables-dataset,zucchini/courgette,yolo_detection,,,detection_accept_images_or_instances
pea_pea_food,accept,True,,77,1870,77,1870,1,1,henningheyen/lvis-fruits-and-vegetables-dataset,henningheyen/lvis-fruits-and-vegetables-dataset,pea/pea food,yolo_detection,,,detection_accept_images_or_instances
radish_daikon,accept,True,,54,549,54,549,1,1,henningheyen/lvis-fruits-and-vegetables-dataset,henningheyen/lvis-fruits-and-vegetables-dataset,radish/daikon,yolo_detection,,,detection_accept_images_or_instances
brussels_sprouts,accept,True,,37,590,37,590,1,1,henningheyen/lvis-fruits-and-vegetables-dataset,henningheyen/lvis-fruits-and-vegetables-dataset,brussels sprouts,yolo_detection,,,detection_accept_images_or_instances
tomato,existing,False,tomato,6223,17540,4298,15572,4,3,awsaf49/food-recognition-2022-dataset|fontainenathan/foodseg103|henningheyen/lvis-fruits-and-vegetables-dataset|sainikhileshreddy/food-recognition-2022,awsaf49/food-recognition-2022-dataset|fontainenathan/foodseg103|henningheyen/lvis-fruits-and-vegetables-dataset,Tomato|tomato|tomato-raw,annotation_category_review,source_decision:HOLD_LICENSE_OR_DUPLICATE,,base_taxonomy_class
carrot,existing,False,carrot,5535,22474,4026,20943,4,3,awsaf49/food-recognition-2022-dataset|fontainenathan/foodseg103|henningheyen/lvis-fruits-and-vegetables-dataset|sainikhileshreddy/food-recognition-2022,awsaf49/food-recognition-2022-dataset|fontainenathan/foodseg103|henningheyen/lvis-fruits-and-vegetables-dataset,carrot|carrot-raw,annotation_category_review,source_decision:HOLD_LICENSE_OR_DUPLICATE,,base_taxonomy_class
broccoli,existing,False,broccoli,3192,14091,2761,13650,4,3,awsaf49/food-recognition-2022-dataset|fontainenathan/foodseg103|henningheyen/lvis-fruits-and-vegetables-dataset|sainikhileshreddy/food-recognition-2022,awsaf49/food-recognition-2022-dataset|fontainenathan/foodseg103|henningheyen/lvis-fruits-and-vegetables-dataset,broccoli,yolo_detection,source_decision:HOLD_LICENSE_OR_DUPLICATE,,base_taxonomy_class
banana,existing,False,banana,3297,52269,2636,51526,4,3,awsaf49/food-recognition-2022-dataset|fontainenathan/foodseg103|henningheyen/lvis-fruits-and-vegetables-dataset|sainikhileshreddy/food-recognition-2022,awsaf49/food-recognition-2022-dataset|fontainenathan/foodseg103|henningheyen/lvis-fruits-and-vegetables-dataset,banana,yolo_detection,source_decision:HOLD_LICENSE_OR_DUPLICATE,,base_taxonomy_class
rice,existing,False,rice,2766,2782,1718,1726,3,2,awsaf49/food-recognition-2022-dataset|fontainenathan/foodseg103|sainikhileshreddy/food-recognition-2022,awsaf49/food-recognition-2022-dataset|fontainenathan/foodseg103,rice,annotation_category_review,source_decision:HOLD_LICENSE_OR_DUPLICATE,,base_taxonomy_class
cucumber,existing,False,cucumber,2317,3705,1549,2922,4,3,awsaf49/food-recognition-2022-dataset|fontainenathan/foodseg103|henningheyen/lvis-fruits-and-vegetables-dataset|sainikhileshreddy/food-recognition-2022,awsaf49/food-recognition-2022-dataset|fontainenathan/foodseg103|henningheyen/lvis-fruits-and-vegetables-dataset,cucumber|cucumber/cuke,annotation_category_review,source_decision:HOLD_LICENSE_OR_DUPLICATE,,base_taxonomy_class
onion,existing,False,onion,1780,10965,1482,10656,4,3,awsaf49/food-recognition-2022-dataset|fontainenathan/foodseg103|henningheyen/lvis-fruits-and-vegetables-dataset|sainikhileshreddy/food-recognition-2022,awsaf49/food-recognition-2022-dataset|fontainenathan/foodseg103|henningheyen/lvis-fruits-and-vegetables-dataset,onion,yolo_detection,source_decision:HOLD_LICENSE_OR_DUPLICATE,,base_taxonomy_class
potato,existing,False,potato,1398,5484,1398,5484,2,2,fontainenathan/foodseg103|henningheyen/lvis-fruits-and-vegetables-dataset,fontainenathan/foodseg103|henningheyen/lvis-fruits-and-vegetables-dataset,potato,segmentation_or_mask,,,base_taxonomy_class
egg,existing,False,egg,2362,2472,1327,1382,3,2,awsaf49/food-recognition-2022-dataset|fontainenathan/foodseg103|sainikhileshreddy/food-recognition-2022,awsaf49/food-recognition-2022-dataset|fontainenathan/foodseg103,egg,annotation_category_review,source_decision:HOLD_LICENSE_OR_DUPLICATE,,base_taxonomy_class
orange,existing,False,orange,1544,13818,1314,13566,4,3,awsaf49/food-recognition-2022-dataset|fontainenathan/foodseg103|henningheyen/lvis-fruits-and-vegetables-dataset|sainikhileshreddy/food-recognition-2022,awsaf49/food-recognition-2022-dataset|fontainenathan/foodseg103|henningheyen/lvis-fruits-and-vegetables-dataset,orange|orange/orange fruit,yolo_detection,source_decision:HOLD_LICENSE_OR_DUPLICATE,,base_taxonomy_class
bell_pepper,existing,False,bell_pepper,1481,5661,913,5070,3,2,awsaf49/food-recognition-2022-dataset|henningheyen/lvis-fruits-and-vegetables-dataset|sainikhileshreddy/food-recognition-2022,awsaf49/food-recognition-2022-dataset|henningheyen/lvis-fruits-and-vegetables-dataset,bell pepper/capsicum|bell-pepper-red-raw,annotation_category_review,source_decision:HOLD_LICENSE_OR_DUPLICATE,,base_taxonomy_class
pork,existing,False,pork,877,877,773,773,3,2,awsaf49/food-recognition-2022-dataset|fontainenathan/foodseg103|sainikhileshreddy/food-recognition-2022,awsaf49/food-recognition-2022-dataset|fontainenathan/foodseg103,pork,segmentation_or_mask,source_decision:HOLD_LICENSE_OR_DUPLICATE,,base_taxonomy_class
avocado,existing,False,avocado,1187,2145,698,1645,4,3,awsaf49/food-recognition-2022-dataset|fontainenathan/foodseg103|henningheyen/lvis-fruits-and-vegetables-dataset|sainikhileshreddy/food-recognition-2022,awsaf49/food-recognition-2022-dataset|fontainenathan/foodseg103|henningheyen/lvis-fruits-and-vegetables-dataset,avocado,annotation_category_review,source_decision:HOLD_LICENSE_OR_DUPLICATE,,base_taxonomy_class
corn,existing,False,corn,854,856,671,672,3,2,awsaf49/food-recognition-2022-dataset|fontainenathan/foodseg103|sainikhileshreddy/food-recognition-2022,awsaf49/food-recognition-2022-dataset|fontainenathan/foodseg103,corn,segmentation_or_mask,source_decision:HOLD_LICENSE_OR_DUPLICATE,,base_taxonomy_class
mushroom,existing,False,mushroom,746,6609,577,6435,3,2,awsaf49/food-recognition-2022-dataset|henningheyen/lvis-fruits-and-vegetables-dataset|sainikhileshreddy/food-recognition-2022,awsaf49/food-recognition-2022-dataset|henningheyen/lvis-fruits-and-vegetables-dataset,mushroom,yolo_detection,source_decision:HOLD_LICENSE_OR_DUPLICATE,,base_taxonomy_class
cauliflower,existing,False,cauliflower,746,1672,557,1475,4,3,awsaf49/food-recognition-2022-dataset|fontainenathan/foodseg103|henningheyen/lvis-fruits-and-vegetables-dataset|sainikhileshreddy/food-recognition-2022,awsaf49/food-recognition-2022-dataset|fontainenathan/foodseg103|henningheyen/lvis-fruits-and-vegetables-dataset,cauliflower,annotation_category_review,source_decision:HOLD_LICENSE_OR_DUPLICATE,,base_taxonomy_class
fish,existing,False,fish,665,669,509,511,3,2,awsaf49/food-recognition-2022-dataset|fontainenathan/foodseg103|sainikhileshreddy/food-recognition-2022,awsaf49/food-recognition-2022-dataset|fontainenathan/foodseg103,fish,segmentation_or_mask,source_decision:HOLD_LICENSE_OR_DUPLICATE,,base_taxonomy_class
pineapple,existing,False,pineapple,496,1948,407,1858,4,3,awsaf49/food-recognition-2022-dataset|fontainenathan/foodseg103|henningheyen/lvis-fruits-and-vegetables-dataset|sainikhileshreddy/food-recognition-2022,awsaf49/food-recognition-2022-dataset|fontainenathan/foodseg103|henningheyen/lvis-fruits-and-vegetables-dataset,pineapple,yolo_detection,source_decision:HOLD_LICENSE_OR_DUPLICATE,,base_taxonomy_class
chicken,existing,False,chicken,770,776,385,388,2,1,awsaf49/food-recognition-2022-dataset|sainikhileshreddy/food-recognition-2022,awsaf49/food-recognition-2022-dataset,chicken,annotation_category_review,source_decision:HOLD_LICENSE_OR_DUPLICATE,,base_taxonomy_class
com_tam,existing,False,com_tam,12925,14901,330,330,9,2,karos2504/100-vietnamese-food|keno31/vietnaemese-food-dataset|kyoru4444/foodlensvn|lenguyentrung/vietnamese-food|meowluvmatcha/vnfood-30-100|phvngtngtm/foodlensvn|quandang/vietnamese-foods|thomasnguyen6868/vietfood68|trungquncao/vietnamese-food,karos2504/100-vietnamese-food|trungquncao/vietnamese-food,Com tam|com tam|com-tam|com_tam,yolo_detection,private_or_noncommercial_license:cc-by-nc-sa-4.0|source_decision:HOLD_DUPLICATE_CHECK|source_decision:HOLD_LICENSE|source_decision:HOLD_PROVENANCE_SAMPLE_ONLY,VIETNAMESE_DISH_EXPANSION,base_taxonomy_class
tofu,existing,False,tofu,548,562,308,315,3,2,awsaf49/food-recognition-2022-dataset|fontainenathan/foodseg103|sainikhileshreddy/food-recognition-2022,awsaf49/food-recognition-2022-dataset|fontainenathan/foodseg103,tofu,annotation_category_review,source_decision:HOLD_LICENSE_OR_DUPLICATE,,base_taxonomy_class
banh_da_lon,existing,False,banh_da_lon,856,856,278,278,3,1,karos2504/100-vietnamese-food|meowluvmatcha/vnfood-30-100|nguyentrongdai/vietnamese-foods-dataset,karos2504/100-vietnamese-food,banh-da-lon|banh_da_lon,classification_pseudo_box_review,private_or_noncommercial_license:cc-by-nc-sa-4.0|source_decision:HOLD_LICENSE,VIETNAMESE_DISH_EXPANSION,base_taxonomy_class
salmon,existing,False,salmon,550,554,275,277,2,1,awsaf49/food-recognition-2022-dataset|sainikhileshreddy/food-recognition-2022,awsaf49/food-recognition-2022-dataset,salmon,annotation_category_review,source_decision:HOLD_LICENSE_OR_DUPLICATE,,base_taxonomy_class
noodles,existing,False,noodles,852,882,262,262,2,1,fontainenathan/foodseg103|youssefahmed003/junk-food-object-detection-dataset-yolo-format,fontainenathan/foodseg103,noodles,yolo_detection,source_decision:HOLD_OVERLAP_ONLY,,base_taxonomy_class
banh_bo,existing,False,banh_bo,824,824,262,262,3,1,karos2504/100-vietnamese-food|meowluvmatcha/vnfood-30-100|nguyentrongdai/vietnamese-foods-dataset,karos2504/100-vietnamese-food,banh-bo|banh_bo,classification_pseudo_box_review,private_or_noncommercial_license:cc-by-nc-sa-4.0|source_decision:HOLD_LICENSE,VIETNAMESE_DISH_EXPANSION,base_taxonomy_class
pumpkin,existing,False,pumpkin,351,1470,260,1377,4,3,awsaf49/food-recognition-2022-dataset|fontainenathan/foodseg103|henningheyen/lvis-fruits-and-vegetables-dataset|sainikhileshreddy/food-recognition-2022,awsaf49/food-recognition-2022-dataset|fontainenathan/foodseg103|henningheyen/lvis-fruits-and-vegetables-dataset,pumpkin,annotation_category_review,source_decision:HOLD_LICENSE_OR_DUPLICATE,,base_taxonomy_class
bun_rieu,existing,False,bun_rieu,17261,20942,259,259,5,1,karos2504/100-vietnamese-food|keno31/vietnaemese-food-dataset|meowluvmatcha/vnfood-30-100|quandang/vietnamese-foods|thomasnguyen6868/vietfood68,karos2504/100-vietnamese-food,Bun rieu|bun-rieu|bun_rieu,yolo_detection,private_or_noncommercial_license:cc-by-nc-sa-4.0|source_decision:HOLD_DUPLICATE_CHECK|source_decision:HOLD_LICENSE,VIETNAMESE_DISH_EXPANSION,base_taxonomy_class
sweet_potato,existing,False,sweet_potato,473,604,248,376,3,2,awsaf49/food-recognition-2022-dataset|henningheyen/lvis-fruits-and-vegetables-dataset|sainikhileshreddy/food-recognition-2022,awsaf49/food-recognition-2022-dataset|henningheyen/lvis-fruits-and-vegetables-dataset,sweet potato|sweet-potato,annotation_category_review,source_decision:HOLD_LICENSE_OR_DUPLICATE,,base_taxonomy_class
eggplant,existing,False,eggplant,468,474,247,250,3,2,awsaf49/food-recognition-2022-dataset|fontainenathan/foodseg103|sainikhileshreddy/food-recognition-2022,awsaf49/food-recognition-2022-dataset|fontainenathan/foodseg103,eggplant,annotation_category_review,source_decision:HOLD_LICENSE_OR_DUPLICATE,,base_taxonomy_class
banh_mi,existing,False,banh_mi,14949,20272,245,245,9,1,karos2504/100-vietnamese-food|keno31/vietnaemese-food-dataset|kyoru4444/foodlensvn|lenguyentrung/vietnamese-food|meowluvmatcha/vnfood-30-100|nguyentrongdai/vietnamese-foods-dataset|phvngtngtm/foodlensvn|quandang/vietnamese-foods|thomasnguyen6868/vietfood68,karos2504/100-vietnamese-food,Banh mi|banh-mi|banh_mi,yolo_detection,private_or_noncommercial_license:cc-by-nc-sa-4.0|source_decision:HOLD_DUPLICATE_CHECK|source_decision:HOLD_LICENSE|source_decision:HOLD_PROVENANCE_SAMPLE_ONLY,VIETNAMESE_DISH_EXPANSION,base_taxonomy_class
pho,existing,False,pho,13725,16520,241,241,10,1,karos2504/100-vietnamese-food|keno31/vietnaemese-food-dataset|kmader/food41|kyoru4444/foodlensvn|lenguyentrung/vietnamese-food|meowluvmatcha/vnfood-30-100|phvngtngtm/foodlensvn|quandang/vietnamese-foods|shanemarvinmay/food-image-dataset|thomasnguyen6868/vietfood68,karos2504/100-vietnamese-food,Pho|pho,yolo_detection,private_or_noncommercial_license:cc-by-nc-sa-4.0|source_decision:HOLD_CLASSIFICATION_ONLY|source_decision:HOLD_DUPLICATE_ADAPTER_REQUIRED|source_decision:HOLD_DUPLICATE_CHECK|source_decision:HOLD_LICENSE|source_decision:HOLD_PROVENANCE_SAMPLE_ONLY,VIETNAMESE_DISH_EXPANSION,base_taxonomy_class
bun_bo_hue,existing,False,bun_bo_hue,16740,21422,237,237,7,1,karos2504/100-vietnamese-food|keno31/vietnaemese-food-dataset|kyoru4444/foodlensvn|meowluvmatcha/vnfood-30-100|phvngtngtm/foodlensvn|quandang/vietnamese-foods|thomasnguyen6868/vietfood68,karos2504/100-vietnamese-food,Bun bo Hue|bun-bo-hue|bun_bo_hue,yolo_detection,private_or_noncommercial_license:cc-by-nc-sa-4.0|source_decision:HOLD_DUPLICATE_CHECK|source_decision:HOLD_LICENSE|source_decision:HOLD_PROVENANCE_SAMPLE_ONLY,VIETNAMESE_DISH_EXPANSION,base_taxonomy_class
thit_kho_tau,existing,False,thit_kho,466,466,233,233,2,1,karos2504/100-vietnamese-food|meowluvmatcha/vnfood-30-100,karos2504/100-vietnamese-food,thit-kho-tau|thit_kho_tau,classification_pseudo_box_review,private_or_noncommercial_license:cc-by-nc-sa-4.0,VIETNAMESE_DISH_EXPANSION,base_taxonomy_class
banh_xeo,existing,False,banh_xeo,14522,18760,232,232,9,1,karos2504/100-vietnamese-food|keno31/vietnaemese-food-dataset|kyoru4444/foodlensvn|lenguyentrung/vietnamese-food|meowluvmatcha/vnfood-30-100|nguyentrongdai/vietnamese-foods-dataset|phvngtngtm/foodlensvn|quandang/vietnamese-foods|thomasnguyen6868/vietfood68,karos2504/100-vietnamese-food,Banh xeo|banh-xeo|banh_xeo,yolo_detection,private_or_noncommercial_license:cc-by-nc-sa-4.0|source_decision:HOLD_DUPLICATE_CHECK|source_decision:HOLD_LICENSE|source_decision:HOLD_PROVENANCE_SAMPLE_ONLY,VIETNAMESE_DISH_EXPANSION,base_taxonomy_class
banh_tet,existing,False,banh_tet,2518,2518,230,230,4,1,karos2504/100-vietnamese-food|keno31/vietnaemese-food-dataset|meowluvmatcha/vnfood-30-100|quandang/vietnamese-foods,karos2504/100-vietnamese-food,Banh tet|banh tet|banh-tet,classification_pseudo_box_review,private_or_noncommercial_license:cc-by-nc-sa-4.0|source_decision:HOLD_DUPLICATE_CHECK|source_decision:HOLD_LICENSE,VIETNAMESE_DISH_EXPANSION,base_taxonomy_class
sup_cua,existing,False,sup_cua,11042,16300,227,227,3,1,karos2504/100-vietnamese-food|meowluvmatcha/vnfood-30-100|thomasnguyen6868/vietfood68,karos2504/100-vietnamese-food,Sup cua|sup-cua|sup_cua,yolo_detection,private_or_noncommercial_license:cc-by-nc-sa-4.0,VIETNAMESE_DISH_EXPANSION,base_taxonomy_class
mi_quang,existing,False,mi_quang,14060,17596,226,226,7,1,karos2504/100-vietnamese-food|keno31/vietnaemese-food-dataset|kyoru4444/foodlensvn|meowluvmatcha/vnfood-30-100|phvngtngtm/foodlensvn|quandang/vietnamese-foods|thomasnguyen6868/vietfood68,karos2504/100-vietnamese-food,Mi Quang|Mi quang|mi-quang|mi_quang,yolo_detection,private_or_noncommercial_license:cc-by-nc-sa-4.0|source_decision:HOLD_DUPLICATE_CHECK|source_decision:HOLD_LICENSE|source_decision:HOLD_PROVENANCE_SAMPLE_ONLY,VIETNAMESE_DISH_EXPANSION,base_taxonomy_class
banh_cuon,existing,False,banh_cuon,13062,15668,226,226,7,1,karos2504/100-vietnamese-food|keno31/vietnaemese-food-dataset|kyoru4444/foodlensvn|meowluvmatcha/vnfood-30-100|phvngtngtm/foodlensvn|quandang/vietnamese-foods|thomasnguyen6868/vietfood68,karos2504/100-vietnamese-food,Banh cuon|banh-cuon|banh_cuon,yolo_detection,private_or_noncommercial_license:cc-by-nc-sa-4.0|source_decision:HOLD_DUPLICATE_CHECK|source_decision:HOLD_LICENSE|source_decision:HOLD_PROVENANCE_SAMPLE_ONLY,VIETNAMESE_DISH_EXPANSION,base_taxonomy_class
cao_lau,existing,False,cao_lau,12990,17177,221,221,7,1,karos2504/100-vietnamese-food|keno31/vietnaemese-food-dataset|kyoru4444/foodlensvn|meowluvmatcha/vnfood-30-100|phvngtngtm/foodlensvn|quandang/vietnamese-foods|thomasnguyen6868/vietfood68,karos2504/100-vietnamese-food,Cao lau|cao-lau|cao_lau,yolo_detection,private_or_noncommercial_license:cc-by-nc-sa-4.0|source_decision:HOLD_DUPLICATE_CHECK|source_decision:HOLD_LICENSE|source_decision:HOLD_PROVENANCE_SAMPLE_ONLY,VIETNAMESE_DISH_EXPANSION,base_taxonomy_class
banh_cong,existing,False,banh_cong,674,674,221,221,3,1,karos2504/100-vietnamese-food|meowluvmatcha/vnfood-30-100|nguyentrongdai/vietnamese-foods-dataset,karos2504/100-vietnamese-food,banh-cong|banh_cong,classification_pseudo_box_review,private_or_noncommercial_license:cc-by-nc-sa-4.0|source_decision:HOLD_LICENSE,VIETNAMESE_DISH_EXPANSION,base_taxonomy_class
goi_cuon,existing,False,goi_cuon,10955,16171,215,215,7,1,karos2504/100-vietnamese-food|keno31/vietnaemese-food-dataset|kyoru4444/foodlensvn|meowluvmatcha/vnfood-30-100|phvngtngtm/foodlensvn|quandang/vietnamese-foods|thomasnguyen6868/vietfood68,karos2504/100-vietnamese-food,Goi cuon|goi-cuon|goi_cuon,yolo_detection,private_or_noncommercial_license:cc-by-nc-sa-4.0|source_decision:HOLD_DUPLICATE_CHECK|source_decision:HOLD_LICENSE|source_decision:HOLD_PROVENANCE_SAMPLE_ONLY,VIETNAMESE_DISH_EXPANSION,base_taxonomy_class
banh_beo,existing,False,banh_beo,10572,35672,214,214,6,1,karos2504/100-vietnamese-food|keno31/vietnaemese-food-dataset|lenguyentrung/vietnamese-food|meowluvmatcha/vnfood-30-100|quandang/vietnamese-foods|thomasnguyen6868/vietfood68,karos2504/100-vietnamese-food,Banh beo|banh-beo|banh_beo,yolo_detection,private_or_noncommercial_license:cc-by-nc-sa-4.0|source_decision:HOLD_DUPLICATE_CHECK|source_decision:HOLD_LICENSE,VIETNAMESE_DISH_EXPANSION,base_taxonomy_class
banh_canh,existing,False,banh_canh,13910,15956,210,210,7,1,karos2504/100-vietnamese-food|keno31/vietnaemese-food-dataset|kyoru4444/foodlensvn|meowluvmatcha/vnfood-30-100|phvngtngtm/foodlensvn|quandang/vietnamese-foods|thomasnguyen6868/vietfood68,karos2504/100-vietnamese-food,Banh canh|banh-canh|banh_canh,yolo_detection,private_or_noncommercial_license:cc-by-nc-sa-4.0|source_decision:HOLD_DUPLICATE_CHECK|source_decision:HOLD_LICENSE|source_decision:HOLD_PROVENANCE_SAMPLE_ONLY,VIETNAMESE_DISH_EXPANSION,base_taxonomy_class
chao_long,existing,False,chao_long,14925,17153,207,207,7,1,karos2504/100-vietnamese-food|keno31/vietnaemese-food-dataset|kyoru4444/foodlensvn|meowluvmatcha/vnfood-30-100|phvngtngtm/foodlensvn|quandang/vietnamese-foods|thomasnguyen6868/vietfood68,karos2504/100-vietnamese-food,Chao long|chao-long|chao_long,yolo_detection,private_or_noncommercial_license:cc-by-nc-sa-4.0|source_decision:HOLD_DUPLICATE_CHECK|source_decision:HOLD_LICENSE|source_decision:HOLD_PROVENANCE_SAMPLE_ONLY,VIETNAMESE_DISH_EXPANSION,base_taxonomy_class
banh_bot_loc,existing,False,banh_bot_loc,2874,2874,207,207,5,1,karos2504/100-vietnamese-food|keno31/vietnaemese-food-dataset|meowluvmatcha/vnfood-30-100|nguyentrongdai/vietnamese-foods-dataset|quandang/vietnamese-foods,karos2504/100-vietnamese-food,Banh bot loc|banh-bot-loc|banh_bot_loc,classification_pseudo_box_review,private_or_noncommercial_license:cc-by-nc-sa-4.0|source_decision:HOLD_DUPLICATE_CHECK|source_decision:HOLD_LICENSE,VIETNAMESE_DISH_EXPANSION,base_taxonomy_class
hu_tieu,existing,False,hu_tieu,11765,13385,204,204,7,1,karos2504/100-vietnamese-food|keno31/vietnaemese-food-dataset|kyoru4444/foodlensvn|meowluvmatcha/vnfood-30-100|phvngtngtm/foodlensvn|quandang/vietnamese-foods|thomasnguyen6868/vietfood68,karos2504/100-vietnamese-food,Hu tieu|hu-tieu|hu_tieu,yolo_detection,private_or_noncommercial_license:cc-by-nc-sa-4.0|source_decision:HOLD_DUPLICATE_CHECK|source_decision:HOLD_LICENSE|source_decision:HOLD_PROVENANCE_SAMPLE_ONLY,VIETNAMESE_DISH_EXPANSION,base_taxonomy_class
banh_khot,existing,False,banh_khot,9796,16013,203,203,8,1,karos2504/100-vietnamese-food|keno31/vietnaemese-food-dataset|kyoru4444/foodlensvn|meowluvmatcha/vnfood-30-100|nguyentrongdai/vietnamese-foods-dataset|phvngtngtm/foodlensvn|quandang/vietnamese-foods|thomasnguyen6868/vietfood68,karos2504/100-vietnamese-food,Banh khot|banh-khot|banh_khot,yolo_detection,private_or_noncommercial_license:cc-by-nc-sa-4.0|source_decision:HOLD_DUPLICATE_CHECK|source_decision:HOLD_LICENSE|source_decision:HOLD_PROVENANCE_SAMPLE_ONLY,VIETNAMESE_DISH_EXPANSION,base_taxonomy_class
banh_chung,existing,False,banh_chung,7220,8604,200,200,6,1,karos2504/100-vietnamese-food|keno31/vietnaemese-food-dataset|lenguyentrung/vietnamese-food|meowluvmatcha/vnfood-30-100|quandang/vietnamese-foods|thomasnguyen6868/vietfood68,karos2504/100-vietnamese-food,Banh chung|banh-chung|banh_chung,yolo_detection,private_or_noncommercial_license:cc-by-nc-sa-4.0|source_decision:HOLD_DUPLICATE_CHECK|source_decision:HOLD_LICENSE,VIETNAMESE_DISH_EXPANSION,base_taxonomy_class
bun_mam,existing,False,bun_mam,11697,14031,199,199,7,1,karos2504/100-vietnamese-food|keno31/vietnaemese-food-dataset|kyoru4444/foodlensvn|meowluvmatcha/vnfood-30-100|phvngtngtm/foodlensvn|quandang/vietnamese-foods|thomasnguyen6868/vietfood68,karos2504/100-vietnamese-food,Bun mam|bun-mam|bun_mam,yolo_detection,private_or_noncommercial_license:cc-by-nc-sa-4.0|source_decision:HOLD_DUPLICATE_CHECK|source_decision:HOLD_LICENSE|source_decision:HOLD_PROVENANCE_SAMPLE_ONLY,VIETNAMESE_DISH_EXPANSION,base_taxonomy_class
banh_can,existing,False,banh_can,2630,2630,199,199,4,1,karos2504/100-vietnamese-food|keno31/vietnaemese-food-dataset|meowluvmatcha/vnfood-30-100|quandang/vietnamese-foods,karos2504/100-vietnamese-food,Banh can|banh-can|banh_can,classification_pseudo_box_review,private_or_noncommercial_license:cc-by-nc-sa-4.0|source_decision:HOLD_DUPLICATE_CHECK|source_decision:HOLD_LICENSE,VIETNAMESE_DISH_EXPANSION,base_taxonomy_class
canh_chua,existing,False,canh_chua,3446,3446,197,197,5,1,karos2504/100-vietnamese-food|keno31/vietnaemese-food-dataset|lenguyentrung/vietnamese-food|meowluvmatcha/vnfood-30-100|quandang/vietnamese-foods,karos2504/100-vietnamese-food,Canh chua|canh-chua|canh_chua,classification_pseudo_box_review,private_or_noncommercial_license:cc-by-nc-sa-4.0|source_decision:HOLD_DUPLICATE_CHECK|source_decision:HOLD_LICENSE,VIETNAMESE_DISH_EXPANSION,base_taxonomy_class
spring_onion,existing,False,green_onion,190,190,190,190,1,1,fontainenathan/foodseg103,fontainenathan/foodseg103,spring onion,segmentation_or_mask,,,base_taxonomy_class
bun_cha,existing,False,bun_cha,7405,9145,188,188,5,1,karos2504/100-vietnamese-food|kyoru4444/foodlensvn|meowluvmatcha/vnfood-30-100|phvngtngtm/foodlensvn|thomasnguyen6868/vietfood68,karos2504/100-vietnamese-food,Bun cha|bun-cha|bun_cha,yolo_detection,private_or_noncommercial_license:cc-by-nc-sa-4.0|source_decision:HOLD_PROVENANCE_SAMPLE_ONLY,VIETNAMESE_DISH_EXPANSION,base_taxonomy_class
bo_kho,existing,False,bo_kho,9324,9862,184,184,3,1,karos2504/100-vietnamese-food|meowluvmatcha/vnfood-30-100|thomasnguyen6868/vietfood68,karos2504/100-vietnamese-food,Bo kho|bo-kho|bo_kho,yolo_detection,private_or_noncommercial_license:cc-by-nc-sa-4.0,VIETNAMESE_DISH_EXPANSION,base_taxonomy_class
bun_cha_ca,existing,False,bun_cha_ca,12629,14822,180,180,3,1,karos2504/100-vietnamese-food|meowluvmatcha/vnfood-30-100|thomasnguyen6868/vietfood68,karos2504/100-vietnamese-food,Bun cha ca|bun-cha-ca|bun_cha_ca,yolo_detection,private_or_noncommercial_license:cc-by-nc-sa-4.0,VIETNAMESE_DISH_EXPANSION,base_taxonomy_class
banh_duc,existing,False,banh_duc,2324,2324,169,169,4,1,karos2504/100-vietnamese-food|keno31/vietnaemese-food-dataset|meowluvmatcha/vnfood-30-100|quandang/vietnamese-foods,karos2504/100-vietnamese-food,Banh duc|banh-duc|banh_duc,classification_pseudo_box_review,private_or_noncommercial_license:cc-by-nc-sa-4.0|source_decision:HOLD_DUPLICATE_CHECK|source_decision:HOLD_LICENSE,VIETNAMESE_DISH_EXPANSION,base_taxonomy_class
shrimp,existing,False,shrimp,144,144,144,144,1,1,fontainenathan/foodseg103,fontainenathan/foodseg103,shrimp,segmentation_or_mask,,,base_taxonomy_class
garlic,existing,False,garlic,183,183,138,138,3,2,awsaf49/food-recognition-2022-dataset|fontainenathan/foodseg103|sainikhileshreddy/food-recognition-2022,awsaf49/food-recognition-2022-dataset|fontainenathan/foodseg103,garlic,segmentation_or_mask,source_decision:HOLD_LICENSE_OR_DUPLICATE,,base_taxonomy_class
cabbage,existing,False,cabbage,127,127,127,127,1,1,fontainenathan/foodseg103,fontainenathan/foodseg103,cabbage,segmentation_or_mask,,,base_taxonomy_class
leek,existing,False,leek,252,260,126,130,2,1,awsaf49/food-recognition-2022-dataset|sainikhileshreddy/food-recognition-2022,awsaf49/food-recognition-2022-dataset,leek,annotation_category_review,source_decision:HOLD_LICENSE_OR_DUPLICATE,,base_taxonomy_class
beef,existing,False,beef,248,258,124,129,2,1,awsaf49/food-recognition-2022-dataset|sainikhileshreddy/food-recognition-2022,awsaf49/food-recognition-2022-dataset,beef,annotation_category_review,source_decision:HOLD_LICENSE_OR_DUPLICATE,,base_taxonomy_class
lime,existing,False,lime,115,1134,115,1134,1,1,henningheyen/lvis-fruits-and-vegetables-dataset,henningheyen/lvis-fruits-and-vegetables-dataset,lime,yolo_detection,,,base_taxonomy_class
peas,existing,False,peas,218,218,109,109,2,1,awsaf49/food-recognition-2022-dataset|sainikhileshreddy/food-recognition-2022,awsaf49/food-recognition-2022-dataset,peas,annotation_category_review,source_decision:HOLD_LICENSE_OR_DUPLICATE,,base_taxonomy_class
soup,existing,False,canh,89,89,89,89,1,1,fontainenathan/foodseg103,fontainenathan/foodseg103,soup,segmentation_or_mask,,,base_taxonomy_class
ginger,existing,False,ginger,31,31,31,31,1,1,fontainenathan/foodseg103,fontainenathan/foodseg103,ginger,segmentation_or_mask,,,base_taxonomy_class
crab,existing,False,crab,20,20,20,20,1,1,fontainenathan/foodseg103,fontainenathan/foodseg103,crab,segmentation_or_mask,,,base_taxonomy_class
ca,existing,False,fish,19967,24834,0,0,1,0,thomasnguyen6868/vietfood68,,Ca,yolo_detection,private_or_noncommercial_license:cc-by-nc-sa-4.0,,base_taxonomy_class
com_chien_ga,existing,False,fried_rice,13817,15785,0,0,1,0,thomasnguyen6868/vietfood68,,Com chien ga,yolo_detection,private_or_noncommercial_license:cc-by-nc-sa-4.0,,base_taxonomy_class
cha,existing,False,cha,13754,17939,0,0,1,0,thomasnguyen6868/vietfood68,,Cha,yolo_detection,private_or_noncommercial_license:cc-by-nc-sa-4.0,,base_taxonomy_class
nom_hoa_chuoi,existing,False,nom_hoa_chuoi,12880,15301,0,0,1,0,thomasnguyen6868/vietfood68,,Nom hoa chuoi,yolo_detection,private_or_noncommercial_license:cc-by-nc-sa-4.0,,base_taxonomy_class
xoi,existing,False,xoi,12851,16538,0,0,1,0,thomasnguyen6868/vietfood68,,Xoi,yolo_detection,private_or_noncommercial_license:cc-by-nc-sa-4.0,,base_taxonomy_class
thit_ga,existing,False,chicken,12718,14887,0,0,1,0,thomasnguyen6868/vietfood68,,Thit ga,yolo_detection,private_or_noncommercial_license:cc-by-nc-sa-4.0,,base_taxonomy_class
bun_dau,existing,False,bun_dau,12263,15699,0,0,1,0,thomasnguyen6868/vietfood68,,Bun dau,yolo_detection,private_or_noncommercial_license:cc-by-nc-sa-4.0,,base_taxonomy_class
com_chien_duong_chau,existing,False,fried_rice,12119,15175,0,0,1,0,thomasnguyen6868/vietfood68,,Com chien duong chau,yolo_detection,private_or_noncommercial_license:cc-by-nc-sa-4.0,,base_taxonomy_class
trung,existing,False,egg,12094,20447,0,0,1,0,thomasnguyen6868/vietfood68,,Trung,yolo_detection,private_or_noncommercial_license:cc-by-nc-sa-4.0,,base_taxonomy_class
bun,existing,False,bun,11927,13235,0,0,1,0,thomasnguyen6868/vietfood68,,Bun,yolo_detection,private_or_noncommercial_license:cc-by-nc-sa-4.0,,base_taxonomy_class
dua_leo,existing,False,cucumber,11309,16416,0,0,1,0,thomasnguyen6868/vietfood68,,Dua leo,yolo_detection,private_or_noncommercial_license:cc-by-nc-sa-4.0,,base_taxonomy_class
nui_xao_bo,existing,False,nui_xao_bo,11168,12102,0,0,1,0,thomasnguyen6868/vietfood68,,Nui xao bo,yolo_detection,private_or_noncommercial_license:cc-by-nc-sa-4.0,,base_taxonomy_class
muc,existing,False,squid,10650,11922,0,0,1,0,thomasnguyen6868/vietfood68,,Muc,yolo_detection,private_or_noncommercial_license:cc-by-nc-sa-4.0,,base_taxonomy_class
oc,existing,False,oc,10413,18335,0,0,1,0,thomasnguyen6868/vietfood68,,Oc,yolo_detection,private_or_noncommercial_license:cc-by-nc-sa-4.0,,base_taxonomy_class
tom,existing,False,shrimp,10136,14209,0,0,1,0,thomasnguyen6868/vietfood68,,Tom,yolo_detection,private_or_noncommercial_license:cc-by-nc-sa-4.0,,base_taxonomy_class
chanh,existing,False,lime,9982,11584,0,0,1,0,thomasnguyen6868/vietfood68,,Chanh,yolo_detection,private_or_noncommercial_license:cc-by-nc-sa-4.0,,base_taxonomy_class
heo_quay,existing,False,heo_quay,9934,12108,0,0,1,0,thomasnguyen6868/vietfood68,,Heo quay,yolo_detection,private_or_noncommercial_license:cc-by-nc-sa-4.0,,base_taxonomy_class
thit_bo,existing,False,beef,9647,13169,0,0,1,0,thomasnguyen6868/vietfood68,,Thit bo,yolo_detection,private_or_noncommercial_license:cc-by-nc-sa-4.0,,base_taxonomy_class
thit_heo,existing,False,pork,9451,11931,0,0,1,0,thomasnguyen6868/vietfood68,,Thit heo,yolo_detection,private_or_noncommercial_license:cc-by-nc-sa-4.0,,base_taxonomy_class
cha_gio,existing,False,cha_gio,9207,11441,0,0,3,0,kyoru4444/foodlensvn|phvngtngtm/foodlensvn|thomasnguyen6868/vietfood68,,Cha gio|cha_gio,yolo_detection,private_or_noncommercial_license:cc-by-nc-sa-4.0|source_decision:HOLD_PROVENANCE_SAMPLE_ONLY,,base_taxonomy_class
khoai_tay_chien,existing,False,khoai_tay_chien,9057,10323,0,0,1,0,thomasnguyen6868/vietfood68,,Khoai tay chien,yolo_detection,private_or_noncommercial_license:cc-by-nc-sa-4.0,,base_taxonomy_class
ca_chua,existing,False,tomato,8901,15608,0,0,1,0,thomasnguyen6868/vietfood68,,Ca chua,yolo_detection,private_or_noncommercial_license:cc-by-nc-sa-4.0,,base_taxonomy_class
banh_trang,existing,False,banh_trang,8357,10371,0,0,1,0,thomasnguyen6868/vietfood68,,Banh trang,yolo_detection,private_or_noncommercial_license:cc-by-nc-sa-4.0,,base_taxonomy_class
com,existing,False,rice,8208,9238,0,0,1,0,thomasnguyen6868/vietfood68,,Com,yolo_detection,private_or_noncommercial_license:cc-by-nc-sa-4.0,,base_taxonomy_class
long_heo,existing,False,long_heo,8111,9377,0,0,1,0,thomasnguyen6868/vietfood68,,Long heo,yolo_detection,private_or_noncommercial_license:cc-by-nc-sa-4.0,,base_taxonomy_class
thit_kho,existing,False,thit_kho,8053,8800,0,0,1,0,thomasnguyen6868/vietfood68,,Thit kho,yolo_detection,private_or_noncommercial_license:cc-by-nc-sa-4.0,,base_taxonomy_class
canh,existing,False,canh,8005,8672,0,0,1,0,thomasnguyen6868/vietfood68,,Canh,yolo_detection,private_or_noncommercial_license:cc-by-nc-sa-4.0,,base_taxonomy_class
ot_chuong,existing,False,chili,7578,16261,0,0,1,0,thomasnguyen6868/vietfood68,,Ot chuong,yolo_detection,private_or_noncommercial_license:cc-by-nc-sa-4.0,,base_taxonomy_class
lau,existing,False,lau,7575,8518,0,0,1,0,thomasnguyen6868/vietfood68,,Lau,yolo_detection,private_or_noncommercial_license:cc-by-nc-sa-4.0,,base_taxonomy_class
bo_la_lot,existing,False,bo_la_lot,7481,8102,0,0,2,0,meowluvmatcha/vnfood-30-100|thomasnguyen6868/vietfood68,,Bo la lot|bo-la-lot,yolo_detection,private_or_noncommercial_license:cc-by-nc-sa-4.0,,base_taxonomy_class
thit_nuong,existing,False,thit_nuong,6917,7949,0,0,1,0,thomasnguyen6868/vietfood68,,Thit nuong,yolo_detection,private_or_noncommercial_license:cc-by-nc-sa-4.0,,base_taxonomy_class
mi,existing,False,noodles,6729,7837,0,0,1,0,thomasnguyen6868/vietfood68,,Mi,yolo_detection,private_or_noncommercial_license:cc-by-nc-sa-4.0,,base_taxonomy_class
nam,existing,False,mushroom,6563,8096,0,0,1,0,thomasnguyen6868/vietfood68,,Nam,yolo_detection,private_or_noncommercial_license:cc-by-nc-sa-4.0,,base_taxonomy_class
dau_hu,existing,False,tofu,6308,8016,0,0,1,0,thomasnguyen6868/vietfood68,,Dau hu,yolo_detection,private_or_noncommercial_license:cc-by-nc-sa-4.0,,base_taxonomy_class
banh_trang_tron,existing,False,banh_trang_tron,5772,8008,0,0,1,0,thomasnguyen6868/vietfood68,,Banh trang tron,yolo_detection,private_or_noncommercial_license:cc-by-nc-sa-4.0,,base_taxonomy_class
cua,existing,False,crab,5433,6501,0,0,1,0,thomasnguyen6868/vietfood68,,Cua,yolo_detection,private_or_noncommercial_license:cc-by-nc-sa-4.0,,base_taxonomy_class
bong_cai,existing,False,cauliflower,5125,8943,0,0,1,0,thomasnguyen6868/vietfood68,,Bong cai,yolo_detection,private_or_noncommercial_license:cc-by-nc-sa-4.0,,base_taxonomy_class
cu_kieu,existing,False,green_onion,5091,5927,0,0,1,0,thomasnguyen6868/vietfood68,,Cu kieu,yolo_detection,private_or_noncommercial_license:cc-by-nc-sa-4.0,,base_taxonomy_class
dua_chua,existing,False,dua_chua,4971,5528,0,0,1,0,thomasnguyen6868/vietfood68,,Dua chua,yolo_detection,private_or_noncommercial_license:cc-by-nc-sa-4.0,,base_taxonomy_class
ca_phao,existing,False,eggplant,4329,6430,0,0,1,0,thomasnguyen6868/vietfood68,,Ca phao,yolo_detection,private_or_noncommercial_license:cc-by-nc-sa-4.0,,base_taxonomy_class
ca_rot,existing,False,carrot,3940,6815,0,0,1,0,thomasnguyen6868/vietfood68,,Ca rot,yolo_detection,private_or_noncommercial_license:cc-by-nc-sa-4.0,,base_taxonomy_class
kho_qua_thit,existing,False,bitter_melon_soup,3407,5331,0,0,1,0,thomasnguyen6868/vietfood68,,Kho qua thit,yolo_detection,private_or_noncommercial_license:cc-by-nc-sa-4.0,,base_taxonomy_class
fried_rice,existing,False,fried_rice,2000,2000,0,0,2,0,kmader/food41|shanemarvinmay/food-image-dataset,,fried_rice,classification_pseudo_box_review,source_decision:HOLD_CLASSIFICATION_ONLY|source_decision:HOLD_DUPLICATE_ADAPTER_REQUIRED,,base_taxonomy_class
spring_rolls,existing,False,cha_gio,2000,2000,0,0,2,0,kmader/food41|shanemarvinmay/food-image-dataset,,spring_rolls,classification_pseudo_box_review,source_decision:HOLD_CLASSIFICATION_ONLY|source_decision:HOLD_DUPLICATE_ADAPTER_REQUIRED,,base_taxonomy_class
bot_chien,existing,False,bot_chien,120,552,0,0,2,0,kyoru4444/foodlensvn|phvngtngtm/foodlensvn,,bot_chien,vqa_dish_label_review,source_decision:HOLD_PROVENANCE_SAMPLE_ONLY,,base_taxonomy_class
dark_chocolate,hold_more_data,False,,674,794,337,397,2,1,awsaf49/food-recognition-2022-dataset|sainikhileshreddy/food-recognition-2022,awsaf49/food-recognition-2022-dataset,dark-chocolate,annotation_category_review,source_decision:HOLD_LICENSE_OR_DUPLICATE,,detection_below_accept_threshold
pizza_margherita_baked,hold_more_data,False,,640,670,320,335,2,1,awsaf49/food-recognition-2022-dataset|sainikhileshreddy/food-recognition-2022,awsaf49/food-recognition-2022-dataset,pizza-margherita-baked,annotation_category_review,source_decision:HOLD_LICENSE_OR_DUPLICATE,,detection_below_accept_threshold
mayonnaise,hold_more_data,False,,638,650,319,325,2,1,awsaf49/food-recognition-2022-dataset|sainikhileshreddy/food-recognition-2022,awsaf49/food-recognition-2022-dataset,mayonnaise,annotation_category_review,source_decision:HOLD_LICENSE_OR_DUPLICATE,,detection_below_accept_threshold
blueberries,hold_more_data,False,,610,624,305,312,2,1,awsaf49/food-recognition-2022-dataset|sainikhileshreddy/food-recognition-2022,awsaf49/food-recognition-2022-dataset,blueberries,annotation_category_review,source_decision:HOLD_LICENSE_OR_DUPLICATE,,detection_below_accept_threshold
biscuit,hold_more_data,False,,295,295,295,295,1,1,fontainenathan/foodseg103,fontainenathan/foodseg103,biscuit,segmentation_or_mask,,,detection_below_accept_threshold
salami,hold_more_data,False,,576,600,288,300,2,1,awsaf49/food-recognition-2022-dataset|sainikhileshreddy/food-recognition-2022,awsaf49/food-recognition-2022-dataset,salami,annotation_category_review,source_decision:HOLD_LICENSE_OR_DUPLICATE,,detection_below_accept_threshold
leaf_spinach,hold_more_data,False,,562,572,281,286,2,1,awsaf49/food-recognition-2022-dataset|sainikhileshreddy/food-recognition-2022,awsaf49/food-recognition-2022-dataset,leaf-spinach,annotation_category_review,source_decision:HOLD_LICENSE_OR_DUPLICATE,,detection_below_accept_threshold
soft_cheese,hold_more_data,False,,548,564,274,282,2,1,awsaf49/food-recognition-2022-dataset|sainikhileshreddy/food-recognition-2022,awsaf49/food-recognition-2022-dataset,soft-cheese,annotation_category_review,source_decision:HOLD_LICENSE_OR_DUPLICATE,,detection_below_accept_threshold
water_mineral,hold_more_data,False,,544,840,272,420,2,1,awsaf49/food-recognition-2022-dataset|sainikhileshreddy/food-recognition-2022,awsaf49/food-recognition-2022-dataset,water-mineral,annotation_category_review,source_decision:HOLD_LICENSE_OR_DUPLICATE,,detection_below_accept_threshold
gruyere,hold_more_data,False,,536,556,268,278,2,1,awsaf49/food-recognition-2022-dataset|sainikhileshreddy/food-recognition-2022,awsaf49/food-recognition-2022-dataset,gruyere,annotation_category_review,source_decision:HOLD_LICENSE_OR_DUPLICATE,,detection_below_accept_threshold
yaourt_yahourt_yogourt_ou_yoghourt_natural,hold_more_data,False,,530,544,265,272,2,1,awsaf49/food-recognition-2022-dataset|sainikhileshreddy/food-recognition-2022,awsaf49/food-recognition-2022-dataset,yaourt-yahourt-yogourt-ou-yoghourt-natural,annotation_category_review,source_decision:HOLD_LICENSE_OR_DUPLICATE,,detection_below_accept_threshold
glucose_drink_50g,hold_more_data,False,,526,582,263,291,2,1,awsaf49/food-recognition-2022-dataset|sainikhileshreddy/food-recognition-2022,awsaf49/food-recognition-2022-dataset,glucose-drink-50g,annotation_category_review,source_decision:HOLD_LICENSE_OR_DUPLICATE,,detection_below_accept_threshold
mixed_nuts,hold_more_data,False,,524,578,262,289,2,1,awsaf49/food-recognition-2022-dataset|sainikhileshreddy/food-recognition-2022,awsaf49/food-recognition-2022-dataset,mixed-nuts,annotation_category_review,source_decision:HOLD_LICENSE_OR_DUPLICATE,,detection_below_accept_threshold
almonds,hold_more_data,False,,520,632,260,316,2,1,awsaf49/food-recognition-2022-dataset|sainikhileshreddy/food-recognition-2022,awsaf49/food-recognition-2022-dataset,almonds,annotation_category_review,source_decision:HOLD_LICENSE_OR_DUPLICATE,,detection_below_accept_threshold
black_olives,hold_more_data,False,,510,524,255,262,2,1,awsaf49/food-recognition-2022-dataset|sainikhileshreddy/food-recognition-2022,awsaf49/food-recognition-2022-dataset,black-olives,annotation_category_review,source_decision:HOLD_LICENSE_OR_DUPLICATE,,detection_below_accept_threshold
red_radish,hold_more_data,False,,508,522,254,261,2,1,awsaf49/food-recognition-2022-dataset|sainikhileshreddy/food-recognition-2022,awsaf49/food-recognition-2022-dataset,red-radish,annotation_category_review,source_decision:HOLD_LICENSE_OR_DUPLICATE,,detection_below_accept_threshold
kiwi,hold_more_data,False,,447,519,249,285,3,2,awsaf49/food-recognition-2022-dataset|fontainenathan/foodseg103|sainikhileshreddy/food-recognition-2022,awsaf49/food-recognition-2022-dataset|fontainenathan/foodseg103,kiwi,annotation_category_review,source_decision:HOLD_LICENSE_OR_DUPLICATE,,detection_below_accept_threshold
herbal_tea,hold_more_data,False,,492,548,246,274,2,1,awsaf49/food-recognition-2022-dataset|sainikhileshreddy/food-recognition-2022,awsaf49/food-recognition-2022-dataset,herbal-tea,annotation_category_review,source_decision:HOLD_LICENSE_OR_DUPLICATE,,detection_below_accept_threshold
juice_orange,hold_more_data,False,,492,542,246,271,2,1,awsaf49/food-recognition-2022-dataset|sainikhileshreddy/food-recognition-2022,awsaf49/food-recognition-2022-dataset,juice-orange,annotation_category_review,source_decision:HOLD_LICENSE_OR_DUPLICATE,,detection_below_accept_threshold
salmon_smoked,hold_more_data,False,,492,502,246,251,2,1,awsaf49/food-recognition-2022-dataset|sainikhileshreddy/food-recognition-2022,awsaf49/food-recognition-2022-dataset,salmon-smoked,annotation_category_review,source_decision:HOLD_LICENSE_OR_DUPLICATE,,detection_below_accept_threshold
ham_raw,hold_more_data,False,,486,494,243,247,2,1,awsaf49/food-recognition-2022-dataset|sainikhileshreddy/food-recognition-2022,awsaf49/food-recognition-2022-dataset,ham-raw,annotation_category_review,source_decision:HOLD_LICENSE_OR_DUPLICATE,,detection_below_accept_threshold
beer,hold_more_data,False,,480,552,240,276,2,1,awsaf49/food-recognition-2022-dataset|sainikhileshreddy/food-recognition-2022,awsaf49/food-recognition-2022-dataset,beer,annotation_category_review,source_decision:HOLD_LICENSE_OR_DUPLICATE,,detection_below_accept_threshold
fried_meat,hold_more_data,False,,238,238,238,238,1,1,fontainenathan/foodseg103,fontainenathan/foodseg103,fried meat,segmentation_or_mask,,,detection_below_accept_threshold
mozzarella,hold_more_data,False,,464,480,232,240,2,1,awsaf49/food-recognition-2022-dataset|sainikhileshreddy/food-recognition-2022,awsaf49/food-recognition-2022-dataset,mozzarella,annotation_category_review,source_decision:HOLD_LICENSE_OR_DUPLICATE,,detection_below_accept_threshold
celery_stick,hold_more_data,False,,229,229,229,229,1,1,fontainenathan/foodseg103,fontainenathan/foodseg103,celery stick,segmentation_or_mask,,,detection_below_accept_threshold
cucumber_pickled,hold_more_data,False,,456,504,228,252,2,1,awsaf49/food-recognition-2022-dataset|sainikhileshreddy/food-recognition-2022,awsaf49/food-recognition-2022-dataset,cucumber-pickled,annotation_category_review,source_decision:HOLD_LICENSE_OR_DUPLICATE,,detection_below_accept_threshold
other_ingredients,hold_more_data,False,,227,227,227,227,1,1,fontainenathan/foodseg103,fontainenathan/foodseg103,other ingredients,segmentation_or_mask,,,detection_below_accept_threshold
croissant,hold_more_data,False,,452,474,226,237,2,1,awsaf49/food-recognition-2022-dataset|sainikhileshreddy/food-recognition-2022,awsaf49/food-recognition-2022-dataset,croissant,annotation_category_review,source_decision:HOLD_LICENSE_OR_DUPLICATE,,detection_below_accept_threshold
dairy_ice_cream,hold_more_data,False,,450,468,225,234,2,1,awsaf49/food-recognition-2022-dataset|sainikhileshreddy/food-recognition-2022,awsaf49/food-recognition-2022-dataset,dairy-ice-cream,annotation_category_review,source_decision:HOLD_LICENSE_OR_DUPLICATE,,detection_below_accept_threshold
pasta_penne,hold_more_data,False,,450,456,225,228,2,1,awsaf49/food-recognition-2022-dataset|sainikhileshreddy/food-recognition-2022,awsaf49/food-recognition-2022-dataset,pasta-penne,annotation_category_review,source_decision:HOLD_LICENSE_OR_DUPLICATE,,detection_below_accept_threshold
walnut,hold_more_data,False,,381,383,222,223,3,2,awsaf49/food-recognition-2022-dataset|fontainenathan/foodseg103|sainikhileshreddy/food-recognition-2022,awsaf49/food-recognition-2022-dataset|fontainenathan/foodseg103,walnut,annotation_category_review,source_decision:HOLD_LICENSE_OR_DUPLICATE,,detection_below_accept_threshold
feta,hold_more_data,False,,432,444,216,222,2,1,awsaf49/food-recognition-2022-dataset|sainikhileshreddy/food-recognition-2022,awsaf49/food-recognition-2022-dataset,feta,annotation_category_review,source_decision:HOLD_LICENSE_OR_DUPLICATE,,detection_below_accept_threshold
salad_rocket,hold_more_data,False,,430,438,215,219,2,1,awsaf49/food-recognition-2022-dataset|sainikhileshreddy/food-recognition-2022,awsaf49/food-recognition-2022-dataset,salad-rocket,annotation_category_review,source_decision:HOLD_LICENSE_OR_DUPLICATE,,detection_below_accept_threshold
green_beans,hold_more_data,False,,215,215,215,215,1,1,fontainenathan/foodseg103,fontainenathan/foodseg103,green beans,segmentation_or_mask,,,detection_below_accept_threshold
ham_cooked,hold_more_data,False,,426,428,213,214,2,1,awsaf49/food-recognition-2022-dataset|sainikhileshreddy/food-recognition-2022,awsaf49/food-recognition-2022-dataset,ham-cooked,annotation_category_review,source_decision:HOLD_LICENSE_OR_DUPLICATE,,detection_below_accept_threshold
tea_green,hold_more_data,False,,422,582,211,291,2,1,awsaf49/food-recognition-2022-dataset|sainikhileshreddy/food-recognition-2022,awsaf49/food-recognition-2022-dataset,tea-green,annotation_category_review,source_decision:HOLD_LICENSE_OR_DUPLICATE,,detection_below_accept_threshold
mandarine,hold_more_data,False,,416,450,208,225,2,1,awsaf49/food-recognition-2022-dataset|sainikhileshreddy/food-recognition-2022,awsaf49/food-recognition-2022-dataset,mandarine,annotation_category_review,source_decision:HOLD_LICENSE_OR_DUPLICATE,,detection_below_accept_threshold
bread_grain,hold_more_data,False,,412,424,206,212,2,1,awsaf49/food-recognition-2022-dataset|sainikhileshreddy/food-recognition-2022,awsaf49/food-recognition-2022-dataset,bread-grain,annotation_category_review,source_decision:HOLD_LICENSE_OR_DUPLICATE,,detection_below_accept_threshold
grapes,hold_more_data,False,,410,418,205,209,2,1,awsaf49/food-recognition-2022-dataset|sainikhileshreddy/food-recognition-2022,awsaf49/food-recognition-2022-dataset,grapes,annotation_category_review,source_decision:HOLD_LICENSE_OR_DUPLICATE,,detection_below_accept_threshold
chocolate,hold_more_data,False,,339,353,203,210,3,2,awsaf49/food-recognition-2022-dataset|fontainenathan/foodseg103|sainikhileshreddy/food-recognition-2022,awsaf49/food-recognition-2022-dataset|fontainenathan/foodseg103,chocolate,annotation_category_review,source_decision:HOLD_LICENSE_OR_DUPLICATE,,detection_below_accept_threshold
bread_sourdough,hold_more_data,False,,400,408,200,204,2,1,awsaf49/food-recognition-2022-dataset|sainikhileshreddy/food-recognition-2022,awsaf49/food-recognition-2022-dataset,bread-sourdough,annotation_category_review,source_decision:HOLD_LICENSE_OR_DUPLICATE,,detection_below_accept_threshold
cake_chocolate,hold_more_data,False,,400,416,200,208,2,1,awsaf49/food-recognition-2022-dataset|sainikhileshreddy/food-recognition-2022,awsaf49/food-recognition-2022-dataset,cake-chocolate,annotation_category_review,source_decision:HOLD_LICENSE_OR_DUPLICATE,,detection_below_accept_threshold
cappuccino,hold_more_data,False,,398,468,199,234,2,1,awsaf49/food-recognition-2022-dataset|sainikhileshreddy/food-recognition-2022,awsaf49/food-recognition-2022-dataset,cappuccino,annotation_category_review,source_decision:HOLD_LICENSE_OR_DUPLICATE,,detection_below_accept_threshold
balsamic_salad_dressing,hold_more_data,False,,396,406,198,203,2,1,awsaf49/food-recognition-2022-dataset|sainikhileshreddy/food-recognition-2022,awsaf49/food-recognition-2022-dataset,balsamic-salad-dressing,annotation_category_review,source_decision:HOLD_LICENSE_OR_DUPLICATE,,detection_below_accept_threshold
biscuits,hold_more_data,False,,396,408,198,204,2,1,awsaf49/food-recognition-2022-dataset|sainikhileshreddy/food-recognition-2022,awsaf49/food-recognition-2022-dataset,biscuits,annotation_category_review,source_decision:HOLD_LICENSE_OR_DUPLICATE,,detection_below_accept_threshold
bread_french_white_flour,hold_more_data,False,,396,424,198,212,2,1,awsaf49/food-recognition-2022-dataset|sainikhileshreddy/food-recognition-2022,awsaf49/food-recognition-2022-dataset,bread-french-white-flour,annotation_category_review,source_decision:HOLD_LICENSE_OR_DUPLICATE,,detection_below_accept_threshold
dried_meat,hold_more_data,False,,396,406,198,203,2,1,awsaf49/food-recognition-2022-dataset|sainikhileshreddy/food-recognition-2022,awsaf49/food-recognition-2022-dataset,dried-meat,annotation_category_review,source_decision:HOLD_LICENSE_OR_DUPLICATE,,detection_below_accept_threshold
raspberries,hold_more_data,False,,396,408,198,204,2,1,awsaf49/food-recognition-2022-dataset|sainikhileshreddy/food-recognition-2022,awsaf49/food-recognition-2022-dataset,raspberries,annotation_category_review,source_decision:HOLD_LICENSE_OR_DUPLICATE,,detection_below_accept_threshold
quinoa,hold_more_data,False,,394,402,197,201,2,1,awsaf49/food-recognition-2022-dataset|sainikhileshreddy/food-recognition-2022,awsaf49/food-recognition-2022-dataset,quinoa,annotation_category_review,source_decision:HOLD_LICENSE_OR_DUPLICATE,,detection_below_accept_threshold
french_salad_dressing,hold_more_data,False,,392,398,196,199,2,1,awsaf49/food-recognition-2022-dataset|sainikhileshreddy/food-recognition-2022,awsaf49/food-recognition-2022-dataset,french-salad-dressing,annotation_category_review,source_decision:HOLD_LICENSE_OR_DUPLICATE,,detection_below_accept_threshold
chickpeas,hold_more_data,False,,390,402,195,201,2,1,awsaf49/food-recognition-2022-dataset|sainikhileshreddy/food-recognition-2022,awsaf49/food-recognition-2022-dataset,chickpeas,annotation_category_review,source_decision:HOLD_LICENSE_OR_DUPLICATE,,detection_below_accept_threshold
fennel,hold_more_data,False,,390,398,195,199,2,1,awsaf49/food-recognition-2022-dataset|sainikhileshreddy/food-recognition-2022,awsaf49/food-recognition-2022-dataset,fennel,annotation_category_review,source_decision:HOLD_LICENSE_OR_DUPLICATE,,detection_below_accept_threshold
beetroot_steamed_without_addition_of_salt,hold_more_data,False,,388,388,194,194,2,1,awsaf49/food-recognition-2022-dataset|sainikhileshreddy/food-recognition-2022,awsaf49/food-recognition-2022-dataset,beetroot-steamed-without-addition-of-salt,annotation_category_review,source_decision:HOLD_LICENSE_OR_DUPLICATE,,detection_below_accept_threshold
tea_black,hold_more_data,False,,378,458,189,229,2,1,awsaf49/food-recognition-2022-dataset|sainikhileshreddy/food-recognition-2022,awsaf49/food-recognition-2022-dataset,tea-black,annotation_category_review,source_decision:HOLD_LICENSE_OR_DUPLICATE,,detection_below_accept_threshold
green_olives,hold_more_data,False,,362,364,181,182,2,1,awsaf49/food-recognition-2022-dataset|sainikhileshreddy/food-recognition-2022,awsaf49/food-recognition-2022-dataset,green-olives,annotation_category_review,source_decision:HOLD_LICENSE_OR_DUPLICATE,,detection_below_accept_threshold
green_asparagus,hold_more_data,False,,356,362,178,181,2,1,awsaf49/food-recognition-2022-dataset|sainikhileshreddy/food-recognition-2022,awsaf49/food-recognition-2022-dataset,green-asparagus,annotation_category_review,source_decision:HOLD_LICENSE_OR_DUPLICATE,,detection_below_accept_threshold
semi_hard_cheese,hold_more_data,False,,352,358,176,179,2,1,awsaf49/food-recognition-2022-dataset|sainikhileshreddy/food-recognition-2022,awsaf49/food-recognition-2022-dataset,semi-hard-cheese,annotation_category_review,source_decision:HOLD_LICENSE_OR_DUPLICATE,,detection_below_accept_threshold
pasta_twist,hold_more_data,False,,348,354,174,177,2,1,awsaf49/food-recognition-2022-dataset|sainikhileshreddy/food-recognition-2022,awsaf49/food-recognition-2022-dataset,pasta-twist,annotation_category_review,source_decision:HOLD_LICENSE_OR_DUPLICATE,,detection_below_accept_threshold
risotto_without_cheese_cooked,hold_more_data,False,,344,356,172,178,2,1,awsaf49/food-recognition-2022-dataset|sainikhileshreddy/food-recognition-2022,awsaf49/food-recognition-2022-dataset,risotto-without-cheese-cooked,annotation_category_review,source_decision:HOLD_LICENSE_OR_DUPLICATE,,detection_below_accept_threshold
mushrooms,hold_more_data,False,,342,352,171,176,2,1,awsaf49/food-recognition-2022-dataset|sainikhileshreddy/food-recognition-2022,awsaf49/food-recognition-2022-dataset,mushrooms,annotation_category_review,source_decision:HOLD_LICENSE_OR_DUPLICATE,,detection_below_accept_threshold
sugar_melon,hold_more_data,False,,342,356,171,178,2,1,awsaf49/food-recognition-2022-dataset|sainikhileshreddy/food-recognition-2022,awsaf49/food-recognition-2022-dataset,sugar-melon,annotation_category_review,source_decision:HOLD_LICENSE_OR_DUPLICATE,,detection_below_accept_threshold
salad_lambs_ear,hold_more_data,False,,340,348,170,174,2,1,awsaf49/food-recognition-2022-dataset|sainikhileshreddy/food-recognition-2022,awsaf49/food-recognition-2022-dataset,salad-lambs-ear,annotation_category_review,source_decision:HOLD_LICENSE_OR_DUPLICATE,,detection_below_accept_threshold
bacon_frying,hold_more_data,False,,336,338,168,169,2,1,awsaf49/food-recognition-2022-dataset|sainikhileshreddy/food-recognition-2022,awsaf49/food-recognition-2022-dataset,bacon-frying,annotation_category_review,source_decision:HOLD_LICENSE_OR_DUPLICATE,,detection_below_accept_threshold
crepe_plain,hold_more_data,False,,326,366,163,183,2,1,awsaf49/food-recognition-2022-dataset|sainikhileshreddy/food-recognition-2022,awsaf49/food-recognition-2022-dataset,crepe-plain,annotation_category_review,source_decision:HOLD_LICENSE_OR_DUPLICATE,,detection_below_accept_threshold
egg_scrambled_prepared,hold_more_data,False,,324,324,162,162,2,1,awsaf49/food-recognition-2022-dataset|sainikhileshreddy/food-recognition-2022,awsaf49/food-recognition-2022-dataset,egg-scrambled-prepared,annotation_category_review,source_decision:HOLD_LICENSE_OR_DUPLICATE,,detection_below_accept_threshold
mango,hold_more_data,False,,265,267,160,161,3,2,awsaf49/food-recognition-2022-dataset|fontainenathan/foodseg103|sainikhileshreddy/food-recognition-2022,awsaf49/food-recognition-2022-dataset|fontainenathan/foodseg103,mango,annotation_category_review,source_decision:HOLD_LICENSE_OR_DUPLICATE,,detection_below_accept_threshold
hamburger_bread_meat_ketchup,hold_more_data,False,,316,326,158,163,2,1,awsaf49/food-recognition-2022-dataset|sainikhileshreddy/food-recognition-2022,awsaf49/food-recognition-2022-dataset,hamburger-bread-meat-ketchup,annotation_category_review,source_decision:HOLD_LICENSE_OR_DUPLICATE,,detection_below_accept_threshold
birchermuesli_prepared_no_sugar_added,hold_more_data,False,,308,324,154,162,2,1,awsaf49/food-recognition-2022-dataset|sainikhileshreddy/food-recognition-2022,awsaf49/food-recognition-2022-dataset,birchermuesli-prepared-no-sugar-added,annotation_category_review,source_decision:HOLD_LICENSE_OR_DUPLICATE,,detection_below_accept_threshold
mashed_potatoes_prepared_with_full_fat_milk_with_butter,hold_more_data,False,,308,310,154,155,2,1,awsaf49/food-recognition-2022-dataset|sainikhileshreddy/food-recognition-2022,awsaf49/food-recognition-2022-dataset,mashed-potatoes-prepared-with-full-fat-milk-with-butter,annotation_category_review,source_decision:HOLD_LICENSE_OR_DUPLICATE,,detection_below_accept_threshold
chicken_breast,hold_more_data,False,,304,310,152,155,2,1,awsaf49/food-recognition-2022-dataset|sainikhileshreddy/food-recognition-2022,awsaf49/food-recognition-2022-dataset,chicken-breast,annotation_category_review,source_decision:HOLD_LICENSE_OR_DUPLICATE,,detection_below_accept_threshold
ratatouille,hold_more_data,False,,304,308,152,154,2,1,awsaf49/food-recognition-2022-dataset|sainikhileshreddy/food-recognition-2022,awsaf49/food-recognition-2022-dataset,ratatouille,annotation_category_review,source_decision:HOLD_LICENSE_OR_DUPLICATE,,detection_below_accept_threshold
salad_dressing,hold_more_data,False,,302,302,151,151,2,1,awsaf49/food-recognition-2022-dataset|sainikhileshreddy/food-recognition-2022,awsaf49/food-recognition-2022-dataset,salad-dressing,annotation_category_review,source_decision:HOLD_LICENSE_OR_DUPLICATE,,detection_below_accept_threshold
protein,hold_generic_label,False,,5214,10096,5214,10096,1,1,mochamadfaisalakbar/nutrition-dataset-yolo,mochamadfaisalakbar/nutrition-dataset-yolo,protein,yolo_detection,,,generic_or_bucket_label
karbohidrat,hold_generic_label,False,,5177,8982,5177,8982,1,1,mochamadfaisalakbar/nutrition-dataset-yolo,mochamadfaisalakbar/nutrition-dataset-yolo,karbohidrat,yolo_detection,,,generic_or_bucket_label
sayur,hold_generic_label,False,,5062,16574,5062,16574,1,1,mochamadfaisalakbar/nutrition-dataset-yolo,mochamadfaisalakbar/nutrition-dataset-yolo,sayur,yolo_detection,,,generic_or_bucket_label
buah,hold_generic_label,False,,2309,6081,2309,6081,1,1,mochamadfaisalakbar/nutrition-dataset-yolo,mochamadfaisalakbar/nutrition-dataset-yolo,buah,yolo_detection,,,generic_or_bucket_label
minuman,hold_generic_label,False,,1900,2533,1900,2533,1,1,mochamadfaisalakbar/nutrition-dataset-yolo,mochamadfaisalakbar/nutrition-dataset-yolo,minuman,yolo_detection,,,generic_or_bucket_label
rau,hold_generic_label,False,,27617,31771,0,0,1,0,thomasnguyen6868/vietfood68,,Rau,yolo_detection,private_or_noncommercial_license:cc-by-nc-sa-4.0,,generic_or_bucket_label
water,hold_manual_mapping,False,,6004,10720,3002,5360,2,1,awsaf49/food-recognition-2022-dataset|sainikhileshreddy/food-recognition-2022,awsaf49/food-recognition-2022-dataset,water,annotation_category_review,source_decision:HOLD_LICENSE_OR_DUPLICATE,,better_as_nutrition_mapping_than_detector_class
butter,hold_manual_mapping,False,,3284,3424,1642,1712,2,1,awsaf49/food-recognition-2022-dataset|sainikhileshreddy/food-recognition-2022,awsaf49/food-recognition-2022-dataset,butter,annotation_category_review,source_decision:HOLD_LICENSE_OR_DUPLICATE,,better_as_nutrition_mapping_than_detector_class
coffee_with_caffeine,hold_manual_mapping,False,,2866,4036,1433,2018,2,1,awsaf49/food-recognition-2022-dataset|sainikhileshreddy/food-recognition-2022,awsaf49/food-recognition-2022-dataset,coffee-with-caffeine,annotation_category_review,source_decision:HOLD_LICENSE_OR_DUPLICATE,,better_as_nutrition_mapping_than_detector_class
sauce,hold_manual_mapping,False,,1145,1145,1145,1145,1,1,fontainenathan/foodseg103,fontainenathan/foodseg103,sauce,segmentation_or_mask,,,better_as_nutrition_mapping_than_detector_class
jam,hold_manual_mapping,False,,1636,1748,818,874,2,1,awsaf49/food-recognition-2022-dataset|sainikhileshreddy/food-recognition-2022,awsaf49/food-recognition-2022-dataset,jam,annotation_category_review,source_decision:HOLD_LICENSE_OR_DUPLICATE,,better_as_nutrition_mapping_than_detector_class
wine_red,hold_manual_mapping,False,,1472,1752,736,876,2,1,awsaf49/food-recognition-2022-dataset|sainikhileshreddy/food-recognition-2022,awsaf49/food-recognition-2022-dataset,wine-red,annotation_category_review,source_decision:HOLD_LICENSE_OR_DUPLICATE,,better_as_nutrition_mapping_than_detector_class
espresso_with_caffeine,hold_manual_mapping,False,,1122,1418,561,709,2,1,awsaf49/food-recognition-2022-dataset|sainikhileshreddy/food-recognition-2022,awsaf49/food-recognition-2022-dataset,espresso-with-caffeine,annotation_category_review,source_decision:HOLD_LICENSE_OR_DUPLICATE,,better_as_nutrition_mapping_than_detector_class
hard_cheese,hold_manual_mapping,False,,1118,1150,559,575,2,1,awsaf49/food-recognition-2022-dataset|sainikhileshreddy/food-recognition-2022,awsaf49/food-recognition-2022-dataset,hard-cheese,annotation_category_review,source_decision:HOLD_LICENSE_OR_DUPLICATE,,better_as_nutrition_mapping_than_detector_class
tea,hold_manual_mapping,False,,1076,1248,553,639,3,2,awsaf49/food-recognition-2022-dataset|fontainenathan/foodseg103|sainikhileshreddy/food-recognition-2022,awsaf49/food-recognition-2022-dataset|fontainenathan/foodseg103,tea,annotation_category_review,source_decision:HOLD_LICENSE_OR_DUPLICATE,,better_as_nutrition_mapping_than_detector_class
mixed_salad_chopped_without_sauce,hold_manual_mapping,False,,1020,1034,510,517,2,1,awsaf49/food-recognition-2022-dataset|sainikhileshreddy/food-recognition-2022,awsaf49/food-recognition-2022-dataset,mixed-salad-chopped-without-sauce,annotation_category_review,source_decision:HOLD_LICENSE_OR_DUPLICATE,,better_as_nutrition_mapping_than_detector_class
white_coffee_with_caffeine,hold_manual_mapping,False,,974,1100,487,550,2,1,awsaf49/food-recognition-2022-dataset|sainikhileshreddy/food-recognition-2022,awsaf49/food-recognition-2022-dataset,white-coffee-with-caffeine,annotation_category_review,source_decision:HOLD_LICENSE_OR_DUPLICATE,,better_as_nutrition_mapping_than_detector_class
tomato_sauce,hold_manual_mapping,False,,940,958,470,479,2,1,awsaf49/food-recognition-2022-dataset|sainikhileshreddy/food-recognition-2022,awsaf49/food-recognition-2022-dataset,tomato-sauce,annotation_category_review,source_decision:HOLD_LICENSE_OR_DUPLICATE,,better_as_nutrition_mapping_than_detector_class
wine_white,hold_manual_mapping,False,,876,1016,438,508,2,1,awsaf49/food-recognition-2022-dataset|sainikhileshreddy/food-recognition-2022,awsaf49/food-recognition-2022-dataset,wine-white,annotation_category_review,source_decision:HOLD_LICENSE_OR_DUPLICATE,,better_as_nutrition_mapping_than_detector_class
cheese_butter,hold_manual_mapping,False,,396,396,396,396,1,1,fontainenathan/foodseg103,fontainenathan/foodseg103,cheese butter,segmentation_or_mask,,,better_as_nutrition_mapping_than_detector_class
honey,hold_manual_mapping,False,,790,816,395,408,2,1,awsaf49/food-recognition-2022-dataset|sainikhileshreddy/food-recognition-2022,awsaf49/food-recognition-2022-dataset,honey,annotation_category_review,source_decision:HOLD_LICENSE_OR_DUPLICATE,,better_as_nutrition_mapping_than_detector_class
parmesan,hold_manual_mapping,False,,780,796,390,398,2,1,awsaf49/food-recognition-2022-dataset|sainikhileshreddy/food-recognition-2022,awsaf49/food-recognition-2022-dataset,parmesan,annotation_category_review,source_decision:HOLD_LICENSE_OR_DUPLICATE,,better_as_nutrition_mapping_than_detector_class
milk,hold_manual_mapping,False,,481,487,277,280,3,2,awsaf49/food-recognition-2022-dataset|fontainenathan/foodseg103|sainikhileshreddy/food-recognition-2022,awsaf49/food-recognition-2022-dataset|fontainenathan/foodseg103,milk,annotation_category_review,source_decision:HOLD_LICENSE_OR_DUPLICATE,,better_as_nutrition_mapping_than_detector_class
sauce_cream,hold_manual_mapping,False,,416,426,208,213,2,1,awsaf49/food-recognition-2022-dataset|sainikhileshreddy/food-recognition-2022,awsaf49/food-recognition-2022-dataset,sauce-cream,annotation_category_review,source_decision:HOLD_LICENSE_OR_DUPLICATE,,better_as_nutrition_mapping_than_detector_class
coffee,hold_manual_mapping,False,,184,184,184,184,1,1,fontainenathan/foodseg103,fontainenathan/foodseg103,coffee,segmentation_or_mask,,,better_as_nutrition_mapping_than_detector_class
juice,hold_manual_mapping,False,,183,183,183,183,1,1,fontainenathan/foodseg103,fontainenathan/foodseg103,juice,segmentation_or_mask,,,better_as_nutrition_mapping_than_detector_class
sauce_savoury,hold_manual_mapping,False,,306,306,153,153,2,1,awsaf49/food-recognition-2022-dataset|sainikhileshreddy/food-recognition-2022,awsaf49/food-recognition-2022-dataset,sauce-savoury,annotation_category_review,source_decision:HOLD_LICENSE_OR_DUPLICATE,,better_as_nutrition_mapping_than_detector_class
bolognaise_sauce,hold_manual_mapping,False,,274,282,137,141,2,1,awsaf49/food-recognition-2022-dataset|sainikhileshreddy/food-recognition-2022,awsaf49/food-recognition-2022-dataset,bolognaise-sauce,annotation_category_review,source_decision:HOLD_LICENSE_OR_DUPLICATE,,better_as_nutrition_mapping_than_detector_class
wine,hold_manual_mapping,False,,137,137,137,137,1,1,fontainenathan/foodseg103,fontainenathan/foodseg103,wine,segmentation_or_mask,,,better_as_nutrition_mapping_than_detector_class
sauce_pesto,hold_manual_mapping,False,,248,262,124,131,2,1,awsaf49/food-recognition-2022-dataset|sainikhileshreddy/food-recognition-2022,awsaf49/food-recognition-2022-dataset,sauce-pesto,annotation_category_review,source_decision:HOLD_LICENSE_OR_DUPLICATE,,better_as_nutrition_mapping_than_detector_class
sauce_roast,hold_manual_mapping,False,,240,246,120,123,2,1,awsaf49/food-recognition-2022-dataset|sainikhileshreddy/food-recognition-2022,awsaf49/food-recognition-2022-dataset,sauce-roast,annotation_category_review,source_decision:HOLD_LICENSE_OR_DUPLICATE,,better_as_nutrition_mapping_than_detector_class
milkshake,hold_manual_mapping,False,,107,107,107,107,1,1,fontainenathan/foodseg103,fontainenathan/foodseg103,milkshake,segmentation_or_mask,,,better_as_nutrition_mapping_than_detector_class
wine_rose,hold_manual_mapping,False,,182,212,91,106,2,1,awsaf49/food-recognition-2022-dataset|sainikhileshreddy/food-recognition-2022,awsaf49/food-recognition-2022-dataset,wine-rose,annotation_category_review,source_decision:HOLD_LICENSE_OR_DUPLICATE,,better_as_nutrition_mapping_than_detector_class
applesauce_unsweetened_canned,hold_manual_mapping,False,,158,170,79,85,2,1,awsaf49/food-recognition-2022-dataset|sainikhileshreddy/food-recognition-2022,awsaf49/food-recognition-2022-dataset,applesauce-unsweetened-canned,annotation_category_review,source_decision:HOLD_LICENSE_OR_DUPLICATE,,better_as_nutrition_mapping_than_detector_class
sauce_soya,hold_manual_mapping,False,,124,130,62,65,2,1,awsaf49/food-recognition-2022-dataset|sainikhileshreddy/food-recognition-2022,awsaf49/food-recognition-2022-dataset,sauce-soya,annotation_category_review,source_decision:HOLD_LICENSE_OR_DUPLICATE,,better_as_nutrition_mapping_than_detector_class
sauce_mushroom,hold_manual_mapping,False,,116,116,58,58,2,1,awsaf49/food-recognition-2022-dataset|sainikhileshreddy/food-recognition-2022,awsaf49/food-recognition-2022-dataset,sauce-mushroom,annotation_category_review,source_decision:HOLD_LICENSE_OR_DUPLICATE,,better_as_nutrition_mapping_than_detector_class
sauce_curry,hold_manual_mapping,False,,104,106,52,53,2,1,awsaf49/food-recognition-2022-dataset|sainikhileshreddy/food-recognition-2022,awsaf49/food-recognition-2022-dataset,sauce-curry,annotation_category_review,source_decision:HOLD_LICENSE_OR_DUPLICATE,,better_as_nutrition_mapping_than_detector_class
sauce_cocktail,hold_manual_mapping,False,,84,84,42,42,2,1,awsaf49/food-recognition-2022-dataset|sainikhileshreddy/food-recognition-2022,awsaf49/food-recognition-2022-dataset,sauce-cocktail,annotation_category_review,source_decision:HOLD_LICENSE_OR_DUPLICATE,,better_as_nutrition_mapping_than_detector_class
sauce_sweet_sour,hold_manual_mapping,False,,78,80,39,40,2,1,awsaf49/food-recognition-2022-dataset|sainikhileshreddy/food-recognition-2022,awsaf49/food-recognition-2022-dataset,sauce-sweet-sour,annotation_category_review,source_decision:HOLD_LICENSE_OR_DUPLICATE,,better_as_nutrition_mapping_than_detector_class
tartar_sauce,hold_manual_mapping,False,,76,76,38,38,2,1,awsaf49/food-recognition-2022-dataset|sainikhileshreddy/food-recognition-2022,awsaf49/food-recognition-2022-dataset,tartar-sauce,annotation_category_review,source_decision:HOLD_LICENSE_OR_DUPLICATE,,better_as_nutrition_mapping_than_detector_class
coleslaw_chopped_without_sauce,hold_manual_mapping,False,,72,74,36,37,2,1,awsaf49/food-recognition-2022-dataset|sainikhileshreddy/food-recognition-2022,awsaf49/food-recognition-2022-dataset,coleslaw-chopped-without-sauce,annotation_category_review,source_decision:HOLD_LICENSE_OR_DUPLICATE,,better_as_nutrition_mapping_than_detector_class
sauce_carbonara,hold_manual_mapping,False,,70,74,35,37,2,1,awsaf49/food-recognition-2022-dataset|sainikhileshreddy/food-recognition-2022,awsaf49/food-recognition-2022-dataset,sauce-carbonara,annotation_category_review,source_decision:HOLD_LICENSE_OR_DUPLICATE,,better_as_nutrition_mapping_than_detector_class
sauce_sweet_salted_asian,hold_manual_mapping,False,,66,66,33,33,2,1,awsaf49/food-recognition-2022-dataset|sainikhileshreddy/food-recognition-2022,awsaf49/food-recognition-2022-dataset,sauce-sweet-salted-asian,annotation_category_review,source_decision:HOLD_LICENSE_OR_DUPLICATE,,better_as_nutrition_mapping_than_detector_class
bread_meat_substitute_lettuce_sauce,hold_manual_mapping,False,,60,60,30,30,2,1,awsaf49/food-recognition-2022-dataset|sainikhileshreddy/food-recognition-2022,awsaf49/food-recognition-2022-dataset,bread-meat-substitute-lettuce-sauce,annotation_category_review,source_decision:HOLD_LICENSE_OR_DUPLICATE,,better_as_nutrition_mapping_than_detector_class
coffee_decaffeinated,hold_manual_mapping,False,,58,66,29,33,2,1,awsaf49/food-recognition-2022-dataset|sainikhileshreddy/food-recognition-2022,awsaf49/food-recognition-2022-dataset,coffee-decaffeinated,annotation_category_review,source_decision:HOLD_LICENSE_OR_DUPLICATE,,better_as_nutrition_mapping_than_detector_class
banh_tai_heo,hold_targeted_collection,False,,832,832,266,266,3,1,karos2504/100-vietnamese-food|meowluvmatcha/vnfood-30-100|nguyentrongdai/vietnamese-foods-dataset,karos2504/100-vietnamese-food,banh-tai-heo|banh_tai_heo,classification_pseudo_box_review,private_or_noncommercial_license:cc-by-nc-sa-4.0|source_decision:HOLD_LICENSE,VIETNAMESE_DISH_EXPANSION,vietnamese_permissive_source_needs_more_data
xoi_xeo,hold_targeted_collection,False,,2555,2987,250,250,7,1,karos2504/100-vietnamese-food|keno31/vietnaemese-food-dataset|kyoru4444/foodlensvn|lenguyentrung/vietnamese-food|meowluvmatcha/vnfood-30-100|phvngtngtm/foodlensvn|quandang/vietnamese-foods,karos2504/100-vietnamese-food,Xoi xeo|xoi-xeo|xoi_xeo,classification_pseudo_box_review,private_or_noncommercial_license:cc-by-nc-sa-4.0|source_decision:HOLD_DUPLICATE_CHECK|source_decision:HOLD_LICENSE|source_decision:HOLD_PROVENANCE_SAMPLE_ONLY,VIETNAMESE_DISH_EXPANSION,vietnamese_permissive_source_needs_more_data
com_chien,hold_targeted_collection,False,,484,484,242,242,2,1,karos2504/100-vietnamese-food|meowluvmatcha/vnfood-30-100,karos2504/100-vietnamese-food,com-chien|com_chien,classification_pseudo_box_review,private_or_noncommercial_license:cc-by-nc-sa-4.0,VIETNAMESE_DISH_EXPANSION,vietnamese_permissive_source_needs_more_data
banh_tieu,hold_targeted_collection,False,,768,768,241,241,3,1,karos2504/100-vietnamese-food|meowluvmatcha/vnfood-30-100|nguyentrongdai/vietnamese-foods-dataset,karos2504/100-vietnamese-food,banh-tieu|banh_tieu,classification_pseudo_box_review,private_or_noncommercial_license:cc-by-nc-sa-4.0|source_decision:HOLD_LICENSE,VIETNAMESE_DISH_EXPANSION,vietnamese_permissive_source_needs_more_data
ca_ri_ga,hold_targeted_collection,False,,476,476,238,238,2,1,karos2504/100-vietnamese-food|meowluvmatcha/vnfood-30-100,karos2504/100-vietnamese-food,ca-ri-ga|ca_ri_ga,classification_pseudo_box_review,private_or_noncommercial_license:cc-by-nc-sa-4.0,VIETNAMESE_DISH_EXPANSION,vietnamese_permissive_source_needs_more_data
com_ga_xoi_mo,hold_targeted_collection,False,,472,472,236,236,2,1,karos2504/100-vietnamese-food|meowluvmatcha/vnfood-30-100,karos2504/100-vietnamese-food,com-ga-xoi-mo|com_ga_xoi_mo,classification_pseudo_box_review,private_or_noncommercial_license:cc-by-nc-sa-4.0,VIETNAMESE_DISH_EXPANSION,vietnamese_permissive_source_needs_more_data
cut_lon_xao_me,hold_targeted_collection,False,,472,472,236,236,2,1,karos2504/100-vietnamese-food|meowluvmatcha/vnfood-30-100,karos2504/100-vietnamese-food,cut-lon-xao-me|cut_lon_xao_me,classification_pseudo_box_review,private_or_noncommercial_license:cc-by-nc-sa-4.0,VIETNAMESE_DISH_EXPANSION,vietnamese_permissive_source_needs_more_data
cha_com,hold_targeted_collection,False,,470,470,235,235,2,1,karos2504/100-vietnamese-food|meowluvmatcha/vnfood-30-100,karos2504/100-vietnamese-food,cha-com|cha_com,classification_pseudo_box_review,private_or_noncommercial_license:cc-by-nc-sa-4.0,VIETNAMESE_DISH_EXPANSION,vietnamese_permissive_source_needs_more_data
rau_muong_xao,hold_targeted_collection,False,,466,466,233,233,2,1,karos2504/100-vietnamese-food|meowluvmatcha/vnfood-30-100,karos2504/100-vietnamese-food,rau-muong-xao|rau_muong_xao,classification_pseudo_box_review,private_or_noncommercial_license:cc-by-nc-sa-4.0,VIETNAMESE_DISH_EXPANSION,vietnamese_permissive_source_needs_more_data
tiet_canh,hold_targeted_collection,False,,462,462,231,231,2,1,karos2504/100-vietnamese-food|meowluvmatcha/vnfood-30-100,karos2504/100-vietnamese-food,tiet-canh|tiet_canh,classification_pseudo_box_review,private_or_noncommercial_license:cc-by-nc-sa-4.0,VIETNAMESE_DISH_EXPANSION,vietnamese_permissive_source_needs_more_data
cha_lui,hold_targeted_collection,False,,456,456,228,228,2,1,karos2504/100-vietnamese-food|meowluvmatcha/vnfood-30-100,karos2504/100-vietnamese-food,cha-lui|cha_lui,classification_pseudo_box_review,private_or_noncommercial_license:cc-by-nc-sa-4.0,VIETNAMESE_DISH_EXPANSION,vietnamese_permissive_source_needs_more_data
ga_chien_nuoc_mam,hold_targeted_collection,False,,450,450,225,225,2,1,karos2504/100-vietnamese-food|meowluvmatcha/vnfood-30-100,karos2504/100-vietnamese-food,ga-chien-nuoc-mam|ga_chien_nuoc_mam,classification_pseudo_box_review,private_or_noncommercial_license:cc-by-nc-sa-4.0,VIETNAMESE_DISH_EXPANSION,vietnamese_permissive_source_needs_more_data
com_chay_cha_bong,hold_targeted_collection,False,,446,446,223,223,2,1,karos2504/100-vietnamese-food|meowluvmatcha/vnfood-30-100,karos2504/100-vietnamese-food,com-chay-cha-bong|com_chay_cha_bong,classification_pseudo_box_review,private_or_noncommercial_license:cc-by-nc-sa-4.0,VIETNAMESE_DISH_EXPANSION,vietnamese_permissive_source_needs_more_data
canh_kho_hoa,hold_targeted_collection,False,,444,444,222,222,2,1,karos2504/100-vietnamese-food|meowluvmatcha/vnfood-30-100,karos2504/100-vietnamese-food,canh-kho-hoa|canh_kho_hoa,classification_pseudo_box_review,private_or_noncommercial_license:cc-by-nc-sa-4.0,VIETNAMESE_DISH_EXPANSION,vietnamese_permissive_source_needs_more_data
banh_trang_nuong,hold_targeted_collection,False,,2823,2823,219,219,4,1,karos2504/100-vietnamese-food|keno31/vietnaemese-food-dataset|meowluvmatcha/vnfood-30-100|quandang/vietnamese-foods,karos2504/100-vietnamese-food,Banh trang nuong|banh-trang-nuong|banh_trang_nuong,classification_pseudo_box_review,private_or_noncommercial_license:cc-by-nc-sa-4.0|source_decision:HOLD_DUPLICATE_CHECK|source_decision:HOLD_LICENSE,VIETNAMESE_DISH_EXPANSION,vietnamese_permissive_source_needs_more_data
banh_trung_thu,hold_targeted_collection,False,,683,683,218,218,3,1,karos2504/100-vietnamese-food|meowluvmatcha/vnfood-30-100|nguyentrongdai/vietnamese-foods-dataset,karos2504/100-vietnamese-food,banh-trung-thu|banh_trung_thu,classification_pseudo_box_review,private_or_noncommercial_license:cc-by-nc-sa-4.0|source_decision:HOLD_LICENSE,VIETNAMESE_DISH_EXPANSION,vietnamese_permissive_source_needs_more_data
com_rang_dua_bo,hold_targeted_collection,False,,436,436,218,218,2,1,karos2504/100-vietnamese-food|meowluvmatcha/vnfood-30-100,karos2504/100-vietnamese-food,com-rang-dua-bo|com_rang_dua_bo,classification_pseudo_box_review,private_or_noncommercial_license:cc-by-nc-sa-4.0,VIETNAMESE_DISH_EXPANSION,vietnamese_permissive_source_needs_more_data
banh_troi_nuoc,hold_targeted_collection,False,,434,434,217,217,2,1,karos2504/100-vietnamese-food|meowluvmatcha/vnfood-30-100,karos2504/100-vietnamese-food,banh-troi-nuoc|banh_troi_nuoc,classification_pseudo_box_review,private_or_noncommercial_license:cc-by-nc-sa-4.0,VIETNAMESE_DISH_EXPANSION,vietnamese_permissive_source_needs_more_data
muc_nhoi_thit,hold_targeted_collection,False,,434,434,217,217,2,1,karos2504/100-vietnamese-food|meowluvmatcha/vnfood-30-100,karos2504/100-vietnamese-food,muc-nhoi-thit|muc_nhoi_thit,classification_pseudo_box_review,private_or_noncommercial_license:cc-by-nc-sa-4.0,VIETNAMESE_DISH_EXPANSION,vietnamese_permissive_source_needs_more_data
banh_u,hold_targeted_collection,False,,428,428,214,214,2,1,karos2504/100-vietnamese-food|meowluvmatcha/vnfood-30-100,karos2504/100-vietnamese-food,banh-u|banh_u,classification_pseudo_box_review,private_or_noncommercial_license:cc-by-nc-sa-4.0,VIETNAMESE_DISH_EXPANSION,vietnamese_permissive_source_needs_more_data
xoi_gac,hold_targeted_collection,False,,426,426,213,213,2,1,karos2504/100-vietnamese-food|meowluvmatcha/vnfood-30-100,karos2504/100-vietnamese-food,xoi-gac|xoi_gac,classification_pseudo_box_review,private_or_noncommercial_license:cc-by-nc-sa-4.0,VIETNAMESE_DISH_EXPANSION,vietnamese_permissive_source_needs_more_data
ca_sot_ca_chua,hold_targeted_collection,False,,424,424,212,212,2,1,karos2504/100-vietnamese-food|meowluvmatcha/vnfood-30-100,karos2504/100-vietnamese-food,ca-sot-ca-chua|ca_sot_ca_chua,classification_pseudo_box_review,private_or_noncommercial_license:cc-by-nc-sa-4.0,VIETNAMESE_DISH_EXPANSION,vietnamese_permissive_source_needs_more_data
mi_xao_gion,hold_targeted_collection,False,,422,422,211,211,2,1,karos2504/100-vietnamese-food|meowluvmatcha/vnfood-30-100,karos2504/100-vietnamese-food,mi-xao-gion|mi_xao_gion,classification_pseudo_box_review,private_or_noncommercial_license:cc-by-nc-sa-4.0,VIETNAMESE_DISH_EXPANSION,vietnamese_permissive_source_needs_more_data
nem_nuong_nha_trang,hold_targeted_collection,False,,422,422,211,211,2,1,karos2504/100-vietnamese-food|meowluvmatcha/vnfood-30-100,karos2504/100-vietnamese-food,nem-nuong-nha-trang|nem_nuong_nha_trang,classification_pseudo_box_review,private_or_noncommercial_license:cc-by-nc-sa-4.0,VIETNAMESE_DISH_EXPANSION,vietnamese_permissive_source_needs_more_data
bo_ne,hold_targeted_collection,False,,420,420,210,210,2,1,karos2504/100-vietnamese-food|meowluvmatcha/vnfood-30-100,karos2504/100-vietnamese-food,bo-ne|bo_ne,classification_pseudo_box_review,private_or_noncommercial_license:cc-by-nc-sa-4.0,VIETNAMESE_DISH_EXPANSION,vietnamese_permissive_source_needs_more_data
mam_chung,hold_targeted_collection,False,,418,418,209,209,2,1,karos2504/100-vietnamese-food|meowluvmatcha/vnfood-30-100,karos2504/100-vietnamese-food,mam-chung|mam_chung,classification_pseudo_box_review,private_or_noncommercial_license:cc-by-nc-sa-4.0,VIETNAMESE_DISH_EXPANSION,vietnamese_permissive_source_needs_more_data
bo_nuong_la_lot,hold_targeted_collection,False,,414,414,207,207,2,1,karos2504/100-vietnamese-food|meowluvmatcha/vnfood-30-100,karos2504/100-vietnamese-food,bo-nuong-la-lot|bo_nuong_la_lot,classification_pseudo_box_review,private_or_noncommercial_license:cc-by-nc-sa-4.0,VIETNAMESE_DISH_EXPANSION,vietnamese_permissive_source_needs_more_data
ga_hap_la_chanh,hold_targeted_collection,False,,414,414,207,207,2,1,karos2504/100-vietnamese-food|meowluvmatcha/vnfood-30-100,karos2504/100-vietnamese-food,ga-hap-la-chanh|ga_hap_la_chanh,classification_pseudo_box_review,private_or_noncommercial_license:cc-by-nc-sa-4.0,VIETNAMESE_DISH_EXPANSION,vietnamese_permissive_source_needs_more_data
bo_luc_lac,hold_targeted_collection,False,,412,412,206,206,2,1,karos2504/100-vietnamese-food|meowluvmatcha/vnfood-30-100,karos2504/100-vietnamese-food,bo-luc-lac|bo_luc_lac,classification_pseudo_box_review,private_or_noncommercial_license:cc-by-nc-sa-4.0,VIETNAMESE_DISH_EXPANSION,vietnamese_permissive_source_needs_more_data
bun_dau_mam_tom,hold_targeted_collection,False,,3278,3726,205,205,6,1,karos2504/100-vietnamese-food|keno31/vietnaemese-food-dataset|kyoru4444/foodlensvn|meowluvmatcha/vnfood-30-100|phvngtngtm/foodlensvn|quandang/vietnamese-foods,karos2504/100-vietnamese-food,Bun dau mam tom|bun-dau-mam-tom|bun_dau_mam_tom,classification_pseudo_box_review,private_or_noncommercial_license:cc-by-nc-sa-4.0|source_decision:HOLD_DUPLICATE_CHECK|source_decision:HOLD_LICENSE|source_decision:HOLD_PROVENANCE_SAMPLE_ONLY,VIETNAMESE_DISH_EXPANSION,vietnamese_permissive_source_needs_more_data
kho_muc_nuong,hold_targeted_collection,False,,410,410,205,205,2,1,karos2504/100-vietnamese-food|meowluvmatcha/vnfood-30-100,karos2504/100-vietnamese-food,kho-muc-nuong|kho_muc_nuong,classification_pseudo_box_review,private_or_noncommercial_license:cc-by-nc-sa-4.0,VIETNAMESE_DISH_EXPANSION,vietnamese_permissive_source_needs_more_data
oc_len_xao_dua,hold_targeted_collection,False,,410,410,205,205,2,1,karos2504/100-vietnamese-food|meowluvmatcha/vnfood-30-100,karos2504/100-vietnamese-food,oc-len-xao-dua|oc_len_xao_dua,classification_pseudo_box_review,private_or_noncommercial_license:cc-by-nc-sa-4.0,VIETNAMESE_DISH_EXPANSION,vietnamese_permissive_source_needs_more_data
luon_xao_xa_ot,hold_targeted_collection,False,,408,408,204,204,2,1,karos2504/100-vietnamese-food|meowluvmatcha/vnfood-30-100,karos2504/100-vietnamese-food,luon-xao-xa-ot|luon_xao_xa_ot,classification_pseudo_box_review,private_or_noncommercial_license:cc-by-nc-sa-4.0,VIETNAMESE_DISH_EXPANSION,vietnamese_permissive_source_needs_more_data
ca_loc_nuong,hold_targeted_collection,False,,406,406,203,203,2,1,karos2504/100-vietnamese-food|meowluvmatcha/vnfood-30-100,karos2504/100-vietnamese-food,ca-loc-nuong|ca_loc_nuong,classification_pseudo_box_review,private_or_noncommercial_license:cc-by-nc-sa-4.0,VIETNAMESE_DISH_EXPANSION,vietnamese_permissive_source_needs_more_data
mam_tep_chung_thit,hold_targeted_collection,False,,406,406,203,203,2,1,karos2504/100-vietnamese-food|meowluvmatcha/vnfood-30-100,karos2504/100-vietnamese-food,mam-tep-chung-thit|mam_tep_chung_thit,classification_pseudo_box_review,private_or_noncommercial_license:cc-by-nc-sa-4.0,VIETNAMESE_DISH_EXPANSION,vietnamese_permissive_source_needs_more_data
banh_bao,hold_targeted_collection,False,,404,404,202,202,2,1,karos2504/100-vietnamese-food|meowluvmatcha/vnfood-30-100,karos2504/100-vietnamese-food,banh-bao|banh_bao,classification_pseudo_box_review,private_or_noncommercial_license:cc-by-nc-sa-4.0,VIETNAMESE_DISH_EXPANSION,vietnamese_permissive_source_needs_more_data
ca_muoi_xoi,hold_targeted_collection,False,,402,402,201,201,2,1,karos2504/100-vietnamese-food|meowluvmatcha/vnfood-30-100,karos2504/100-vietnamese-food,ca-muoi-xoi|ca_muoi_xoi,classification_pseudo_box_review,private_or_noncommercial_license:cc-by-nc-sa-4.0,VIETNAMESE_DISH_EXPANSION,vietnamese_permissive_source_needs_more_data
banh_giay,hold_targeted_collection,False,,398,398,199,199,2,1,karos2504/100-vietnamese-food|meowluvmatcha/vnfood-30-100,karos2504/100-vietnamese-food,banh-giay|banh_giay,classification_pseudo_box_review,private_or_noncommercial_license:cc-by-nc-sa-4.0,VIETNAMESE_DISH_EXPANSION,vietnamese_permissive_source_needs_more_data
kho_quet,hold_targeted_collection,False,,398,398,199,199,2,1,karos2504/100-vietnamese-food|meowluvmatcha/vnfood-30-100,karos2504/100-vietnamese-food,kho-quet|kho_quet,classification_pseudo_box_review,private_or_noncommercial_license:cc-by-nc-sa-4.0,VIETNAMESE_DISH_EXPANSION,vietnamese_permissive_source_needs_more_data
oc_buou_hap,hold_targeted_collection,False,,398,398,199,199,2,1,karos2504/100-vietnamese-food|meowluvmatcha/vnfood-30-100,karos2504/100-vietnamese-food,oc-buou-hap|oc_buou_hap,classification_pseudo_box_review,private_or_noncommercial_license:cc-by-nc-sa-4.0,VIETNAMESE_DISH_EXPANSION,vietnamese_permissive_source_needs_more_data
baba_nau_chuoi_dau,hold_targeted_collection,False,,396,396,198,198,2,1,karos2504/100-vietnamese-food|meowluvmatcha/vnfood-30-100,karos2504/100-vietnamese-food,baba-nau-chuoi-dau|baba_nau_chuoi_dau,classification_pseudo_box_review,private_or_noncommercial_license:cc-by-nc-sa-4.0,VIETNAMESE_DISH_EXPANSION,vietnamese_permissive_source_needs_more_data
chao_vit,hold_targeted_collection,False,,392,392,196,196,2,1,karos2504/100-vietnamese-food|meowluvmatcha/vnfood-30-100,karos2504/100-vietnamese-food,chao-vit|chao_vit,classification_pseudo_box_review,private_or_noncommercial_license:cc-by-nc-sa-4.0,VIETNAMESE_DISH_EXPANSION,vietnamese_permissive_source_needs_more_data
goi_ca_chich,hold_targeted_collection,False,,390,390,195,195,2,1,karos2504/100-vietnamese-food|meowluvmatcha/vnfood-30-100,karos2504/100-vietnamese-food,goi-ca-chich|goi_ca_chich,classification_pseudo_box_review,private_or_noncommercial_license:cc-by-nc-sa-4.0,VIETNAMESE_DISH_EXPANSION,vietnamese_permissive_source_needs_more_data
lap_xuong,hold_targeted_collection,False,,390,390,195,195,2,1,karos2504/100-vietnamese-food|meowluvmatcha/vnfood-30-100,karos2504/100-vietnamese-food,lap-xuong|lap_xuong,classification_pseudo_box_review,private_or_noncommercial_license:cc-by-nc-sa-4.0,VIETNAMESE_DISH_EXPANSION,vietnamese_permissive_source_needs_more_data
xoi_nep_than,hold_targeted_collection,False,,390,390,195,195,2,1,karos2504/100-vietnamese-food|meowluvmatcha/vnfood-30-100,karos2504/100-vietnamese-food,xoi-nep-than|xoi_nep_than,classification_pseudo_box_review,private_or_noncommercial_license:cc-by-nc-sa-4.0,VIETNAMESE_DISH_EXPANSION,vietnamese_permissive_source_needs_more_data
banh_pia,hold_targeted_collection,False,,2028,2028,193,193,5,1,karos2504/100-vietnamese-food|keno31/vietnaemese-food-dataset|lenguyentrung/vietnamese-food|meowluvmatcha/vnfood-30-100|quandang/vietnamese-foods,karos2504/100-vietnamese-food,Banh pia|banh-pia|banh_pia,classification_pseudo_box_review,private_or_noncommercial_license:cc-by-nc-sa-4.0|source_decision:HOLD_DUPLICATE_CHECK|source_decision:HOLD_LICENSE,VIETNAMESE_DISH_EXPANSION,vietnamese_permissive_source_needs_more_data
banh_gai,hold_targeted_collection,False,,386,386,193,193,2,1,karos2504/100-vietnamese-food|meowluvmatcha/vnfood-30-100,karos2504/100-vietnamese-food,banh-gai|banh_gai,classification_pseudo_box_review,private_or_noncommercial_license:cc-by-nc-sa-4.0,VIETNAMESE_DISH_EXPANSION,vietnamese_permissive_source_needs_more_data
trung_vit_lon,hold_targeted_collection,False,,386,386,193,193,2,1,karos2504/100-vietnamese-food|meowluvmatcha/vnfood-30-100,karos2504/100-vietnamese-food,trung-vit-lon|trung_vit_lon,classification_pseudo_box_review,private_or_noncommercial_license:cc-by-nc-sa-4.0,VIETNAMESE_DISH_EXPANSION,vietnamese_permissive_source_needs_more_data
bun_thit_nuong,hold_targeted_collection,False,,2761,3257,192,192,6,1,karos2504/100-vietnamese-food|keno31/vietnaemese-food-dataset|kyoru4444/foodlensvn|meowluvmatcha/vnfood-30-100|phvngtngtm/foodlensvn|quandang/vietnamese-foods,karos2504/100-vietnamese-food,Bun thit nuong|bun-thit-nuong|bun_thit_nuong,classification_pseudo_box_review,private_or_noncommercial_license:cc-by-nc-sa-4.0|source_decision:HOLD_DUPLICATE_CHECK|source_decision:HOLD_LICENSE|source_decision:HOLD_PROVENANCE_SAMPLE_ONLY,VIETNAMESE_DISH_EXPANSION,vietnamese_permissive_source_needs_more_data
banh_gio,hold_targeted_collection,False,,2303,2303,190,190,4,1,karos2504/100-vietnamese-food|keno31/vietnaemese-food-dataset|meowluvmatcha/vnfood-30-100|quandang/vietnamese-foods,karos2504/100-vietnamese-food,Banh gio|banh-gio|banh_gio,classification_pseudo_box_review,private_or_noncommercial_license:cc-by-nc-sa-4.0|source_decision:HOLD_DUPLICATE_CHECK|source_decision:HOLD_LICENSE,VIETNAMESE_DISH_EXPANSION,vietnamese_permissive_source_needs_more_data
banh_tom_ho_tay,hold_targeted_collection,False,,378,378,189,189,2,1,karos2504/100-vietnamese-food|meowluvmatcha/vnfood-30-100,karos2504/100-vietnamese-food,banh-tom-ho-tay|banh_tom_ho_tay,classification_pseudo_box_review,private_or_noncommercial_license:cc-by-nc-sa-4.0,VIETNAMESE_DISH_EXPANSION,vietnamese_permissive_source_needs_more_data
com_lam,hold_targeted_collection,False,,378,378,189,189,2,1,karos2504/100-vietnamese-food|meowluvmatcha/vnfood-30-100,karos2504/100-vietnamese-food,com-lam|com_lam,classification_pseudo_box_review,private_or_noncommercial_license:cc-by-nc-sa-4.0,VIETNAMESE_DISH_EXPANSION,vietnamese_permissive_source_needs_more_data
thit_dong,hold_targeted_collection,False,,374,374,187,187,2,1,karos2504/100-vietnamese-food|meowluvmatcha/vnfood-30-100,karos2504/100-vietnamese-food,thit-dong|thit_dong,classification_pseudo_box_review,private_or_noncommercial_license:cc-by-nc-sa-4.0,VIETNAMESE_DISH_EXPANSION,vietnamese_permissive_source_needs_more_data
luon_om_chuoi_dau,hold_targeted_collection,False,,366,366,183,183,2,1,karos2504/100-vietnamese-food|meowluvmatcha/vnfood-30-100,karos2504/100-vietnamese-food,luon-om-chuoi-dau|luon_om_chuoi_dau,classification_pseudo_box_review,private_or_noncommercial_license:cc-by-nc-sa-4.0,VIETNAMESE_DISH_EXPANSION,vietnamese_permissive_source_needs_more_data
banh_da_cua,hold_targeted_collection,False,,364,364,182,182,2,1,karos2504/100-vietnamese-food|meowluvmatcha/vnfood-30-100,karos2504/100-vietnamese-food,banh-da-cua|banh_da_cua,classification_pseudo_box_review,private_or_noncommercial_license:cc-by-nc-sa-4.0,VIETNAMESE_DISH_EXPANSION,vietnamese_permissive_source_needs_more_data
canh_bi_do,hold_targeted_collection,False,,362,362,181,181,2,1,karos2504/100-vietnamese-food|meowluvmatcha/vnfood-30-100,karos2504/100-vietnamese-food,canh-bi-do|canh_bi_do,classification_pseudo_box_review,private_or_noncommercial_license:cc-by-nc-sa-4.0,VIETNAMESE_DISH_EXPANSION,vietnamese_permissive_source_needs_more_data
waffles,hold_private_or_license,False,,2582,2700,0,0,3,0,kmader/food41|shanemarvinmay/food-image-dataset|youssefahmed003/junk-food-object-detection-dataset-yolo-format,,waffles,classification_pseudo_box_review,source_decision:HOLD_CLASSIFICATION_ONLY|source_decision:HOLD_DUPLICATE_ADAPTER_REQUIRED|source_decision:HOLD_OVERLAP_ONLY,,no_default_training_source
nachos,hold_private_or_license,False,,2500,2500,0,0,3,0,kmader/food41|shanemarvinmay/food-image-dataset|youssefahmed003/junk-food-object-detection-dataset-yolo-format,,Nachos|nachos,classification_pseudo_box_review,source_decision:HOLD_CLASSIFICATION_ONLY|source_decision:HOLD_DUPLICATE_ADAPTER_REQUIRED|source_decision:HOLD_OVERLAP_ONLY,,no_default_training_source
baby_back_ribs,hold_private_or_license,False,,2000,2000,0,0,2,0,kmader/food41|shanemarvinmay/food-image-dataset,,baby_back_ribs,classification_pseudo_box_review,source_decision:HOLD_CLASSIFICATION_ONLY|source_decision:HOLD_DUPLICATE_ADAPTER_REQUIRED,,no_default_training_source
baklava,hold_private_or_license,False,,2000,2000,0,0,2,0,kmader/food41|shanemarvinmay/food-image-dataset,,baklava,classification_pseudo_box_review,source_decision:HOLD_CLASSIFICATION_ONLY|source_decision:HOLD_DUPLICATE_ADAPTER_REQUIRED,,no_default_training_source
beef_carpaccio,hold_private_or_license,False,,2000,2000,0,0,2,0,kmader/food41|shanemarvinmay/food-image-dataset,,beef_carpaccio,classification_pseudo_box_review,source_decision:HOLD_CLASSIFICATION_ONLY|source_decision:HOLD_DUPLICATE_ADAPTER_REQUIRED,,no_default_training_source
beef_tartare,hold_private_or_license,False,,2000,2000,0,0,2,0,kmader/food41|shanemarvinmay/food-image-dataset,,beef_tartare,classification_pseudo_box_review,source_decision:HOLD_CLASSIFICATION_ONLY|source_decision:HOLD_DUPLICATE_ADAPTER_REQUIRED,,no_default_training_source
beet_salad,hold_private_or_license,False,,2000,2000,0,0,2,0,kmader/food41|shanemarvinmay/food-image-dataset,,beet_salad,classification_pseudo_box_review,source_decision:HOLD_CLASSIFICATION_ONLY|source_decision:HOLD_DUPLICATE_ADAPTER_REQUIRED,,no_default_training_source
beignets,hold_private_or_license,False,,2000,2000,0,0,2,0,kmader/food41|shanemarvinmay/food-image-dataset,,beignets,classification_pseudo_box_review,source_decision:HOLD_CLASSIFICATION_ONLY|source_decision:HOLD_DUPLICATE_ADAPTER_REQUIRED,,no_default_training_source
bibimbap,hold_private_or_license,False,,2000,2000,0,0,2,0,kmader/food41|shanemarvinmay/food-image-dataset,,bibimbap,classification_pseudo_box_review,source_decision:HOLD_CLASSIFICATION_ONLY|source_decision:HOLD_DUPLICATE_ADAPTER_REQUIRED,,no_default_training_source
bread_pudding,hold_private_or_license,False,,2000,2000,0,0,2,0,kmader/food41|shanemarvinmay/food-image-dataset,,bread_pudding,classification_pseudo_box_review,source_decision:HOLD_CLASSIFICATION_ONLY|source_decision:HOLD_DUPLICATE_ADAPTER_REQUIRED,,no_default_training_source
breakfast_burrito,hold_private_or_license,False,,2000,2000,0,0,2,0,kmader/food41|shanemarvinmay/food-image-dataset,,breakfast_burrito,classification_pseudo_box_review,source_decision:HOLD_CLASSIFICATION_ONLY|source_decision:HOLD_DUPLICATE_ADAPTER_REQUIRED,,no_default_training_source
bruschetta,hold_private_or_license,False,,2000,2000,0,0,2,0,kmader/food41|shanemarvinmay/food-image-dataset,,bruschetta,classification_pseudo_box_review,source_decision:HOLD_CLASSIFICATION_ONLY|source_decision:HOLD_DUPLICATE_ADAPTER_REQUIRED,,no_default_training_source
caesar_salad,hold_private_or_license,False,,2000,2000,0,0,2,0,kmader/food41|shanemarvinmay/food-image-dataset,,caesar_salad,classification_pseudo_box_review,source_decision:HOLD_CLASSIFICATION_ONLY|source_decision:HOLD_DUPLICATE_ADAPTER_REQUIRED,,no_default_training_source
cannoli,hold_private_or_license,False,,2000,2000,0,0,2,0,kmader/food41|shanemarvinmay/food-image-dataset,,cannoli,classification_pseudo_box_review,source_decision:HOLD_CLASSIFICATION_ONLY|source_decision:HOLD_DUPLICATE_ADAPTER_REQUIRED,,no_default_training_source
caprese_salad,hold_private_or_license,False,,2000,2000,0,0,2,0,kmader/food41|shanemarvinmay/food-image-dataset,,caprese_salad,classification_pseudo_box_review,source_decision:HOLD_CLASSIFICATION_ONLY|source_decision:HOLD_DUPLICATE_ADAPTER_REQUIRED,,no_default_training_source
ceviche,hold_private_or_license,False,,2000,2000,0,0,2,0,kmader/food41|shanemarvinmay/food-image-dataset,,ceviche,classification_pseudo_box_review,source_decision:HOLD_CLASSIFICATION_ONLY|source_decision:HOLD_DUPLICATE_ADAPTER_REQUIRED,,no_default_training_source
cheese_plate,hold_private_or_license,False,,2000,2000,0,0,2,0,kmader/food41|shanemarvinmay/food-image-dataset,,cheese_plate,classification_pseudo_box_review,source_decision:HOLD_CLASSIFICATION_ONLY|source_decision:HOLD_DUPLICATE_ADAPTER_REQUIRED,,no_default_training_source
chicken_curry,hold_private_or_license,False,,2000,2000,0,0,2,0,kmader/food41|shanemarvinmay/food-image-dataset,,chicken_curry,classification_pseudo_box_review,source_decision:HOLD_CLASSIFICATION_ONLY|source_decision:HOLD_DUPLICATE_ADAPTER_REQUIRED,,no_default_training_source
chicken_quesadilla,hold_private_or_license,False,,2000,2000,0,0,2,0,kmader/food41|shanemarvinmay/food-image-dataset,,chicken_quesadilla,classification_pseudo_box_review,source_decision:HOLD_CLASSIFICATION_ONLY|source_decision:HOLD_DUPLICATE_ADAPTER_REQUIRED,,no_default_training_source
chicken_wings,hold_private_or_license,False,,2000,2000,0,0,2,0,kmader/food41|shanemarvinmay/food-image-dataset,,chicken_wings,classification_pseudo_box_review,source_decision:HOLD_CLASSIFICATION_ONLY|source_decision:HOLD_DUPLICATE_ADAPTER_REQUIRED,,no_default_training_source
chocolate_cake,hold_private_or_license,False,,2000,2000,0,0,2,0,kmader/food41|shanemarvinmay/food-image-dataset,,chocolate_cake,classification_pseudo_box_review,source_decision:HOLD_CLASSIFICATION_ONLY|source_decision:HOLD_DUPLICATE_ADAPTER_REQUIRED,,no_default_training_source
churros,hold_private_or_license,False,,2000,2000,0,0,2,0,kmader/food41|shanemarvinmay/food-image-dataset,,churros,classification_pseudo_box_review,source_decision:HOLD_CLASSIFICATION_ONLY|source_decision:HOLD_DUPLICATE_ADAPTER_REQUIRED,,no_default_training_source
clam_chowder,hold_private_or_license,False,,2000,2000,0,0,2,0,kmader/food41|shanemarvinmay/food-image-dataset,,clam_chowder,classification_pseudo_box_review,source_decision:HOLD_CLASSIFICATION_ONLY|source_decision:HOLD_DUPLICATE_ADAPTER_REQUIRED,,no_default_training_source
club_sandwich,hold_private_or_license,False,,2000,2000,0,0,2,0,kmader/food41|shanemarvinmay/food-image-dataset,,club_sandwich,classification_pseudo_box_review,source_decision:HOLD_CLASSIFICATION_ONLY|source_decision:HOLD_DUPLICATE_ADAPTER_REQUIRED,,no_default_training_source
crab_cakes,hold_private_or_license,False,,2000,2000,0,0,2,0,kmader/food41|shanemarvinmay/food-image-dataset,,crab_cakes,classification_pseudo_box_review,source_decision:HOLD_CLASSIFICATION_ONLY|source_decision:HOLD_DUPLICATE_ADAPTER_REQUIRED,,no_default_training_source
creme_brulee,hold_private_or_license,False,,2000,2000,0,0,2,0,kmader/food41|shanemarvinmay/food-image-dataset,,creme_brulee,classification_pseudo_box_review,source_decision:HOLD_CLASSIFICATION_ONLY|source_decision:HOLD_DUPLICATE_ADAPTER_REQUIRED,,no_default_training_source
croque_madame,hold_private_or_license,False,,2000,2000,0,0,2,0,kmader/food41|shanemarvinmay/food-image-dataset,,croque_madame,classification_pseudo_box_review,source_decision:HOLD_CLASSIFICATION_ONLY|source_decision:HOLD_DUPLICATE_ADAPTER_REQUIRED,,no_default_training_source
cup_cakes,hold_private_or_license,False,,2000,2000,0,0,2,0,kmader/food41|shanemarvinmay/food-image-dataset,,cup_cakes,classification_pseudo_box_review,source_decision:HOLD_CLASSIFICATION_ONLY|source_decision:HOLD_DUPLICATE_ADAPTER_REQUIRED,,no_default_training_source
deviled_eggs,hold_private_or_license,False,,2000,2000,0,0,2,0,kmader/food41|shanemarvinmay/food-image-dataset,,deviled_eggs,classification_pseudo_box_review,source_decision:HOLD_CLASSIFICATION_ONLY|source_decision:HOLD_DUPLICATE_ADAPTER_REQUIRED,,no_default_training_source
donuts,hold_private_or_license,False,,2000,2000,0,0,2,0,kmader/food41|shanemarvinmay/food-image-dataset,,donuts,classification_pseudo_box_review,source_decision:HOLD_CLASSIFICATION_ONLY|source_decision:HOLD_DUPLICATE_ADAPTER_REQUIRED,,no_default_training_source
edamame,hold_private_or_license,False,,2000,2000,0,0,2,0,kmader/food41|shanemarvinmay/food-image-dataset,,edamame,classification_pseudo_box_review,source_decision:HOLD_CLASSIFICATION_ONLY|source_decision:HOLD_DUPLICATE_ADAPTER_REQUIRED,,no_default_training_source
eggs_benedict,hold_private_or_license,False,,2000,2000,0,0,2,0,kmader/food41|shanemarvinmay/food-image-dataset,,eggs_benedict,classification_pseudo_box_review,source_decision:HOLD_CLASSIFICATION_ONLY|source_decision:HOLD_DUPLICATE_ADAPTER_REQUIRED,,no_default_training_source
escargots,hold_private_or_license,False,,2000,2000,0,0,2,0,kmader/food41|shanemarvinmay/food-image-dataset,,escargots,classification_pseudo_box_review,source_decision:HOLD_CLASSIFICATION_ONLY|source_decision:HOLD_DUPLICATE_ADAPTER_REQUIRED,,no_default_training_source
falafel,hold_private_or_license,False,,2000,2000,0,0,2,0,kmader/food41|shanemarvinmay/food-image-dataset,,falafel,classification_pseudo_box_review,source_decision:HOLD_CLASSIFICATION_ONLY|source_decision:HOLD_DUPLICATE_ADAPTER_REQUIRED,,no_default_training_source
filet_mignon,hold_private_or_license,False,,2000,2000,0,0,2,0,kmader/food41|shanemarvinmay/food-image-dataset,,filet_mignon,classification_pseudo_box_review,source_decision:HOLD_CLASSIFICATION_ONLY|source_decision:HOLD_DUPLICATE_ADAPTER_REQUIRED,,no_default_training_source
fish_and_chips,hold_private_or_license,False,,2000,2000,0,0,2,0,kmader/food41|shanemarvinmay/food-image-dataset,,fish_and_chips,classification_pseudo_box_review,source_decision:HOLD_CLASSIFICATION_ONLY|source_decision:HOLD_DUPLICATE_ADAPTER_REQUIRED,,no_default_training_source
foie_gras,hold_private_or_license,False,,2000,2000,0,0,2,0,kmader/food41|shanemarvinmay/food-image-dataset,,foie_gras,classification_pseudo_box_review,source_decision:HOLD_CLASSIFICATION_ONLY|source_decision:HOLD_DUPLICATE_ADAPTER_REQUIRED,,no_default_training_source
french_onion_soup,hold_private_or_license,False,,2000,2000,0,0,2,0,kmader/food41|shanemarvinmay/food-image-dataset,,french_onion_soup,classification_pseudo_box_review,source_decision:HOLD_CLASSIFICATION_ONLY|source_decision:HOLD_DUPLICATE_ADAPTER_REQUIRED,,no_default_training_source
french_toast,hold_private_or_license,False,,2000,2000,0,0,2,0,kmader/food41|shanemarvinmay/food-image-dataset,,french_toast,classification_pseudo_box_review,source_decision:HOLD_CLASSIFICATION_ONLY|source_decision:HOLD_DUPLICATE_ADAPTER_REQUIRED,,no_default_training_source
fried_calamari,hold_private_or_license,False,,2000,2000,0,0,2,0,kmader/food41|shanemarvinmay/food-image-dataset,,fried_calamari,classification_pseudo_box_review,source_decision:HOLD_CLASSIFICATION_ONLY|source_decision:HOLD_DUPLICATE_ADAPTER_REQUIRED,,no_default_training_source
frozen_yogurt,hold_private_or_license,False,,2000,2000,0,0,2,0,kmader/food41|shanemarvinmay/food-image-dataset,,frozen_yogurt,classification_pseudo_box_review,source_decision:HOLD_CLASSIFICATION_ONLY|source_decision:HOLD_DUPLICATE_ADAPTER_REQUIRED,,no_default_training_source
garlic_bread,hold_private_or_license,False,,2000,2000,0,0,2,0,kmader/food41|shanemarvinmay/food-image-dataset,,garlic_bread,classification_pseudo_box_review,source_decision:HOLD_CLASSIFICATION_ONLY|source_decision:HOLD_DUPLICATE_ADAPTER_REQUIRED,,no_default_training_source
gnocchi,hold_private_or_license,False,,2000,2000,0,0,2,0,kmader/food41|shanemarvinmay/food-image-dataset,,gnocchi,classification_pseudo_box_review,source_decision:HOLD_CLASSIFICATION_ONLY|source_decision:HOLD_DUPLICATE_ADAPTER_REQUIRED,,no_default_training_source
grilled_cheese_sandwich,hold_private_or_license,False,,2000,2000,0,0,2,0,kmader/food41|shanemarvinmay/food-image-dataset,,grilled_cheese_sandwich,classification_pseudo_box_review,source_decision:HOLD_CLASSIFICATION_ONLY|source_decision:HOLD_DUPLICATE_ADAPTER_REQUIRED,,no_default_training_source
grilled_salmon,hold_private_or_license,False,,2000,2000,0,0,2,0,kmader/food41|shanemarvinmay/food-image-dataset,,grilled_salmon,classification_pseudo_box_review,source_decision:HOLD_CLASSIFICATION_ONLY|source_decision:HOLD_DUPLICATE_ADAPTER_REQUIRED,,no_default_training_source
gyoza,hold_private_or_license,False,,2000,2000,0,0,2,0,kmader/food41|shanemarvinmay/food-image-dataset,,gyoza,classification_pseudo_box_review,source_decision:HOLD_CLASSIFICATION_ONLY|source_decision:HOLD_DUPLICATE_ADAPTER_REQUIRED,,no_default_training_source
hot_and_sour_soup,hold_private_or_license,False,,2000,2000,0,0,2,0,kmader/food41|shanemarvinmay/food-image-dataset,,hot_and_sour_soup,classification_pseudo_box_review,source_decision:HOLD_CLASSIFICATION_ONLY|source_decision:HOLD_DUPLICATE_ADAPTER_REQUIRED,,no_default_training_source
hot_dog,hold_private_or_license,False,,2000,2000,0,0,2,0,kmader/food41|shanemarvinmay/food-image-dataset,,hot_dog,classification_pseudo_box_review,source_decision:HOLD_CLASSIFICATION_ONLY|source_decision:HOLD_DUPLICATE_ADAPTER_REQUIRED,,no_default_training_source
huevos_rancheros,hold_private_or_license,False,,2000,2000,0,0,2,0,kmader/food41|shanemarvinmay/food-image-dataset,,huevos_rancheros,classification_pseudo_box_review,source_decision:HOLD_CLASSIFICATION_ONLY|source_decision:HOLD_DUPLICATE_ADAPTER_REQUIRED,,no_default_training_source
lasagna,hold_private_or_license,False,,2000,2000,0,0,2,0,kmader/food41|shanemarvinmay/food-image-dataset,,lasagna,classification_pseudo_box_review,source_decision:HOLD_CLASSIFICATION_ONLY|source_decision:HOLD_DUPLICATE_ADAPTER_REQUIRED,,no_default_training_source
lobster_bisque,hold_private_or_license,False,,2000,2000,0,0,2,0,kmader/food41|shanemarvinmay/food-image-dataset,,lobster_bisque,classification_pseudo_box_review,source_decision:HOLD_CLASSIFICATION_ONLY|source_decision:HOLD_DUPLICATE_ADAPTER_REQUIRED,,no_default_training_source
lobster_roll_sandwich,hold_private_or_license,False,,2000,2000,0,0,2,0,kmader/food41|shanemarvinmay/food-image-dataset,,lobster_roll_sandwich,classification_pseudo_box_review,source_decision:HOLD_CLASSIFICATION_ONLY|source_decision:HOLD_DUPLICATE_ADAPTER_REQUIRED,,no_default_training_source
macaroni_and_cheese,hold_private_or_license,False,,2000,2000,0,0,2,0,kmader/food41|shanemarvinmay/food-image-dataset,,macaroni_and_cheese,classification_pseudo_box_review,source_decision:HOLD_CLASSIFICATION_ONLY|source_decision:HOLD_DUPLICATE_ADAPTER_REQUIRED,,no_default_training_source
macarons,hold_private_or_license,False,,2000,2000,0,0,2,0,kmader/food41|shanemarvinmay/food-image-dataset,,macarons,classification_pseudo_box_review,source_decision:HOLD_CLASSIFICATION_ONLY|source_decision:HOLD_DUPLICATE_ADAPTER_REQUIRED,,no_default_training_source
miso_soup,hold_private_or_license,False,,2000,2000,0,0,2,0,kmader/food41|shanemarvinmay/food-image-dataset,,miso_soup,classification_pseudo_box_review,source_decision:HOLD_CLASSIFICATION_ONLY|source_decision:HOLD_DUPLICATE_ADAPTER_REQUIRED,,no_default_training_source
mussels,hold_private_or_license,False,,2000,2000,0,0,2,0,kmader/food41|shanemarvinmay/food-image-dataset,,mussels,classification_pseudo_box_review,source_decision:HOLD_CLASSIFICATION_ONLY|source_decision:HOLD_DUPLICATE_ADAPTER_REQUIRED,,no_default_training_source
omelette,hold_private_or_license,False,,2000,2000,0,0,2,0,kmader/food41|shanemarvinmay/food-image-dataset,,omelette,classification_pseudo_box_review,source_decision:HOLD_CLASSIFICATION_ONLY|source_decision:HOLD_DUPLICATE_ADAPTER_REQUIRED,,no_default_training_source
onion_rings,hold_private_or_license,False,,2000,2000,0,0,2,0,kmader/food41|shanemarvinmay/food-image-dataset,,onion_rings,classification_pseudo_box_review,source_decision:HOLD_CLASSIFICATION_ONLY|source_decision:HOLD_DUPLICATE_ADAPTER_REQUIRED,,no_default_training_source
oysters,hold_private_or_license,False,,2000,2000,0,0,2,0,kmader/food41|shanemarvinmay/food-image-dataset,,oysters,classification_pseudo_box_review,source_decision:HOLD_CLASSIFICATION_ONLY|source_decision:HOLD_DUPLICATE_ADAPTER_REQUIRED,,no_default_training_source
pad_thai,hold_private_or_license,False,,2000,2000,0,0,2,0,kmader/food41|shanemarvinmay/food-image-dataset,,pad_thai,classification_pseudo_box_review,source_decision:HOLD_CLASSIFICATION_ONLY|source_decision:HOLD_DUPLICATE_ADAPTER_REQUIRED,,no_default_training_source
paella,hold_private_or_license,False,,2000,2000,0,0,2,0,kmader/food41|shanemarvinmay/food-image-dataset,,paella,classification_pseudo_box_review,source_decision:HOLD_CLASSIFICATION_ONLY|source_decision:HOLD_DUPLICATE_ADAPTER_REQUIRED,,no_default_training_source
peking_duck,hold_private_or_license,False,,2000,2000,0,0,2,0,kmader/food41|shanemarvinmay/food-image-dataset,,peking_duck,classification_pseudo_box_review,source_decision:HOLD_CLASSIFICATION_ONLY|source_decision:HOLD_DUPLICATE_ADAPTER_REQUIRED,,no_default_training_source
poutine,hold_private_or_license,False,,2000,2000,0,0,2,0,kmader/food41|shanemarvinmay/food-image-dataset,,poutine,classification_pseudo_box_review,source_decision:HOLD_CLASSIFICATION_ONLY|source_decision:HOLD_DUPLICATE_ADAPTER_REQUIRED,,no_default_training_source
prime_rib,hold_private_or_license,False,,2000,2000,0,0,2,0,kmader/food41|shanemarvinmay/food-image-dataset,,prime_rib,classification_pseudo_box_review,source_decision:HOLD_CLASSIFICATION_ONLY|source_decision:HOLD_DUPLICATE_ADAPTER_REQUIRED,,no_default_training_source
pulled_pork_sandwich,hold_private_or_license,False,,2000,2000,0,0,2,0,kmader/food41|shanemarvinmay/food-image-dataset,,pulled_pork_sandwich,classification_pseudo_box_review,source_decision:HOLD_CLASSIFICATION_ONLY|source_decision:HOLD_DUPLICATE_ADAPTER_REQUIRED,,no_default_training_source
ramen,hold_private_or_license,False,,2000,2000,0,0,2,0,kmader/food41|shanemarvinmay/food-image-dataset,,ramen,classification_pseudo_box_review,source_decision:HOLD_CLASSIFICATION_ONLY|source_decision:HOLD_DUPLICATE_ADAPTER_REQUIRED,,no_default_training_source
ravioli,hold_private_or_license,False,,2000,2000,0,0,2,0,kmader/food41|shanemarvinmay/food-image-dataset,,ravioli,classification_pseudo_box_review,source_decision:HOLD_CLASSIFICATION_ONLY|source_decision:HOLD_DUPLICATE_ADAPTER_REQUIRED,,no_default_training_source
red_velvet_cake,hold_private_or_license,False,,2000,2000,0,0,2,0,kmader/food41|shanemarvinmay/food-image-dataset,,red_velvet_cake,classification_pseudo_box_review,source_decision:HOLD_CLASSIFICATION_ONLY|source_decision:HOLD_DUPLICATE_ADAPTER_REQUIRED,,no_default_training_source
risotto,hold_private_or_license,False,,2000,2000,0,0,2,0,kmader/food41|shanemarvinmay/food-image-dataset,,risotto,classification_pseudo_box_review,source_decision:HOLD_CLASSIFICATION_ONLY|source_decision:HOLD_DUPLICATE_ADAPTER_REQUIRED,,no_default_training_source
samosa,hold_private_or_license,False,,2000,2000,0,0,2,0,kmader/food41|shanemarvinmay/food-image-dataset,,samosa,classification_pseudo_box_review,source_decision:HOLD_CLASSIFICATION_ONLY|source_decision:HOLD_DUPLICATE_ADAPTER_REQUIRED,,no_default_training_source
sashimi,hold_private_or_license,False,,2000,2000,0,0,2,0,kmader/food41|shanemarvinmay/food-image-dataset,,sashimi,classification_pseudo_box_review,source_decision:HOLD_CLASSIFICATION_ONLY|source_decision:HOLD_DUPLICATE_ADAPTER_REQUIRED,,no_default_training_source
scallops,hold_private_or_license,False,,2000,2000,0,0,2,0,kmader/food41|shanemarvinmay/food-image-dataset,,scallops,classification_pseudo_box_review,source_decision:HOLD_CLASSIFICATION_ONLY|source_decision:HOLD_DUPLICATE_ADAPTER_REQUIRED,,no_default_training_source
seaweed_salad,hold_private_or_license,False,,2000,2000,0,0,2,0,kmader/food41|shanemarvinmay/food-image-dataset,,seaweed_salad,classification_pseudo_box_review,source_decision:HOLD_CLASSIFICATION_ONLY|source_decision:HOLD_DUPLICATE_ADAPTER_REQUIRED,,no_default_training_source
shrimp_and_grits,hold_private_or_license,False,,2000,2000,0,0,2,0,kmader/food41|shanemarvinmay/food-image-dataset,,shrimp_and_grits,classification_pseudo_box_review,source_decision:HOLD_CLASSIFICATION_ONLY|source_decision:HOLD_DUPLICATE_ADAPTER_REQUIRED,,no_default_training_source
spaghetti_bolognese,hold_private_or_license,False,,2000,2000,0,0,2,0,kmader/food41|shanemarvinmay/food-image-dataset,,spaghetti_bolognese,classification_pseudo_box_review,source_decision:HOLD_CLASSIFICATION_ONLY|source_decision:HOLD_DUPLICATE_ADAPTER_REQUIRED,,no_default_training_source
spaghetti_carbonara,hold_private_or_license,False,,2000,2000,0,0,2,0,kmader/food41|shanemarvinmay/food-image-dataset,,spaghetti_carbonara,classification_pseudo_box_review,source_decision:HOLD_CLASSIFICATION_ONLY|source_decision:HOLD_DUPLICATE_ADAPTER_REQUIRED,,no_default_training_source
strawberry_shortcake,hold_private_or_license,False,,2000,2000,0,0,2,0,kmader/food41|shanemarvinmay/food-image-dataset,,strawberry_shortcake,classification_pseudo_box_review,source_decision:HOLD_CLASSIFICATION_ONLY|source_decision:HOLD_DUPLICATE_ADAPTER_REQUIRED,,no_default_training_source
tacos,hold_private_or_license,False,,2000,2000,0,0,2,0,kmader/food41|shanemarvinmay/food-image-dataset,,tacos,classification_pseudo_box_review,source_decision:HOLD_CLASSIFICATION_ONLY|source_decision:HOLD_DUPLICATE_ADAPTER_REQUIRED,,no_default_training_source
takoyaki,hold_private_or_license,False,,2000,2000,0,0,2,0,kmader/food41|shanemarvinmay/food-image-dataset,,takoyaki,classification_pseudo_box_review,source_decision:HOLD_CLASSIFICATION_ONLY|source_decision:HOLD_DUPLICATE_ADAPTER_REQUIRED,,no_default_training_source
tuna_tartare,hold_private_or_license,False,,2000,2000,0,0,2,0,kmader/food41|shanemarvinmay/food-image-dataset,,tuna_tartare,classification_pseudo_box_review,source_decision:HOLD_CLASSIFICATION_ONLY|source_decision:HOLD_DUPLICATE_ADAPTER_REQUIRED,,no_default_training_source
banh_hoi,hold_private_or_license,False,,1517,1517,0,0,1,0,meowluvmatcha/vnfood-30-100,,banh-hoi,classification_pseudo_box_review,private_or_noncommercial_license:cc-by-nc-sa-4.0,,no_default_training_source
banh_mi_chao,hold_private_or_license,False,,723,723,0,0,1,0,meowluvmatcha/vnfood-30-100,,banh-mi-chao,classification_pseudo_box_review,private_or_noncommercial_license:cc-by-nc-sa-4.0,,no_default_training_source
crispychicken,hold_private_or_license,False,,597,1080,0,0,1,0,youssefahmed003/junk-food-object-detection-dataset-yolo-format,,crispychicken,yolo_detection,source_decision:HOLD_OVERLAP_ONLY,,no_default_training_source
sandwich,hold_private_or_license,False,,564,736,0,0,1,0,youssefahmed003/junk-food-object-detection-dataset-yolo-format,,sandwich,yolo_detection,source_decision:HOLD_OVERLAP_ONLY,,no_default_training_source
tv,hold_private_or_license,False,,508,730,0,0,1,0,youssefahmed003/junk-food-object-detection-dataset-yolo-format,,tv,yolo_detection,source_decision:HOLD_OVERLAP_ONLY,,no_default_training_source
mac_and_cheese,hold_private_or_license,False,,505,528,0,0,1,0,youssefahmed003/junk-food-object-detection-dataset-yolo-format,,Mac and Cheese,yolo_detection,source_decision:HOLD_OVERLAP_ONLY,,no_default_training_source
car,hold_private_or_license,False,,504,707,0,0,1,0,youssefahmed003/junk-food-object-detection-dataset-yolo-format,,car,yolo_detection,source_decision:HOLD_OVERLAP_ONLY,,no_default_training_source
french_fry,hold_private_or_license,False,,500,507,0,0,1,0,youssefahmed003/junk-food-object-detection-dataset-yolo-format,,French_Fry,yolo_detection,source_decision:HOLD_OVERLAP_ONLY,,no_default_training_source
kabab,hold_private_or_license,False,,500,1391,0,0,1,0,youssefahmed003/junk-food-object-detection-dataset-yolo-format,,Kabab,yolo_detection,source_decision:HOLD_OVERLAP_ONLY,,no_default_training_source
cat,hold_private_or_license,False,,494,1084,0,0,1,0,youssefahmed003/junk-food-object-detection-dataset-yolo-format,,cat,yolo_detection,source_decision:HOLD_OVERLAP_ONLY,,no_default_training_source
dog,hold_private_or_license,False,,474,475,0,0,1,0,youssefahmed003/junk-food-object-detection-dataset-yolo-format,,dog,yolo_detection,source_decision:HOLD_OVERLAP_ONLY,,no_default_training_source
gulai_tunjang,hold_private_or_license,False,,119,119,0,0,1,0,faldoae/padangfood,,gulai_tunjang,classification_pseudo_box_review,source_decision:HOLD_OVERLAP_ONLY,,no_default_training_source
telur_dadar,hold_private_or_license,False,,116,116,0,0,1,0,faldoae/padangfood,,telur_dadar,classification_pseudo_box_review,source_decision:HOLD_OVERLAP_ONLY,,no_default_training_source
ayam_pop,hold_private_or_license,False,,113,113,0,0,1,0,faldoae/padangfood,,ayam_pop,classification_pseudo_box_review,source_decision:HOLD_OVERLAP_ONLY,,no_default_training_source
gulai_ikan,hold_private_or_license,False,,111,111,0,0,1,0,faldoae/padangfood,,gulai_ikan,classification_pseudo_box_review,source_decision:HOLD_OVERLAP_ONLY,,no_default_training_source
telur_balado,hold_private_or_license,False,,111,111,0,0,1,0,faldoae/padangfood,,telur_balado,classification_pseudo_box_review,source_decision:HOLD_OVERLAP_ONLY,,no_default_training_source
dendeng_batokok,hold_private_or_license,False,,109,109,0,0,1,0,faldoae/padangfood,,dendeng_batokok,classification_pseudo_box_review,source_decision:HOLD_OVERLAP_ONLY,,no_default_training_source
ayam_goreng,hold_private_or_license,False,,107,107,0,0,1,0,faldoae/padangfood,,ayam_goreng,classification_pseudo_box_review,source_decision:HOLD_OVERLAP_ONLY,,no_default_training_source
daging_rendang,hold_private_or_license,False,,104,104,0,0,1,0,faldoae/padangfood,,daging_rendang,classification_pseudo_box_review,source_decision:HOLD_OVERLAP_ONLY,,no_default_training_source
gulai_tambusu,hold_private_or_license,False,,103,103,0,0,1,0,faldoae/padangfood,,gulai_tambusu,classification_pseudo_box_review,source_decision:HOLD_OVERLAP_ONLY,,no_default_training_source
biryani,hold_private_or_license,False,,2,2,0,0,1,0,youssefahmed003/junk-food-object-detection-dataset-yolo-format,,biryani,yolo_detection,source_decision:HOLD_OVERLAP_ONLY,,no_default_training_source
3,reject,False,,4947,4947,4832,4832,2,1,shanemarvinmay/food-image-dataset|warcoder/fruit-recognition-and-calories-estimation,warcoder/fruit-recognition-and-calories-estimation,3,classification_pseudo_box_review,source_decision:HOLD_DUPLICATE_ADAPTER_REQUIRED,,numeric_or_placeholder_label
2,reject,False,,4890,4890,4760,4760,2,1,shanemarvinmay/food-image-dataset|warcoder/fruit-recognition-and-calories-estimation,warcoder/fruit-recognition-and-calories-estimation,2,classification_pseudo_box_review,source_decision:HOLD_DUPLICATE_ADAPTER_REQUIRED,,numeric_or_placeholder_label
1,reject,False,,4977,4977,4357,4357,2,1,shanemarvinmay/food-image-dataset|warcoder/fruit-recognition-and-calories-estimation,warcoder/fruit-recognition-and-calories-estimation,1,classification_pseudo_box_review,source_decision:HOLD_DUPLICATE_ADAPTER_REQUIRED,,numeric_or_placeholder_label
4,reject,False,,4201,4201,4080,4080,2,1,shanemarvinmay/food-image-dataset|warcoder/fruit-recognition-and-calories-estimation,warcoder/fruit-recognition-and-calories-estimation,4,classification_pseudo_box_review,source_decision:HOLD_DUPLICATE_ADAPTER_REQUIRED,,numeric_or_placeholder_label
6,reject,False,,1296,1296,1050,1050,2,1,shanemarvinmay/food-image-dataset|warcoder/fruit-recognition-and-calories-estimation,warcoder/fruit-recognition-and-calories-estimation,6,classification_pseudo_box_review,source_decision:HOLD_DUPLICATE_ADAPTER_REQUIRED,,numeric_or_placeholder_label
8,reject,False,,1150,1150,1050,1050,2,1,shanemarvinmay/food-image-dataset|warcoder/fruit-recognition-and-calories-estimation,warcoder/fruit-recognition-and-calories-estimation,8,classification_pseudo_box_review,source_decision:HOLD_DUPLICATE_ADAPTER_REQUIRED,,numeric_or_placeholder_label
cheese,reject,False,,1326,1354,663,677,2,1,awsaf49/food-recognition-2022-dataset|sainikhileshreddy/food-recognition-2022,awsaf49/food-recognition-2022-dataset,cheese,annotation_category_review,source_decision:HOLD_LICENSE_OR_DUPLICATE,,base_reject_alias
7,reject,False,,663,663,510,510,2,1,shanemarvinmay/food-image-dataset|warcoder/fruit-recognition-and-calories-estimation,warcoder/fruit-recognition-and-calories-estimation,7,classification_pseudo_box_review,source_decision:HOLD_DUPLICATE_ADAPTER_REQUIRED,,numeric_or_placeholder_label
5,reject,False,,633,633,483,483,2,1,shanemarvinmay/food-image-dataset|warcoder/fruit-recognition-and-calories-estimation,warcoder/fruit-recognition-and-calories-estimation,5,classification_pseudo_box_review,source_decision:HOLD_DUPLICATE_ADAPTER_REQUIRED,,numeric_or_placeholder_label
hummus,reject,False,,2516,2544,258,272,4,1,awsaf49/food-recognition-2022-dataset|kmader/food41|sainikhileshreddy/food-recognition-2022|shanemarvinmay/food-image-dataset,awsaf49/food-recognition-2022-dataset,hummus,classification_pseudo_box_review,source_decision:HOLD_CLASSIFICATION_ONLY|source_decision:HOLD_DUPLICATE_ADAPTER_REQUIRED|source_decision:HOLD_LICENSE_OR_DUPLICATE,,too_few_eligible_images
french_fries,reject,False,,2244,2244,244,244,3,1,fontainenathan/foodseg103|kmader/food41|shanemarvinmay/food-image-dataset,fontainenathan/foodseg103,french fries|french_fries,classification_pseudo_box_review,source_decision:HOLD_CLASSIFICATION_ONLY|source_decision:HOLD_DUPLICATE_ADAPTER_REQUIRED,,too_few_eligible_images
nem_chua,reject,False,,1984,1984,179,179,4,1,karos2504/100-vietnamese-food|keno31/vietnaemese-food-dataset|meowluvmatcha/vnfood-30-100|quandang/vietnamese-foods,karos2504/100-vietnamese-food,Nem chua|nem-chua|nem_chua,classification_pseudo_box_review,private_or_noncommercial_license:cc-by-nc-sa-4.0|source_decision:HOLD_DUPLICATE_CHECK|source_decision:HOLD_LICENSE,VIETNAMESE_DISH_EXPANSION,too_few_eligible_images
canh_cua,reject,False,,358,358,179,179,2,1,karos2504/100-vietnamese-food|meowluvmatcha/vnfood-30-100,karos2504/100-vietnamese-food,canh-cua|canh_cua,classification_pseudo_box_review,private_or_noncommercial_license:cc-by-nc-sa-4.0,VIETNAMESE_DISH_EXPANSION,too_few_eligible_images
tau_hu_nhoi_thit,reject,False,,356,356,178,178,2,1,karos2504/100-vietnamese-food|meowluvmatcha/vnfood-30-100,karos2504/100-vietnamese-food,tau-hu-nhoi-thit|tau_hu_nhoi_thit,classification_pseudo_box_review,private_or_noncommercial_license:cc-by-nc-sa-4.0,VIETNAMESE_DISH_EXPANSION,too_few_eligible_images
tau_hu_non,reject,False,,356,356,178,178,2,1,karos2504/100-vietnamese-food|meowluvmatcha/vnfood-30-100,karos2504/100-vietnamese-food,tau-hu-non|tau_hu_non,classification_pseudo_box_review,private_or_noncommercial_license:cc-by-nc-sa-4.0,VIETNAMESE_DISH_EXPANSION,too_few_eligible_images
banh_la,reject,False,,350,350,175,175,2,1,karos2504/100-vietnamese-food|meowluvmatcha/vnfood-30-100,karos2504/100-vietnamese-food,banh-la|banh_la,classification_pseudo_box_review,private_or_noncommercial_license:cc-by-nc-sa-4.0,VIETNAMESE_DISH_EXPANSION,too_few_eligible_images
thit_trau_gac_bep,reject,False,,350,350,175,175,2,1,karos2504/100-vietnamese-food|meowluvmatcha/vnfood-30-100,karos2504/100-vietnamese-food,thit-trau-gac-bep|thit_trau_gac_bep,classification_pseudo_box_review,private_or_noncommercial_license:cc-by-nc-sa-4.0,VIETNAMESE_DISH_EXPANSION,too_few_eligible_images
ca_kho_to,reject,False,,2845,2845,172,172,5,1,karos2504/100-vietnamese-food|keno31/vietnaemese-food-dataset|lenguyentrung/vietnamese-food|meowluvmatcha/vnfood-30-100|quandang/vietnamese-foods,karos2504/100-vietnamese-food,Ca kho to|ca-kho-to|ca_kho_to,classification_pseudo_box_review,private_or_noncommercial_license:cc-by-nc-sa-4.0|source_decision:HOLD_DUPLICATE_CHECK|source_decision:HOLD_LICENSE,VIETNAMESE_DISH_EXPANSION,too_few_eligible_images
khau_nhuc,reject,False,,342,342,171,171,2,1,karos2504/100-vietnamese-food|meowluvmatcha/vnfood-30-100,karos2504/100-vietnamese-food,khau-nhuc|khau_nhuc,classification_pseudo_box_review,private_or_noncommercial_license:cc-by-nc-sa-4.0,VIETNAMESE_DISH_EXPANSION,too_few_eligible_images
cua_hap_bia,reject,False,,338,338,169,169,2,1,karos2504/100-vietnamese-food|meowluvmatcha/vnfood-30-100,karos2504/100-vietnamese-food,cua-hap-bia|cua_hap_bia,classification_pseudo_box_review,private_or_noncommercial_license:cc-by-nc-sa-4.0,VIETNAMESE_DISH_EXPANSION,too_few_eligible_images
oc_huong_xao,reject,False,,338,338,169,169,2,1,karos2504/100-vietnamese-food|meowluvmatcha/vnfood-30-100,karos2504/100-vietnamese-food,oc-huong-xao|oc_huong_xao,classification_pseudo_box_review,private_or_noncommercial_license:cc-by-nc-sa-4.0,VIETNAMESE_DISH_EXPANSION,too_few_eligible_images
cha_ca_la_vong,reject,False,,336,336,168,168,2,1,karos2504/100-vietnamese-food|meowluvmatcha/vnfood-30-100,karos2504/100-vietnamese-food,cha-ca-la-vong|cha_ca_la_vong,classification_pseudo_box_review,private_or_noncommercial_license:cc-by-nc-sa-4.0,VIETNAMESE_DISH_EXPANSION,too_few_eligible_images
canh_khoai_tim,reject,False,,328,328,164,164,2,1,karos2504/100-vietnamese-food|meowluvmatcha/vnfood-30-100,karos2504/100-vietnamese-food,canh-khoai-tim|canh_khoai_tim,classification_pseudo_box_review,private_or_noncommercial_license:cc-by-nc-sa-4.0,VIETNAMESE_DISH_EXPANSION,too_few_eligible_images
nui_xao,reject,False,,310,310,155,155,2,1,karos2504/100-vietnamese-food|meowluvmatcha/vnfood-30-100,karos2504/100-vietnamese-food,nui-xao|nui_xao,classification_pseudo_box_review,private_or_noncommercial_license:cc-by-nc-sa-4.0,VIETNAMESE_DISH_EXPANSION,too_few_eligible_images
nam_pia,reject,False,,306,306,153,153,2,1,karos2504/100-vietnamese-food|meowluvmatcha/vnfood-30-100,karos2504/100-vietnamese-food,nam-pia|nam_pia,classification_pseudo_box_review,private_or_noncommercial_license:cc-by-nc-sa-4.0,VIETNAMESE_DISH_EXPANSION,too_few_eligible_images
guacamole,reject,False,,2298,2304,149,152,4,1,awsaf49/food-recognition-2022-dataset|kmader/food41|sainikhileshreddy/food-recognition-2022|shanemarvinmay/food-image-dataset,awsaf49/food-recognition-2022-dataset,guacamole,classification_pseudo_box_review,source_decision:HOLD_CLASSIFICATION_ONLY|source_decision:HOLD_DUPLICATE_ADAPTER_REQUIRED|source_decision:HOLD_LICENSE_OR_DUPLICATE,,too_few_eligible_images
cashew_nut,reject,False,,298,308,149,154,2,1,awsaf49/food-recognition-2022-dataset|sainikhileshreddy/food-recognition-2022,awsaf49/food-recognition-2022-dataset,cashew-nut,annotation_category_review,source_decision:HOLD_LICENSE_OR_DUPLICATE,,too_few_eligible_images
curry_vegetarian,reject,False,,298,300,149,150,2,1,awsaf49/food-recognition-2022-dataset|sainikhileshreddy/food-recognition-2022,awsaf49/food-recognition-2022-dataset,curry-vegetarian,annotation_category_review,source_decision:HOLD_LICENSE_OR_DUPLICATE,,too_few_eligible_images
ketchup,reject,False,,296,300,148,150,2,1,awsaf49/food-recognition-2022-dataset|sainikhileshreddy/food-recognition-2022,awsaf49/food-recognition-2022-dataset,ketchup,annotation_category_review,source_decision:HOLD_LICENSE_OR_DUPLICATE,,too_few_eligible_images
cottage_cheese,reject,False,,294,304,147,152,2,1,awsaf49/food-recognition-2022-dataset|sainikhileshreddy/food-recognition-2022,awsaf49/food-recognition-2022-dataset,cottage-cheese,annotation_category_review,source_decision:HOLD_LICENSE_OR_DUPLICATE,,too_few_eligible_images
soup_vegetable,reject,False,,290,298,145,149,2,1,awsaf49/food-recognition-2022-dataset|sainikhileshreddy/food-recognition-2022,awsaf49/food-recognition-2022-dataset,soup-vegetable,annotation_category_review,source_decision:HOLD_LICENSE_OR_DUPLICATE,,too_few_eligible_images
apricots,reject,False,,288,306,144,153,2,1,awsaf49/food-recognition-2022-dataset|sainikhileshreddy/food-recognition-2022,awsaf49/food-recognition-2022-dataset,apricots,annotation_category_review,source_decision:HOLD_LICENSE_OR_DUPLICATE,,too_few_eligible_images
muesli,reject,False,,282,298,141,149,2,1,awsaf49/food-recognition-2022-dataset|sainikhileshreddy/food-recognition-2022,awsaf49/food-recognition-2022-dataset,muesli,annotation_category_review,source_decision:HOLD_LICENSE_OR_DUPLICATE,,too_few_eligible_images
witloof_chicory,reject,False,,280,286,140,143,2,1,awsaf49/food-recognition-2022-dataset|sainikhileshreddy/food-recognition-2022,awsaf49/food-recognition-2022-dataset,witloof-chicory,annotation_category_review,source_decision:HOLD_LICENSE_OR_DUPLICATE,,too_few_eligible_images
baked_potato,reject,False,,278,280,139,140,2,1,awsaf49/food-recognition-2022-dataset|sainikhileshreddy/food-recognition-2022,awsaf49/food-recognition-2022-dataset,baked-potato,annotation_category_review,source_decision:HOLD_LICENSE_OR_DUPLICATE,,too_few_eligible_images
flakes_oat,reject,False,,276,314,138,157,2,1,awsaf49/food-recognition-2022-dataset|sainikhileshreddy/food-recognition-2022,awsaf49/food-recognition-2022-dataset,flakes-oat,annotation_category_review,source_decision:HOLD_LICENSE_OR_DUPLICATE,,too_few_eligible_images
bread_toast,reject,False,,274,276,137,138,2,1,awsaf49/food-recognition-2022-dataset|sainikhileshreddy/food-recognition-2022,awsaf49/food-recognition-2022-dataset,bread-toast,annotation_category_review,source_decision:HOLD_LICENSE_OR_DUPLICATE,,too_few_eligible_images
ristretto_with_caffeine,reject,False,,272,316,136,158,2,1,awsaf49/food-recognition-2022-dataset|sainikhileshreddy/food-recognition-2022,awsaf49/food-recognition-2022-dataset,ristretto-with-caffeine,annotation_category_review,source_decision:HOLD_LICENSE_OR_DUPLICATE,,too_few_eligible_images
shiitake,reject,False,,136,136,136,136,1,1,fontainenathan/foodseg103,fontainenathan/foodseg103,shiitake,segmentation_or_mask,,,too_few_eligible_images
white_button_mushroom,reject,False,,136,136,136,136,1,1,fontainenathan/foodseg103,fontainenathan/foodseg103,white button mushroom,segmentation_or_mask,,,too_few_eligible_images
red_cabbage,reject,False,,268,270,134,135,2,1,awsaf49/food-recognition-2022-dataset|sainikhileshreddy/food-recognition-2022,awsaf49/food-recognition-2022-dataset,red-cabbage,annotation_category_review,source_decision:HOLD_LICENSE_OR_DUPLICATE,,too_few_eligible_images
lamb,reject,False,,167,167,133,133,3,2,awsaf49/food-recognition-2022-dataset|fontainenathan/foodseg103|sainikhileshreddy/food-recognition-2022,awsaf49/food-recognition-2022-dataset|fontainenathan/foodseg103,lamb,segmentation_or_mask,source_decision:HOLD_LICENSE_OR_DUPLICATE,,too_few_eligible_images
fruit_salad,reject,False,,264,274,132,137,2,1,awsaf49/food-recognition-2022-dataset|sainikhileshreddy/food-recognition-2022,awsaf49/food-recognition-2022-dataset,fruit-salad,annotation_category_review,source_decision:HOLD_LICENSE_OR_DUPLICATE,,too_few_eligible_images
lentils,reject,False,,264,272,132,136,2,1,awsaf49/food-recognition-2022-dataset|sainikhileshreddy/food-recognition-2022,awsaf49/food-recognition-2022-dataset,lentils,annotation_category_review,source_decision:HOLD_LICENSE_OR_DUPLICATE,,too_few_eligible_images
pasta_wholemeal,reject,False,,262,266,131,133,2,1,awsaf49/food-recognition-2022-dataset|sainikhileshreddy/food-recognition-2022,awsaf49/food-recognition-2022-dataset,pasta-wholemeal,annotation_category_review,source_decision:HOLD_LICENSE_OR_DUPLICATE,,too_few_eligible_images
water_with_lemon_juice,reject,False,,260,326,130,163,2,1,awsaf49/food-recognition-2022-dataset|sainikhileshreddy/food-recognition-2022,awsaf49/food-recognition-2022-dataset,water-with-lemon-juice,annotation_category_review,source_decision:HOLD_LICENSE_OR_DUPLICATE,,too_few_eligible_images
apple_pie,reject,False,,2256,2280,128,140,4,1,awsaf49/food-recognition-2022-dataset|kmader/food41|sainikhileshreddy/food-recognition-2022|shanemarvinmay/food-image-dataset,awsaf49/food-recognition-2022-dataset,apple-pie|apple_pie,classification_pseudo_box_review,source_decision:HOLD_CLASSIFICATION_ONLY|source_decision:HOLD_DUPLICATE_ADAPTER_REQUIRED|source_decision:HOLD_LICENSE_OR_DUPLICATE,,too_few_eligible_images
caprese_salad_tomato_mozzarella,reject,False,,254,262,127,131,2,1,awsaf49/food-recognition-2022-dataset|sainikhileshreddy/food-recognition-2022,awsaf49/food-recognition-2022-dataset,caprese-salad-tomato-mozzarella,annotation_category_review,source_decision:HOLD_LICENSE_OR_DUPLICATE,,too_few_eligible_images
pasta_linguini_parpadelle_tagliatelle,reject,False,,252,254,126,127,2,1,awsaf49/food-recognition-2022-dataset|sainikhileshreddy/food-recognition-2022,awsaf49/food-recognition-2022-dataset,pasta-linguini-parpadelle-tagliatelle,annotation_category_review,source_decision:HOLD_LICENSE_OR_DUPLICATE,,too_few_eligible_images
nectarine,reject,False,,248,252,124,126,2,1,awsaf49/food-recognition-2022-dataset|sainikhileshreddy/food-recognition-2022,awsaf49/food-recognition-2022-dataset,nectarine,annotation_category_review,source_decision:HOLD_LICENSE_OR_DUPLICATE,,too_few_eligible_images
pizza_with_vegetables_baked,reject,False,,248,254,124,127,2,1,awsaf49/food-recognition-2022-dataset|sainikhileshreddy/food-recognition-2022,awsaf49/food-recognition-2022-dataset,pizza-with-vegetables-baked,annotation_category_review,source_decision:HOLD_LICENSE_OR_DUPLICATE,,too_few_eligible_images
soup_pumpkin,reject,False,,248,262,124,131,2,1,awsaf49/food-recognition-2022-dataset|sainikhileshreddy/food-recognition-2022,awsaf49/food-recognition-2022-dataset,soup-pumpkin,annotation_category_review,source_decision:HOLD_LICENSE_OR_DUPLICATE,,too_few_eligible_images
sweet_corn_canned,reject,False,,248,252,124,126,2,1,awsaf49/food-recognition-2022-dataset|sainikhileshreddy/food-recognition-2022,awsaf49/food-recognition-2022-dataset,sweet-corn-canned,annotation_category_review,source_decision:HOLD_LICENSE_OR_DUPLICATE,,too_few_eligible_images
tuna,reject,False,,248,252,124,126,2,1,awsaf49/food-recognition-2022-dataset|sainikhileshreddy/food-recognition-2022,awsaf49/food-recognition-2022-dataset,tuna,annotation_category_review,source_decision:HOLD_LICENSE_OR_DUPLICATE,,too_few_eligible_images
chicken_curry_cream_coconut_milk_curry_spices_paste,reject,False,,246,252,123,126,2,1,awsaf49/food-recognition-2022-dataset|sainikhileshreddy/food-recognition-2022,awsaf49/food-recognition-2022-dataset,chicken-curry-cream-coconut-milk-curry-spices-paste,annotation_category_review,source_decision:HOLD_LICENSE_OR_DUPLICATE,,too_few_eligible_images
cheese_for_raclette,reject,False,,244,296,122,148,2,1,awsaf49/food-recognition-2022-dataset|sainikhileshreddy/food-recognition-2022,awsaf49/food-recognition-2022-dataset,cheese-for-raclette,annotation_category_review,source_decision:HOLD_LICENSE_OR_DUPLICATE,,too_few_eligible_images
couscous,reject,False,,240,244,120,122,2,1,awsaf49/food-recognition-2022-dataset|sainikhileshreddy/food-recognition-2022,awsaf49/food-recognition-2022-dataset,couscous,annotation_category_review,source_decision:HOLD_LICENSE_OR_DUPLICATE,,too_few_eligible_images
crisps,reject,False,,240,254,120,127,2,1,awsaf49/food-recognition-2022-dataset|sainikhileshreddy/food-recognition-2022,awsaf49/food-recognition-2022-dataset,crisps,annotation_category_review,source_decision:HOLD_LICENSE_OR_DUPLICATE,,too_few_eligible_images
hazelnut_chocolate_spread_nutella_ovomaltine_caotina,reject,False,,240,256,120,128,2,1,awsaf49/food-recognition-2022-dataset|sainikhileshreddy/food-recognition-2022,awsaf49/food-recognition-2022-dataset,hazelnut-chocolate-spread-nutella-ovomaltine-caotina,annotation_category_review,source_decision:HOLD_LICENSE_OR_DUPLICATE,,too_few_eligible_images
tart,reject,False,,236,262,118,131,2,1,awsaf49/food-recognition-2022-dataset|sainikhileshreddy/food-recognition-2022,awsaf49/food-recognition-2022-dataset,tart,annotation_category_review,source_decision:HOLD_LICENSE_OR_DUPLICATE,,too_few_eligible_images
fresh_cheese,reject,False,,230,234,115,117,2,1,awsaf49/food-recognition-2022-dataset|sainikhileshreddy/food-recognition-2022,awsaf49/food-recognition-2022-dataset,fresh-cheese,annotation_category_review,source_decision:HOLD_LICENSE_OR_DUPLICATE,,too_few_eligible_images
bread_nut,reject,False,,228,240,114,120,2,1,awsaf49/food-recognition-2022-dataset|sainikhileshreddy/food-recognition-2022,awsaf49/food-recognition-2022-dataset,bread-nut,annotation_category_review,source_decision:HOLD_LICENSE_OR_DUPLICATE,,too_few_eligible_images
crunch_muesli,reject,False,,228,234,114,117,2,1,awsaf49/food-recognition-2022-dataset|sainikhileshreddy/food-recognition-2022,awsaf49/food-recognition-2022-dataset,crunch-muesli,annotation_category_review,source_decision:HOLD_LICENSE_OR_DUPLICATE,,too_few_eligible_images
pomegranate,reject,False,,228,234,114,117,2,1,awsaf49/food-recognition-2022-dataset|sainikhileshreddy/food-recognition-2022,awsaf49/food-recognition-2022-dataset,pomegranate,annotation_category_review,source_decision:HOLD_LICENSE_OR_DUPLICATE,,too_few_eligible_images
rice_basmati,reject,False,,228,232,114,116,2,1,awsaf49/food-recognition-2022-dataset|sainikhileshreddy/food-recognition-2022,awsaf49/food-recognition-2022-dataset,rice-basmati,annotation_category_review,source_decision:HOLD_LICENSE_OR_DUPLICATE,,too_few_eligible_images
kolhrabi,reject,False,,226,230,113,115,2,1,awsaf49/food-recognition-2022-dataset|sainikhileshreddy/food-recognition-2022,awsaf49/food-recognition-2022-dataset,kolhrabi,annotation_category_review,source_decision:HOLD_LICENSE_OR_DUPLICATE,,too_few_eligible_images
milk_chocolate,reject,False,,226,232,113,116,2,1,awsaf49/food-recognition-2022-dataset|sainikhileshreddy/food-recognition-2022,awsaf49/food-recognition-2022-dataset,milk-chocolate,annotation_category_review,source_decision:HOLD_LICENSE_OR_DUPLICATE,,too_few_eligible_images
praline,reject,False,,226,236,113,118,2,1,awsaf49/food-recognition-2022-dataset|sainikhileshreddy/food-recognition-2022,awsaf49/food-recognition-2022-dataset,praline,annotation_category_review,source_decision:HOLD_LICENSE_OR_DUPLICATE,,too_few_eligible_images
chicken_cut_into_stripes_only_meat,reject,False,,220,224,110,112,2,1,awsaf49/food-recognition-2022-dataset|sainikhileshreddy/food-recognition-2022,awsaf49/food-recognition-2022-dataset,chicken-cut-into-stripes-only-meat,annotation_category_review,source_decision:HOLD_LICENSE_OR_DUPLICATE,,too_few_eligible_images
peanut_butter,reject,False,,220,224,110,112,2,1,awsaf49/food-recognition-2022-dataset|sainikhileshreddy/food-recognition-2022,awsaf49/food-recognition-2022-dataset,peanut-butter,annotation_category_review,source_decision:HOLD_LICENSE_OR_DUPLICATE,,too_few_eligible_images
bread_wholemeal_toast,reject,False,,216,218,108,109,2,1,awsaf49/food-recognition-2022-dataset|sainikhileshreddy/food-recognition-2022,awsaf49/food-recognition-2022-dataset,bread-wholemeal-toast,annotation_category_review,source_decision:HOLD_LICENSE_OR_DUPLICATE,,too_few_eligible_images
roll_of_half_white_or_white_flour_with_large_void,reject,False,,216,220,108,110,2,1,awsaf49/food-recognition-2022-dataset|sainikhileshreddy/food-recognition-2022,awsaf49/food-recognition-2022-dataset,roll-of-half-white-or-white-flour-with-large-void,annotation_category_review,source_decision:HOLD_LICENSE_OR_DUPLICATE,,too_few_eligible_images
spaetzle,reject,False,,214,218,107,109,2,1,awsaf49/food-recognition-2022-dataset|sainikhileshreddy/food-recognition-2022,awsaf49/food-recognition-2022-dataset,spaetzle,annotation_category_review,source_decision:HOLD_LICENSE_OR_DUPLICATE,,too_few_eligible_images
sushi,reject,False,,2208,2232,104,116,4,1,awsaf49/food-recognition-2022-dataset|kmader/food41|sainikhileshreddy/food-recognition-2022|shanemarvinmay/food-image-dataset,awsaf49/food-recognition-2022-dataset,sushi,classification_pseudo_box_review,source_decision:HOLD_CLASSIFICATION_ONLY|source_decision:HOLD_DUPLICATE_ADAPTER_REQUIRED|source_decision:HOLD_LICENSE_OR_DUPLICATE,,too_few_eligible_images
pasta_noodles,reject,False,,208,210,104,105,2,1,awsaf49/food-recognition-2022-dataset|sainikhileshreddy/food-recognition-2022,awsaf49/food-recognition-2022-dataset,pasta-noodles,annotation_category_review,source_decision:HOLD_LICENSE_OR_DUPLICATE,,too_few_eligible_images
peanut,reject,False,,199,213,104,111,3,2,awsaf49/food-recognition-2022-dataset|fontainenathan/foodseg103|sainikhileshreddy/food-recognition-2022,awsaf49/food-recognition-2022-dataset|fontainenathan/foodseg103,peanut,annotation_category_review,source_decision:HOLD_LICENSE_OR_DUPLICATE,,too_few_eligible_images
pancakes,reject,False,,2204,2210,102,105,4,1,awsaf49/food-recognition-2022-dataset|kmader/food41|sainikhileshreddy/food-recognition-2022|shanemarvinmay/food-image-dataset,awsaf49/food-recognition-2022-dataset,pancakes,classification_pseudo_box_review,source_decision:HOLD_CLASSIFICATION_ONLY|source_decision:HOLD_DUPLICATE_ADAPTER_REQUIRED|source_decision:HOLD_LICENSE_OR_DUPLICATE,,too_few_eligible_images
cream,reject,False,,204,212,102,106,2,1,awsaf49/food-recognition-2022-dataset|sainikhileshreddy/food-recognition-2022,awsaf49/food-recognition-2022-dataset,cream,annotation_category_review,source_decision:HOLD_LICENSE_OR_DUPLICATE,,too_few_eligible_images
watermelon_fresh,reject,False,,204,204,102,102,2,1,awsaf49/food-recognition-2022-dataset|sainikhileshreddy/food-recognition-2022,awsaf49/food-recognition-2022-dataset,watermelon-fresh,annotation_category_review,source_decision:HOLD_LICENSE_OR_DUPLICATE,,too_few_eligible_images
berries,reject,False,,196,198,98,99,2,1,awsaf49/food-recognition-2022-dataset|sainikhileshreddy/food-recognition-2022,awsaf49/food-recognition-2022-dataset,berries,annotation_category_review,source_decision:HOLD_LICENSE_OR_DUPLICATE,,too_few_eligible_images
sour_cream,reject,False,,196,200,98,100,2,1,awsaf49/food-recognition-2022-dataset|sainikhileshreddy/food-recognition-2022,awsaf49/food-recognition-2022-dataset,sour-cream,annotation_category_review,source_decision:HOLD_LICENSE_OR_DUPLICATE,,too_few_eligible_images
cookies,reject,False,,694,1251,97,98,3,1,awsaf49/food-recognition-2022-dataset|sainikhileshreddy/food-recognition-2022|youssefahmed003/junk-food-object-detection-dataset-yolo-format,awsaf49/food-recognition-2022-dataset,Cookies|cookies,yolo_detection,source_decision:HOLD_LICENSE_OR_DUPLICATE|source_decision:HOLD_OVERLAP_ONLY,,too_few_eligible_images
goat_cheese_soft,reject,False,,192,196,96,98,2,1,awsaf49/food-recognition-2022-dataset|sainikhileshreddy/food-recognition-2022,awsaf49/food-recognition-2022-dataset,goat-cheese-soft,annotation_category_review,source_decision:HOLD_LICENSE_OR_DUPLICATE,,too_few_eligible_images
bread_half_white,reject,False,,190,192,95,96,2,1,awsaf49/food-recognition-2022-dataset|sainikhileshreddy/food-recognition-2022,awsaf49/food-recognition-2022-dataset,bread-half-white,annotation_category_review,source_decision:HOLD_LICENSE_OR_DUPLICATE,,too_few_eligible_images
grits_polenta_maize_flour,reject,False,,190,198,95,99,2,1,awsaf49/food-recognition-2022-dataset|sainikhileshreddy/food-recognition-2022,awsaf49/food-recognition-2022-dataset,grits-polenta-maize-flour,annotation_category_review,source_decision:HOLD_LICENSE_OR_DUPLICATE,,too_few_eligible_images
mustard,reject,False,,190,190,95,95,2,1,awsaf49/food-recognition-2022-dataset|sainikhileshreddy/food-recognition-2022,awsaf49/food-recognition-2022-dataset,mustard,annotation_category_review,source_decision:HOLD_LICENSE_OR_DUPLICATE,,too_few_eligible_images
fajita_bread_only,reject,False,,188,202,94,101,2,1,awsaf49/food-recognition-2022-dataset|sainikhileshreddy/food-recognition-2022,awsaf49/food-recognition-2022-dataset,fajita-bread-only,annotation_category_review,source_decision:HOLD_LICENSE_OR_DUPLICATE,,too_few_eligible_images
plums,reject,False,,188,190,94,95,2,1,awsaf49/food-recognition-2022-dataset|sainikhileshreddy/food-recognition-2022,awsaf49/food-recognition-2022-dataset,plums,annotation_category_review,source_decision:HOLD_LICENSE_OR_DUPLICATE,,too_few_eligible_images
croissant_with_chocolate_filling,reject,False,,186,198,93,99,2,1,awsaf49/food-recognition-2022-dataset|sainikhileshreddy/food-recognition-2022,awsaf49/food-recognition-2022-dataset,croissant-with-chocolate-filling,annotation_category_review,source_decision:HOLD_LICENSE_OR_DUPLICATE,,too_few_eligible_images
omelette_plain,reject,False,,186,190,93,95,2,1,awsaf49/food-recognition-2022-dataset|sainikhileshreddy/food-recognition-2022,awsaf49/food-recognition-2022-dataset,omelette-plain,annotation_category_review,source_decision:HOLD_LICENSE_OR_DUPLICATE,,too_few_eligible_images
pasta_hornli,reject,False,,180,184,90,92,2,1,awsaf49/food-recognition-2022-dataset|sainikhileshreddy/food-recognition-2022,awsaf49/food-recognition-2022-dataset,pasta-hornli,annotation_category_review,source_decision:HOLD_LICENSE_OR_DUPLICATE,,too_few_eligible_images
syrup_diluted_ready_to_drink,reject,False,,180,198,90,99,2,1,awsaf49/food-recognition-2022-dataset|sainikhileshreddy/food-recognition-2022,awsaf49/food-recognition-2022-dataset,syrup-diluted-ready-to-drink,annotation_category_review,source_decision:HOLD_LICENSE_OR_DUPLICATE,,too_few_eligible_images
beans_kidney,reject,False,,178,188,89,94,2,1,awsaf49/food-recognition-2022-dataset|sainikhileshreddy/food-recognition-2022,awsaf49/food-recognition-2022-dataset,beans-kidney,annotation_category_review,source_decision:HOLD_LICENSE_OR_DUPLICATE,,too_few_eligible_images
pistachio,reject,False,,178,180,89,90,2,1,awsaf49/food-recognition-2022-dataset|sainikhileshreddy/food-recognition-2022,awsaf49/food-recognition-2022-dataset,pistachio,annotation_category_review,source_decision:HOLD_LICENSE_OR_DUPLICATE,,too_few_eligible_images
ham,reject,False,,176,178,88,89,2,1,awsaf49/food-recognition-2022-dataset|sainikhileshreddy/food-recognition-2022,awsaf49/food-recognition-2022-dataset,ham,annotation_category_review,source_decision:HOLD_LICENSE_OR_DUPLICATE,,too_few_eligible_images
artichoke,reject,False,,141,407,87,350,3,2,awsaf49/food-recognition-2022-dataset|henningheyen/lvis-fruits-and-vegetables-dataset|sainikhileshreddy/food-recognition-2022,awsaf49/food-recognition-2022-dataset|henningheyen/lvis-fruits-and-vegetables-dataset,artichoke,annotation_category_review,source_decision:HOLD_LICENSE_OR_DUPLICATE,,too_few_eligible_images
bread_black,reject,False,,172,178,86,89,2,1,awsaf49/food-recognition-2022-dataset|sainikhileshreddy/food-recognition-2022,awsaf49/food-recognition-2022-dataset,bread-black,annotation_category_review,source_decision:HOLD_LICENSE_OR_DUPLICATE,,too_few_eligible_images
chicken_leg,reject,False,,172,174,86,87,2,1,awsaf49/food-recognition-2022-dataset|sainikhileshreddy/food-recognition-2022,awsaf49/food-recognition-2022-dataset,chicken-leg,annotation_category_review,source_decision:HOLD_LICENSE_OR_DUPLICATE,,too_few_eligible_images
gluten_free_bread,reject,False,,172,186,86,93,2,1,awsaf49/food-recognition-2022-dataset|sainikhileshreddy/food-recognition-2022,awsaf49/food-recognition-2022-dataset,gluten-free-bread,annotation_category_review,source_decision:HOLD_LICENSE_OR_DUPLICATE,,too_few_eligible_images
greek_yaourt_yahourt_yogourt_ou_yoghourt,reject,False,,172,172,86,86,2,1,awsaf49/food-recognition-2022-dataset|sainikhileshreddy/food-recognition-2022,awsaf49/food-recognition-2022-dataset,greek-yaourt-yahourt-yogourt-ou-yoghourt,annotation_category_review,source_decision:HOLD_LICENSE_OR_DUPLICATE,,too_few_eligible_images
thickened_cream_35,reject,False,,172,174,86,87,2,1,awsaf49/food-recognition-2022-dataset|sainikhileshreddy/food-recognition-2022,awsaf49/food-recognition-2022-dataset,thickened-cream-35,annotation_category_review,source_decision:HOLD_LICENSE_OR_DUPLICATE,,too_few_eligible_images
vegetables,reject,False,,172,174,86,87,2,1,awsaf49/food-recognition-2022-dataset|sainikhileshreddy/food-recognition-2022,awsaf49/food-recognition-2022-dataset,vegetables,annotation_category_review,source_decision:HOLD_LICENSE_OR_DUPLICATE,,base_reject_alias
beef_minced_only_meat,reject,False,,170,178,85,89,2,1,awsaf49/food-recognition-2022-dataset|sainikhileshreddy/food-recognition-2022,awsaf49/food-recognition-2022-dataset,beef-minced-only-meat,annotation_category_review,source_decision:HOLD_LICENSE_OR_DUPLICATE,,too_few_eligible_images
blue_mould_cheese,reject,False,,170,172,85,86,2,1,awsaf49/food-recognition-2022-dataset|sainikhileshreddy/food-recognition-2022,awsaf49/food-recognition-2022-dataset,blue-mould-cheese,annotation_category_review,source_decision:HOLD_LICENSE_OR_DUPLICATE,,too_few_eligible_images
carrot_steamed_without_addition_of_salt,reject,False,,170,170,85,85,2,1,awsaf49/food-recognition-2022-dataset|sainikhileshreddy/food-recognition-2022,awsaf49/food-recognition-2022-dataset,carrot-steamed-without-addition-of-salt,annotation_category_review,source_decision:HOLD_LICENSE_OR_DUPLICATE,,too_few_eligible_images
cream_cheese,reject,False,,170,178,85,89,2,1,awsaf49/food-recognition-2022-dataset|sainikhileshreddy/food-recognition-2022,awsaf49/food-recognition-2022-dataset,cream-cheese,annotation_category_review,source_decision:HOLD_LICENSE_OR_DUPLICATE,,too_few_eligible_images
sesame_seeds,reject,False,,170,170,85,85,2,1,awsaf49/food-recognition-2022-dataset|sainikhileshreddy/food-recognition-2022,awsaf49/food-recognition-2022-dataset,sesame-seeds,annotation_category_review,source_decision:HOLD_LICENSE_OR_DUPLICATE,,too_few_eligible_images
rosti,reject,False,,168,168,84,84,2,1,awsaf49/food-recognition-2022-dataset|sainikhileshreddy/food-recognition-2022,awsaf49/food-recognition-2022-dataset,rosti,annotation_category_review,source_decision:HOLD_LICENSE_OR_DUPLICATE,,too_few_eligible_images
salt_cake_vegetables_filled,reject,False,,168,190,84,95,2,1,awsaf49/food-recognition-2022-dataset|sainikhileshreddy/food-recognition-2022,awsaf49/food-recognition-2022-dataset,salt-cake-vegetables-filled,annotation_category_review,source_decision:HOLD_LICENSE_OR_DUPLICATE,,too_few_eligible_images
brownie,reject,False,,166,178,83,89,2,1,awsaf49/food-recognition-2022-dataset|sainikhileshreddy/food-recognition-2022,awsaf49/food-recognition-2022-dataset,brownie,annotation_category_review,source_decision:HOLD_LICENSE_OR_DUPLICATE,,too_few_eligible_images
lasagne_meat_prepared,reject,False,,166,170,83,85,2,1,awsaf49/food-recognition-2022-dataset|sainikhileshreddy/food-recognition-2022,awsaf49/food-recognition-2022-dataset,lasagne-meat-prepared,annotation_category_review,source_decision:HOLD_LICENSE_OR_DUPLICATE,,too_few_eligible_images
potato_gnocchi,reject,False,,166,168,83,84,2,1,awsaf49/food-recognition-2022-dataset|sainikhileshreddy/food-recognition-2022,awsaf49/food-recognition-2022-dataset,potato-gnocchi,annotation_category_review,source_decision:HOLD_LICENSE_OR_DUPLICATE,,too_few_eligible_images
rice_whole_grain,reject,False,,166,168,83,84,2,1,awsaf49/food-recognition-2022-dataset|sainikhileshreddy/food-recognition-2022,awsaf49/food-recognition-2022-dataset,rice-whole-grain,annotation_category_review,source_decision:HOLD_LICENSE_OR_DUPLICATE,,too_few_eligible_images
soup_of_lentils_dahl_dhal,reject,False,,166,170,83,85,2,1,awsaf49/food-recognition-2022-dataset|sainikhileshreddy/food-recognition-2022,awsaf49/food-recognition-2022-dataset,soup-of-lentils-dahl-dhal,annotation_category_review,source_decision:HOLD_LICENSE_OR_DUPLICATE,,too_few_eligible_images
taboule_prepared_with_couscous,reject,False,,166,170,83,85,2,1,awsaf49/food-recognition-2022-dataset|sainikhileshreddy/food-recognition-2022,awsaf49/food-recognition-2022-dataset,taboule-prepared-with-couscous,annotation_category_review,source_decision:HOLD_LICENSE_OR_DUPLICATE,,too_few_eligible_images
celeriac,reject,False,,164,166,82,83,2,1,awsaf49/food-recognition-2022-dataset|sainikhileshreddy/food-recognition-2022,awsaf49/food-recognition-2022-dataset,celeriac,annotation_category_review,source_decision:HOLD_LICENSE_OR_DUPLICATE,,too_few_eligible_images
corn_crisps,reject,False,,160,168,80,84,2,1,awsaf49/food-recognition-2022-dataset|sainikhileshreddy/food-recognition-2022,awsaf49/food-recognition-2022-dataset,corn-crisps,annotation_category_review,source_decision:HOLD_LICENSE_OR_DUPLICATE,,too_few_eligible_images
dates,reject,False,,160,172,80,86,2,1,awsaf49/food-recognition-2022-dataset|sainikhileshreddy/food-recognition-2022,awsaf49/food-recognition-2022-dataset,dates,annotation_category_review,source_decision:HOLD_LICENSE_OR_DUPLICATE,,too_few_eligible_images
green_bean_steamed_without_addition_of_salt,reject,False,,160,164,80,82,2,1,awsaf49/food-recognition-2022-dataset|sainikhileshreddy/food-recognition-2022,awsaf49/food-recognition-2022-dataset,green-bean-steamed-without-addition-of-salt,annotation_category_review,source_decision:HOLD_LICENSE_OR_DUPLICATE,,too_few_eligible_images
vegetable_mix_peas_and_carrots,reject,False,,160,160,80,80,2,1,awsaf49/food-recognition-2022-dataset|sainikhileshreddy/food-recognition-2022,awsaf49/food-recognition-2022-dataset,vegetable-mix-peas-and-carrots,annotation_category_review,source_decision:HOLD_LICENSE_OR_DUPLICATE,,too_few_eligible_images
country_fries,reject,False,,158,160,79,80,2,1,awsaf49/food-recognition-2022-dataset|sainikhileshreddy/food-recognition-2022,awsaf49/food-recognition-2022-dataset,country-fries,annotation_category_review,source_decision:HOLD_LICENSE_OR_DUPLICATE,,too_few_eligible_images
rice_noodles_vermicelli,reject,False,,158,158,79,79,2,1,awsaf49/food-recognition-2022-dataset|sainikhileshreddy/food-recognition-2022,awsaf49/food-recognition-2022-dataset,rice-noodles-vermicelli,annotation_category_review,source_decision:HOLD_LICENSE_OR_DUPLICATE,,too_few_eligible_images
tomme,reject,False,,154,158,77,79,2,1,awsaf49/food-recognition-2022-dataset|sainikhileshreddy/food-recognition-2022,awsaf49/food-recognition-2022-dataset,tomme,annotation_category_review,source_decision:HOLD_LICENSE_OR_DUPLICATE,,too_few_eligible_images
beef_filet,reject,False,,152,154,76,77,2,1,awsaf49/food-recognition-2022-dataset|sainikhileshreddy/food-recognition-2022,awsaf49/food-recognition-2022-dataset,beef-filet,annotation_category_review,source_decision:HOLD_LICENSE_OR_DUPLICATE,,too_few_eligible_images
bread_fruit,reject,False,,152,160,76,80,2,1,awsaf49/food-recognition-2022-dataset|sainikhileshreddy/food-recognition-2022,awsaf49/food-recognition-2022-dataset,bread-fruit,annotation_category_review,source_decision:HOLD_LICENSE_OR_DUPLICATE,,too_few_eligible_images
bread_pita,reject,False,,152,162,76,81,2,1,awsaf49/food-recognition-2022-dataset|sainikhileshreddy/food-recognition-2022,awsaf49/food-recognition-2022-dataset,bread-pita,annotation_category_review,source_decision:HOLD_LICENSE_OR_DUPLICATE,,too_few_eligible_images
falafel_balls,reject,False,,152,156,76,78,2,1,awsaf49/food-recognition-2022-dataset|sainikhileshreddy/food-recognition-2022,awsaf49/food-recognition-2022-dataset,falafel-balls,annotation_category_review,source_decision:HOLD_LICENSE_OR_DUPLICATE,,too_few_eligible_images
potatoes_au_gratin_dauphinois_prepared,reject,False,,152,156,76,78,2,1,awsaf49/food-recognition-2022-dataset|sainikhileshreddy/food-recognition-2022,awsaf49/food-recognition-2022-dataset,potatoes-au-gratin-dauphinois-prepared,annotation_category_review,source_decision:HOLD_LICENSE_OR_DUPLICATE,,too_few_eligible_images
shrimp_prawn_large,reject,False,,152,152,76,76,2,1,awsaf49/food-recognition-2022-dataset|sainikhileshreddy/food-recognition-2022,awsaf49/food-recognition-2022-dataset,shrimp-prawn-large,annotation_category_review,source_decision:HOLD_LICENSE_OR_DUPLICATE,,too_few_eligible_images
dried_raisins,reject,False,,150,160,75,80,2,1,awsaf49/food-recognition-2022-dataset|sainikhileshreddy/food-recognition-2022,awsaf49/food-recognition-2022-dataset,dried-raisins,annotation_category_review,source_decision:HOLD_LICENSE_OR_DUPLICATE,,too_few_eligible_images
white_asparagus,reject,False,,150,154,75,77,2,1,awsaf49/food-recognition-2022-dataset|sainikhileshreddy/food-recognition-2022,awsaf49/food-recognition-2022-dataset,white-asparagus,annotation_category_review,source_decision:HOLD_LICENSE_OR_DUPLICATE,,too_few_eligible_images
white_radish,reject,False,,98,100,75,76,3,2,awsaf49/food-recognition-2022-dataset|fontainenathan/foodseg103|sainikhileshreddy/food-recognition-2022,awsaf49/food-recognition-2022-dataset|fontainenathan/foodseg103,white radish|white-radish,segmentation_or_mask,source_decision:HOLD_LICENSE_OR_DUPLICATE,,too_few_eligible_images
rape,reject,False,,75,75,75,75,1,1,fontainenathan/foodseg103,fontainenathan/foodseg103,rape,segmentation_or_mask,,,too_few_eligible_images
tiramisu,reject,False,,2148,2150,74,75,4,1,awsaf49/food-recognition-2022-dataset|kmader/food41|sainikhileshreddy/food-recognition-2022|shanemarvinmay/food-image-dataset,awsaf49/food-recognition-2022-dataset,tiramisu,classification_pseudo_box_review,source_decision:HOLD_CLASSIFICATION_ONLY|source_decision:HOLD_DUPLICATE_ADAPTER_REQUIRED|source_decision:HOLD_LICENSE_OR_DUPLICATE,,too_few_eligible_images
roll_with_pieces_of_chocolate,reject,False,,146,150,73,75,2,1,awsaf49/food-recognition-2022-dataset|sainikhileshreddy/food-recognition-2022,awsaf49/food-recognition-2022-dataset,roll-with-pieces-of-chocolate,annotation_category_review,source_decision:HOLD_LICENSE_OR_DUPLICATE,,too_few_eligible_images
white_cabbage,reject,False,,146,150,73,75,2,1,awsaf49/food-recognition-2022-dataset|sainikhileshreddy/food-recognition-2022,awsaf49/food-recognition-2022-dataset,white-cabbage,annotation_category_review,source_decision:HOLD_LICENSE_OR_DUPLICATE,,too_few_eligible_images
snow_peas,reject,False,,72,72,72,72,1,1,fontainenathan/foodseg103,fontainenathan/foodseg103,snow peas,segmentation_or_mask,,,too_few_eligible_images
greek_salad,reject,False,,2142,2144,71,72,4,1,awsaf49/food-recognition-2022-dataset|kmader/food41|sainikhileshreddy/food-recognition-2022|shanemarvinmay/food-image-dataset,awsaf49/food-recognition-2022-dataset,greek-salad|greek_salad,classification_pseudo_box_review,source_decision:HOLD_CLASSIFICATION_ONLY|source_decision:HOLD_DUPLICATE_ADAPTER_REQUIRED|source_decision:HOLD_LICENSE_OR_DUPLICATE,,too_few_eligible_images
bacon_cooking,reject,False,,142,146,71,73,2,1,awsaf49/food-recognition-2022-dataset|sainikhileshreddy/food-recognition-2022,awsaf49/food-recognition-2022-dataset,bacon-cooking,annotation_category_review,source_decision:HOLD_LICENSE_OR_DUPLICATE,,too_few_eligible_images
chinese_cabbage,reject,False,,142,142,71,71,2,1,awsaf49/food-recognition-2022-dataset|sainikhileshreddy/food-recognition-2022,awsaf49/food-recognition-2022-dataset,chinese-cabbage,annotation_category_review,source_decision:HOLD_LICENSE_OR_DUPLICATE,,too_few_eligible_images
bread_rye,reject,False,,140,148,70,74,2,1,awsaf49/food-recognition-2022-dataset|sainikhileshreddy/food-recognition-2022,awsaf49/food-recognition-2022-dataset,bread-rye,annotation_category_review,source_decision:HOLD_LICENSE_OR_DUPLICATE,,too_few_eligible_images
breadcrumbs_unspiced,reject,False,,140,140,70,70,2,1,awsaf49/food-recognition-2022-dataset|sainikhileshreddy/food-recognition-2022,awsaf49/food-recognition-2022-dataset,breadcrumbs-unspiced,annotation_category_review,source_decision:HOLD_LICENSE_OR_DUPLICATE,,too_few_eligible_images
sun_dried_tomatoe,reject,False,,140,144,70,72,2,1,awsaf49/food-recognition-2022-dataset|sainikhileshreddy/food-recognition-2022,awsaf49/food-recognition-2022-dataset,sun-dried-tomatoe,annotation_category_review,source_decision:HOLD_LICENSE_OR_DUPLICATE,,too_few_eligible_images
veal_sausage,reject,False,,140,140,70,70,2,1,awsaf49/food-recognition-2022-dataset|sainikhileshreddy/food-recognition-2022,awsaf49/food-recognition-2022-dataset,veal-sausage,annotation_category_review,source_decision:HOLD_LICENSE_OR_DUPLICATE,,too_few_eligible_images
bread_5_grain,reject,False,,138,156,69,78,2,1,awsaf49/food-recognition-2022-dataset|sainikhileshreddy/food-recognition-2022,awsaf49/food-recognition-2022-dataset,bread-5-grain,annotation_category_review,source_decision:HOLD_LICENSE_OR_DUPLICATE,,too_few_eligible_images
swiss_chard,reject,False,,138,142,69,71,2,1,awsaf49/food-recognition-2022-dataset|sainikhileshreddy/food-recognition-2022,awsaf49/food-recognition-2022-dataset,swiss-chard,annotation_category_review,source_decision:HOLD_LICENSE_OR_DUPLICATE,,too_few_eligible_images
hazelnut,reject,False,,136,140,68,70,2,1,awsaf49/food-recognition-2022-dataset|sainikhileshreddy/food-recognition-2022,awsaf49/food-recognition-2022-dataset,hazelnut,annotation_category_review,source_decision:HOLD_LICENSE_OR_DUPLICATE,,too_few_eligible_images
shrimp_prawn_small,reject,False,,136,136,68,68,2,1,awsaf49/food-recognition-2022-dataset|sainikhileshreddy/food-recognition-2022,awsaf49/food-recognition-2022-dataset,shrimp-prawn-small,annotation_category_review,source_decision:HOLD_LICENSE_OR_DUPLICATE,,too_few_eligible_images
pizza,reject,False,,2567,2571,67,67,4,1,fontainenathan/foodseg103|kmader/food41|shanemarvinmay/food-image-dataset|youssefahmed003/junk-food-object-detection-dataset-yolo-format,fontainenathan/foodseg103,Pizza|pizza,classification_pseudo_box_review,source_decision:HOLD_CLASSIFICATION_ONLY|source_decision:HOLD_DUPLICATE_ADAPTER_REQUIRED|source_decision:HOLD_OVERLAP_ONLY,,too_few_eligible_images
chocolate_mousse,reject,False,,2134,2138,67,69,4,1,awsaf49/food-recognition-2022-dataset|kmader/food41|sainikhileshreddy/food-recognition-2022|shanemarvinmay/food-image-dataset,awsaf49/food-recognition-2022-dataset,chocolate-mousse|chocolate_mousse,classification_pseudo_box_review,source_decision:HOLD_CLASSIFICATION_ONLY|source_decision:HOLD_DUPLICATE_ADAPTER_REQUIRED|source_decision:HOLD_LICENSE_OR_DUPLICATE,,too_few_eligible_images
pizza_with_ham_baked,reject,False,,134,138,67,69,2,1,awsaf49/food-recognition-2022-dataset|sainikhileshreddy/food-recognition-2022,awsaf49/food-recognition-2022-dataset,pizza-with-ham-baked,annotation_category_review,source_decision:HOLD_LICENSE_OR_DUPLICATE,,too_few_eligible_images
tea_peppermint,reject,False,,134,140,67,70,2,1,awsaf49/food-recognition-2022-dataset|sainikhileshreddy/food-recognition-2022,awsaf49/food-recognition-2022-dataset,tea-peppermint,annotation_category_review,source_decision:HOLD_LICENSE_OR_DUPLICATE,,too_few_eligible_images
garlic_ail,reject,False,,66,493,66,493,1,1,henningheyen/lvis-fruits-and-vegetables-dataset,henningheyen/lvis-fruits-and-vegetables-dataset,garlic/ail,yolo_detection,,,too_few_eligible_images
beetroot_raw,reject,False,,130,132,65,66,2,1,awsaf49/food-recognition-2022-dataset|sainikhileshreddy/food-recognition-2022,awsaf49/food-recognition-2022-dataset,beetroot-raw,annotation_category_review,source_decision:HOLD_LICENSE_OR_DUPLICATE,,too_few_eligible_images
capers,reject,False,,130,130,65,65,2,1,awsaf49/food-recognition-2022-dataset|sainikhileshreddy/food-recognition-2022,awsaf49/food-recognition-2022-dataset,capers,annotation_category_review,source_decision:HOLD_LICENSE_OR_DUPLICATE,,too_few_eligible_images
fruit_tart,reject,False,,130,134,65,67,2,1,awsaf49/food-recognition-2022-dataset|sainikhileshreddy/food-recognition-2022,awsaf49/food-recognition-2022-dataset,fruit-tart,annotation_category_review,source_decision:HOLD_LICENSE_OR_DUPLICATE,,too_few_eligible_images
ice_tea,reject,False,,130,138,65,69,2,1,awsaf49/food-recognition-2022-dataset|sainikhileshreddy/food-recognition-2022,awsaf49/food-recognition-2022-dataset,ice-tea,annotation_category_review,source_decision:HOLD_LICENSE_OR_DUPLICATE,,too_few_eligible_images
mixed_seeds,reject,False,,130,130,65,65,2,1,awsaf49/food-recognition-2022-dataset|sainikhileshreddy/food-recognition-2022,awsaf49/food-recognition-2022-dataset,mixed-seeds,annotation_category_review,source_decision:HOLD_LICENSE_OR_DUPLICATE,,too_few_eligible_images
beef_cut_into_stripes_only_meat,reject,False,,128,130,64,65,2,1,awsaf49/food-recognition-2022-dataset|sainikhileshreddy/food-recognition-2022,awsaf49/food-recognition-2022-dataset,beef-cut-into-stripes-only-meat,annotation_category_review,source_decision:HOLD_LICENSE_OR_DUPLICATE,,too_few_eligible_images
oil_vinegar_salad_dressing,reject,False,,128,128,64,64,2,1,awsaf49/food-recognition-2022-dataset|sainikhileshreddy/food-recognition-2022,awsaf49/food-recognition-2022-dataset,oil-vinegar-salad-dressing,annotation_category_review,source_decision:HOLD_LICENSE_OR_DUPLICATE,,too_few_eligible_images
spring_onion_scallion,reject,False,,128,136,64,68,2,1,awsaf49/food-recognition-2022-dataset|sainikhileshreddy/food-recognition-2022,awsaf49/food-recognition-2022-dataset,spring-onion-scallion,annotation_category_review,source_decision:HOLD_LICENSE_OR_DUPLICATE,,too_few_eligible_images
blackberry,reject,False,,83,467,64,448,3,2,awsaf49/food-recognition-2022-dataset|henningheyen/lvis-fruits-and-vegetables-dataset|sainikhileshreddy/food-recognition-2022,awsaf49/food-recognition-2022-dataset|henningheyen/lvis-fruits-and-vegetables-dataset,blackberry,yolo_detection,source_decision:HOLD_LICENSE_OR_DUPLICATE,,too_few_eligible_images
lye_pretzel_soft,reject,False,,126,126,63,63,2,1,awsaf49/food-recognition-2022-dataset|sainikhileshreddy/food-recognition-2022,awsaf49/food-recognition-2022-dataset,lye-pretzel-soft,annotation_category_review,source_decision:HOLD_LICENSE_OR_DUPLICATE,,too_few_eligible_images
pumpkin_seeds,reject,False,,126,130,63,65,2,1,awsaf49/food-recognition-2022-dataset|sainikhileshreddy/food-recognition-2022,awsaf49/food-recognition-2022-dataset,pumpkin-seeds,annotation_category_review,source_decision:HOLD_LICENSE_OR_DUPLICATE,,too_few_eligible_images
quiche_with_cheese_baked_with_puff_pastry,reject,False,,126,132,63,66,2,1,awsaf49/food-recognition-2022-dataset|sainikhileshreddy/food-recognition-2022,awsaf49/food-recognition-2022-dataset,quiche-with-cheese-baked-with-puff-pastry,annotation_category_review,source_decision:HOLD_LICENSE_OR_DUPLICATE,,too_few_eligible_images
juice_apple,reject,False,,124,138,62,69,2,1,awsaf49/food-recognition-2022-dataset|sainikhileshreddy/food-recognition-2022,awsaf49/food-recognition-2022-dataset,juice-apple,annotation_category_review,source_decision:HOLD_LICENSE_OR_DUPLICATE,,too_few_eligible_images
brioche,reject,False,,122,160,61,80,2,1,awsaf49/food-recognition-2022-dataset|sainikhileshreddy/food-recognition-2022,awsaf49/food-recognition-2022-dataset,brioche,annotation_category_review,source_decision:HOLD_LICENSE_OR_DUPLICATE,,too_few_eligible_images
butter_spread_puree_almond,reject,False,,120,130,60,65,2,1,awsaf49/food-recognition-2022-dataset|sainikhileshreddy/food-recognition-2022,awsaf49/food-recognition-2022-dataset,butter-spread-puree-almond,annotation_category_review,source_decision:HOLD_LICENSE_OR_DUPLICATE,,too_few_eligible_images
savoury_puff_pastry,reject,False,,120,122,60,61,2,1,awsaf49/food-recognition-2022-dataset|sainikhileshreddy/food-recognition-2022,awsaf49/food-recognition-2022-dataset,savoury-puff-pastry,annotation_category_review,source_decision:HOLD_LICENSE_OR_DUPLICATE,,too_few_eligible_images
cervelat,reject,False,,118,120,59,60,2,1,awsaf49/food-recognition-2022-dataset|sainikhileshreddy/food-recognition-2022,awsaf49/food-recognition-2022-dataset,cervelat,annotation_category_review,source_decision:HOLD_LICENSE_OR_DUPLICATE,,too_few_eligible_images
fruit_coulis,reject,False,,118,120,59,60,2,1,awsaf49/food-recognition-2022-dataset|sainikhileshreddy/food-recognition-2022,awsaf49/food-recognition-2022-dataset,fruit-coulis,annotation_category_review,source_decision:HOLD_LICENSE_OR_DUPLICATE,,too_few_eligible_images
ham_croissant,reject,False,,118,124,59,62,2,1,awsaf49/food-recognition-2022-dataset|sainikhileshreddy/food-recognition-2022,awsaf49/food-recognition-2022-dataset,ham-croissant,annotation_category_review,source_decision:HOLD_LICENSE_OR_DUPLICATE,,too_few_eligible_images
beef_sirloin_steak,reject,False,,116,116,58,58,2,1,awsaf49/food-recognition-2022-dataset|sainikhileshreddy/food-recognition-2022,awsaf49/food-recognition-2022-dataset,beef-sirloin-steak,annotation_category_review,source_decision:HOLD_LICENSE_OR_DUPLICATE,,too_few_eligible_images
vegetable_au_gratin_baked,reject,False,,116,120,58,60,2,1,awsaf49/food-recognition-2022-dataset|sainikhileshreddy/food-recognition-2022,awsaf49/food-recognition-2022-dataset,vegetable-au-gratin-baked,annotation_category_review,source_decision:HOLD_LICENSE_OR_DUPLICATE,,too_few_eligible_images
wienerli_swiss_sausage,reject,False,,116,120,58,60,2,1,awsaf49/food-recognition-2022-dataset|sainikhileshreddy/food-recognition-2022,awsaf49/food-recognition-2022-dataset,wienerli-swiss-sausage,annotation_category_review,source_decision:HOLD_LICENSE_OR_DUPLICATE,,too_few_eligible_images
olives,reject,False,,58,58,58,58,1,1,fontainenathan/foodseg103,fontainenathan/foodseg103,olives,segmentation_or_mask,,,too_few_eligible_images
focaccia,reject,False,,114,124,57,62,2,1,awsaf49/food-recognition-2022-dataset|sainikhileshreddy/food-recognition-2022,awsaf49/food-recognition-2022-dataset,focaccia,annotation_category_review,source_decision:HOLD_LICENSE_OR_DUPLICATE,,too_few_eligible_images
frying_sausage,reject,False,,114,116,57,58,2,1,awsaf49/food-recognition-2022-dataset|sainikhileshreddy/food-recognition-2022,awsaf49/food-recognition-2022-dataset,frying-sausage,annotation_category_review,source_decision:HOLD_LICENSE_OR_DUPLICATE,,too_few_eligible_images
sunflower_seeds,reject,False,,114,114,57,57,2,1,awsaf49/food-recognition-2022-dataset|sainikhileshreddy/food-recognition-2022,awsaf49/food-recognition-2022-dataset,sunflower-seeds,annotation_category_review,source_decision:HOLD_LICENSE_OR_DUPLICATE,,too_few_eligible_images
chili_con_carne_prepared,reject,False,,110,114,55,57,2,1,awsaf49/food-recognition-2022-dataset|sainikhileshreddy/food-recognition-2022,awsaf49/food-recognition-2022-dataset,chili-con-carne-prepared,annotation_category_review,source_decision:HOLD_LICENSE_OR_DUPLICATE,,too_few_eligible_images
chocolate_cookies,reject,False,,110,112,55,56,2,1,awsaf49/food-recognition-2022-dataset|sainikhileshreddy/food-recognition-2022,awsaf49/food-recognition-2022-dataset,chocolate-cookies,annotation_category_review,source_decision:HOLD_LICENSE_OR_DUPLICATE,,too_few_eligible_images
kefir_drink,reject,False,,110,130,55,65,2,1,awsaf49/food-recognition-2022-dataset|sainikhileshreddy/food-recognition-2022,awsaf49/food-recognition-2022-dataset,kefir-drink,annotation_category_review,source_decision:HOLD_LICENSE_OR_DUPLICATE,,too_few_eligible_images
meat_terrine_pate,reject,False,,110,122,55,61,2,1,awsaf49/food-recognition-2022-dataset|sainikhileshreddy/food-recognition-2022,awsaf49/food-recognition-2022-dataset,meat-terrine-pate,annotation_category_review,source_decision:HOLD_LICENSE_OR_DUPLICATE,,too_few_eligible_images
veggie_burger,reject,False,,108,110,54,55,2,1,awsaf49/food-recognition-2022-dataset|sainikhileshreddy/food-recognition-2022,awsaf49/food-recognition-2022-dataset,veggie-burger,annotation_category_review,source_decision:HOLD_LICENSE_OR_DUPLICATE,,too_few_eligible_images
figs,reject,False,,106,106,53,53,2,1,awsaf49/food-recognition-2022-dataset|sainikhileshreddy/food-recognition-2022,awsaf49/food-recognition-2022-dataset,figs,annotation_category_review,source_decision:HOLD_LICENSE_OR_DUPLICATE,,too_few_eligible_images
alfa_sprouts,reject,False,,104,104,52,52,2,1,awsaf49/food-recognition-2022-dataset|sainikhileshreddy/food-recognition-2022,awsaf49/food-recognition-2022-dataset,alfa-sprouts,annotation_category_review,source_decision:HOLD_LICENSE_OR_DUPLICATE,,too_few_eligible_images
bacon,reject,False,,102,102,51,51,2,1,awsaf49/food-recognition-2022-dataset|sainikhileshreddy/food-recognition-2022,awsaf49/food-recognition-2022-dataset,bacon,annotation_category_review,source_decision:HOLD_LICENSE_OR_DUPLICATE,,too_few_eligible_images
bell_pepper_red_stewed_without_addition_of_fat_without_addition_of_salt,reject,False,,102,102,51,51,2,1,awsaf49/food-recognition-2022-dataset|sainikhileshreddy/food-recognition-2022,awsaf49/food-recognition-2022-dataset,bell-pepper-red-stewed-without-addition-of-fat-without-addition-of-salt,annotation_category_review,source_decision:HOLD_LICENSE_OR_DUPLICATE,,too_few_eligible_images
rice_wild,reject,False,,102,102,51,51,2,1,awsaf49/food-recognition-2022-dataset|sainikhileshreddy/food-recognition-2022,awsaf49/food-recognition-2022-dataset,rice-wild,annotation_category_review,source_decision:HOLD_LICENSE_OR_DUPLICATE,,too_few_eligible_images
mi_xao,reject,False,,51,51,51,51,1,1,trungquncao/vietnamese-food,trungquncao/vietnamese-food,mi xao,classification_pseudo_box_review,,,too_few_eligible_images
hamburger,reject,False,,12523,15979,50,51,5,1,awsaf49/food-recognition-2022-dataset|kmader/food41|sainikhileshreddy/food-recognition-2022|shanemarvinmay/food-image-dataset|thomasnguyen6868/vietfood68,awsaf49/food-recognition-2022-dataset,Hamburger|hamburger,yolo_detection,private_or_noncommercial_license:cc-by-nc-sa-4.0|source_decision:HOLD_CLASSIFICATION_ONLY|source_decision:HOLD_DUPLICATE_ADAPTER_REQUIRED|source_decision:HOLD_LICENSE_OR_DUPLICATE,,base_reject_alias
bread_ticino,reject,False,,100,100,50,50,2,1,awsaf49/food-recognition-2022-dataset|sainikhileshreddy/food-recognition-2022,awsaf49/food-recognition-2022-dataset,bread-ticino,annotation_category_review,source_decision:HOLD_LICENSE_OR_DUPLICATE,,too_few_eligible_images
pasta_in_butterfly_form_farfalle,reject,False,,100,100,50,50,2,1,awsaf49/food-recognition-2022-dataset|sainikhileshreddy/food-recognition-2022,awsaf49/food-recognition-2022-dataset,pasta-in-butterfly-form-farfalle,annotation_category_review,source_decision:HOLD_LICENSE_OR_DUPLICATE,,too_few_eligible_images
porridge_prepared_with_partially_skimmed_milk,reject,False,,100,100,50,50,2,1,awsaf49/food-recognition-2022-dataset|sainikhileshreddy/food-recognition-2022,awsaf49/food-recognition-2022-dataset,porridge-prepared-with-partially-skimmed-milk,annotation_category_review,source_decision:HOLD_LICENSE_OR_DUPLICATE,,too_few_eligible_images
basil,reject,False,,98,102,49,51,2,1,awsaf49/food-recognition-2022-dataset|sainikhileshreddy/food-recognition-2022,awsaf49/food-recognition-2022-dataset,basil,annotation_category_review,source_decision:HOLD_LICENSE_OR_DUPLICATE,,too_few_eligible_images
bouillon,reject,False,,98,100,49,50,2,1,awsaf49/food-recognition-2022-dataset|sainikhileshreddy/food-recognition-2022,awsaf49/food-recognition-2022-dataset,bouillon,annotation_category_review,source_decision:HOLD_LICENSE_OR_DUPLICATE,,too_few_eligible_images
curds_natural_with_at_most_10_fidm,reject,False,,98,98,49,49,2,1,awsaf49/food-recognition-2022-dataset|sainikhileshreddy/food-recognition-2022,awsaf49/food-recognition-2022-dataset,curds-natural-with-at-most-10-fidm,annotation_category_review,source_decision:HOLD_LICENSE_OR_DUPLICATE,,too_few_eligible_images
pine_nuts,reject,False,,98,98,49,49,2,1,awsaf49/food-recognition-2022-dataset|sainikhileshreddy/food-recognition-2022,awsaf49/food-recognition-2022-dataset,pine-nuts,annotation_category_review,source_decision:HOLD_LICENSE_OR_DUPLICATE,,too_few_eligible_images
tea_verveine,reject,False,,98,106,49,53,2,1,awsaf49/food-recognition-2022-dataset|sainikhileshreddy/food-recognition-2022,awsaf49/food-recognition-2022-dataset,tea-verveine,annotation_category_review,source_decision:HOLD_LICENSE_OR_DUPLICATE,,too_few_eligible_images
brussel_sprouts,reject,False,,96,96,48,48,2,1,awsaf49/food-recognition-2022-dataset|sainikhileshreddy/food-recognition-2022,awsaf49/food-recognition-2022-dataset,brussel-sprouts,annotation_category_review,source_decision:HOLD_LICENSE_OR_DUPLICATE,,too_few_eligible_images
parsley,reject,False,,96,98,48,49,2,1,awsaf49/food-recognition-2022-dataset|sainikhileshreddy/food-recognition-2022,awsaf49/food-recognition-2022-dataset,parsley,annotation_category_review,source_decision:HOLD_LICENSE_OR_DUPLICATE,,too_few_eligible_images
sauerkraut,reject,False,,96,96,48,48,2,1,awsaf49/food-recognition-2022-dataset|sainikhileshreddy/food-recognition-2022,awsaf49/food-recognition-2022-dataset,sauerkraut,annotation_category_review,source_decision:HOLD_LICENSE_OR_DUPLICATE,,too_few_eligible_images
eggplant_aubergine,reject,False,,48,351,48,351,1,1,henningheyen/lvis-fruits-and-vegetables-dataset,henningheyen/lvis-fruits-and-vegetables-dataset,eggplant/aubergine,yolo_detection,,,too_few_eligible_images
cherries,reject,False,,94,94,47,47,2,1,awsaf49/food-recognition-2022-dataset|sainikhileshreddy/food-recognition-2022,awsaf49/food-recognition-2022-dataset,cherries,annotation_category_review,source_decision:HOLD_LICENSE_OR_DUPLICATE,,too_few_eligible_images
lentils_green_du_puy_du_berry,reject,False,,94,98,47,49,2,1,awsaf49/food-recognition-2022-dataset|sainikhileshreddy/food-recognition-2022,awsaf49/food-recognition-2022-dataset,lentils-green-du-puy-du-berry,annotation_category_review,source_decision:HOLD_LICENSE_OR_DUPLICATE,,too_few_eligible_images
spinach_raw,reject,False,,94,96,47,48,2,1,awsaf49/food-recognition-2022-dataset|sainikhileshreddy/food-recognition-2022,awsaf49/food-recognition-2022-dataset,spinach-raw,annotation_category_review,source_decision:HOLD_LICENSE_OR_DUPLICATE,,too_few_eligible_images
spinach_steamed_without_addition_of_salt,reject,False,,94,94,47,47,2,1,awsaf49/food-recognition-2022-dataset|sainikhileshreddy/food-recognition-2022,awsaf49/food-recognition-2022-dataset,spinach-steamed-without-addition-of-salt,annotation_category_review,source_decision:HOLD_LICENSE_OR_DUPLICATE,,too_few_eligible_images
crisp_bread_wasa,reject,False,,92,92,46,46,2,1,awsaf49/food-recognition-2022-dataset|sainikhileshreddy/food-recognition-2022,awsaf49/food-recognition-2022-dataset,crisp-bread-wasa,annotation_category_review,source_decision:HOLD_LICENSE_OR_DUPLICATE,,too_few_eligible_images
pasta_in_conch_form,reject,False,,92,92,46,46,2,1,awsaf49/food-recognition-2022-dataset|sainikhileshreddy/food-recognition-2022,awsaf49/food-recognition-2022-dataset,pasta-in-conch-form,annotation_category_review,source_decision:HOLD_LICENSE_OR_DUPLICATE,,too_few_eligible_images
rusk_wholemeal,reject,False,,92,102,46,51,2,1,awsaf49/food-recognition-2022-dataset|sainikhileshreddy/food-recognition-2022,awsaf49/food-recognition-2022-dataset,rusk-wholemeal,annotation_category_review,source_decision:HOLD_LICENSE_OR_DUPLICATE,,too_few_eligible_images
zucchini_stewed_without_addition_of_fat_without_addition_of_salt,reject,False,,92,92,46,46,2,1,awsaf49/food-recognition-2022-dataset|sainikhileshreddy/food-recognition-2022,awsaf49/food-recognition-2022-dataset,zucchini-stewed-without-addition-of-fat-without-addition-of-salt,annotation_category_review,source_decision:HOLD_LICENSE_OR_DUPLICATE,,too_few_eligible_images
soy,reject,False,,46,46,46,46,1,1,fontainenathan/foodseg103,fontainenathan/foodseg103,soy,segmentation_or_mask,,,too_few_eligible_images
emmental_cheese,reject,False,,90,92,45,46,2,1,awsaf49/food-recognition-2022-dataset|sainikhileshreddy/food-recognition-2022,awsaf49/food-recognition-2022-dataset,emmental-cheese,annotation_category_review,source_decision:HOLD_LICENSE_OR_DUPLICATE,,too_few_eligible_images
spring_roll_fried,reject,False,,90,92,45,46,2,1,awsaf49/food-recognition-2022-dataset|sainikhileshreddy/food-recognition-2022,awsaf49/food-recognition-2022-dataset,spring-roll-fried,annotation_category_review,source_decision:HOLD_LICENSE_OR_DUPLICATE,,too_few_eligible_images
chestnuts,reject,False,,88,90,44,45,2,1,awsaf49/food-recognition-2022-dataset|sainikhileshreddy/food-recognition-2022,awsaf49/food-recognition-2022-dataset,chestnuts,annotation_category_review,source_decision:HOLD_LICENSE_OR_DUPLICATE,,too_few_eligible_images
coconut,reject,False,,88,90,44,45,2,1,awsaf49/food-recognition-2022-dataset|sainikhileshreddy/food-recognition-2022,awsaf49/food-recognition-2022-dataset,coconut,annotation_category_review,source_decision:HOLD_LICENSE_OR_DUPLICATE,,too_few_eligible_images
cordon_bleu_from_pork_schnitzel_fried,reject,False,,88,92,44,46,2,1,awsaf49/food-recognition-2022-dataset|sainikhileshreddy/food-recognition-2022,awsaf49/food-recognition-2022-dataset,cordon-bleu-from-pork-schnitzel-fried,annotation_category_review,source_decision:HOLD_LICENSE_OR_DUPLICATE,,too_few_eligible_images
quiche_with_spinach_baked_with_cake_dough,reject,False,,88,88,44,44,2,1,awsaf49/food-recognition-2022-dataset|sainikhileshreddy/food-recognition-2022,awsaf49/food-recognition-2022-dataset,quiche-with-spinach-baked-with-cake-dough,annotation_category_review,source_decision:HOLD_LICENSE_OR_DUPLICATE,,too_few_eligible_images
white_bread_with_butter_eggs_and_milk,reject,False,,88,94,44,47,2,1,awsaf49/food-recognition-2022-dataset|sainikhileshreddy/food-recognition-2022,awsaf49/food-recognition-2022-dataset,white-bread-with-butter-eggs-and-milk,annotation_category_review,source_decision:HOLD_LICENSE_OR_DUPLICATE,,too_few_eligible_images
meatloaf,reject,False,,584,585,43,43,3,1,awsaf49/food-recognition-2022-dataset|sainikhileshreddy/food-recognition-2022|youssefahmed003/junk-food-object-detection-dataset-yolo-format,awsaf49/food-recognition-2022-dataset,Meatloaf|meatloaf,yolo_detection,source_decision:HOLD_LICENSE_OR_DUPLICATE|source_decision:HOLD_OVERLAP_ONLY,,too_few_eligible_images
chicken_nuggets,reject,False,,86,86,43,43,2,1,awsaf49/food-recognition-2022-dataset|sainikhileshreddy/food-recognition-2022,awsaf49/food-recognition-2022-dataset,chicken-nuggets,annotation_category_review,source_decision:HOLD_LICENSE_OR_DUPLICATE,,too_few_eligible_images
croutons,reject,False,,86,88,43,44,2,1,awsaf49/food-recognition-2022-dataset|sainikhileshreddy/food-recognition-2022,awsaf49/food-recognition-2022-dataset,croutons,annotation_category_review,source_decision:HOLD_LICENSE_OR_DUPLICATE,,too_few_eligible_images
fish_fingers_breaded,reject,False,,86,86,43,43,2,1,awsaf49/food-recognition-2022-dataset|sainikhileshreddy/food-recognition-2022,awsaf49/food-recognition-2022-dataset,fish-fingers-breaded,annotation_category_review,source_decision:HOLD_LICENSE_OR_DUPLICATE,,too_few_eligible_images
romanesco,reject,False,,86,90,43,45,2,1,awsaf49/food-recognition-2022-dataset|sainikhileshreddy/food-recognition-2022,awsaf49/food-recognition-2022-dataset,romanesco,annotation_category_review,source_decision:HOLD_LICENSE_OR_DUPLICATE,,too_few_eligible_images
seeds,reject,False,,86,86,43,43,2,1,awsaf49/food-recognition-2022-dataset|sainikhileshreddy/food-recognition-2022,awsaf49/food-recognition-2022-dataset,seeds,annotation_category_review,source_decision:HOLD_LICENSE_OR_DUPLICATE,,too_few_eligible_images
smoothie,reject,False,,86,88,43,44,2,1,awsaf49/food-recognition-2022-dataset|sainikhileshreddy/food-recognition-2022,awsaf49/food-recognition-2022-dataset,smoothie,annotation_category_review,source_decision:HOLD_LICENSE_OR_DUPLICATE,,too_few_eligible_images
melon,reject,False,,43,235,43,235,2,2,fontainenathan/foodseg103|henningheyen/lvis-fruits-and-vegetables-dataset,fontainenathan/foodseg103|henningheyen/lvis-fruits-and-vegetables-dataset,melon,segmentation_or_mask,,,too_few_eligible_images
shellfish,reject,False,,43,43,43,43,1,1,fontainenathan/foodseg103,fontainenathan/foodseg103,shellfish,segmentation_or_mask,,,too_few_eligible_images
muffin,reject,False,,584,1178,42,43,3,1,awsaf49/food-recognition-2022-dataset|sainikhileshreddy/food-recognition-2022|youssefahmed003/junk-food-object-detection-dataset-yolo-format,awsaf49/food-recognition-2022-dataset,Muffin|muffin,yolo_detection,source_decision:HOLD_LICENSE_OR_DUPLICATE|source_decision:HOLD_OVERLAP_ONLY,,too_few_eligible_images
beef_roast,reject,False,,84,84,42,42,2,1,awsaf49/food-recognition-2022-dataset|sainikhileshreddy/food-recognition-2022,awsaf49/food-recognition-2022-dataset,beef-roast,annotation_category_review,source_decision:HOLD_LICENSE_OR_DUPLICATE,,too_few_eligible_images
bulgur,reject,False,,84,90,42,45,2,1,awsaf49/food-recognition-2022-dataset|sainikhileshreddy/food-recognition-2022,awsaf49/food-recognition-2022-dataset,bulgur,annotation_category_review,source_decision:HOLD_LICENSE_OR_DUPLICATE,,too_few_eligible_images
shoots,reject,False,,84,84,42,42,2,1,awsaf49/food-recognition-2022-dataset|sainikhileshreddy/food-recognition-2022,awsaf49/food-recognition-2022-dataset,shoots,annotation_category_review,source_decision:HOLD_LICENSE_OR_DUPLICATE,,too_few_eligible_images
tzatziki,reject,False,,84,84,42,42,2,1,awsaf49/food-recognition-2022-dataset|sainikhileshreddy/food-recognition-2022,awsaf49/food-recognition-2022-dataset,tzatziki,annotation_category_review,source_decision:HOLD_LICENSE_OR_DUPLICATE,,too_few_eligible_images
bread_spelt,reject,False,,82,84,41,42,2,1,awsaf49/food-recognition-2022-dataset|sainikhileshreddy/food-recognition-2022,awsaf49/food-recognition-2022-dataset,bread-spelt,annotation_category_review,source_decision:HOLD_LICENSE_OR_DUPLICATE,,too_few_eligible_images
pizza_with_ham_with_mushrooms_baked,reject,False,,82,82,41,41,2,1,awsaf49/food-recognition-2022-dataset|sainikhileshreddy/food-recognition-2022,awsaf49/food-recognition-2022-dataset,pizza-with-ham-with-mushrooms-baked,annotation_category_review,source_decision:HOLD_LICENSE_OR_DUPLICATE,,too_few_eligible_images
shrimp_boiled,reject,False,,82,82,41,41,2,1,awsaf49/food-recognition-2022-dataset|sainikhileshreddy/food-recognition-2022,awsaf49/food-recognition-2022-dataset,shrimp-boiled,annotation_category_review,source_decision:HOLD_LICENSE_OR_DUPLICATE,,too_few_eligible_images
sample_images,reject,False,,41,41,41,41,1,1,warcoder/fruit-recognition-and-calories-estimation,warcoder/fruit-recognition-and-calories-estimation,Sample_Images,classification_pseudo_box_review,,,too_few_eligible_images
bacon_raw,reject,False,,80,82,40,41,2,1,awsaf49/food-recognition-2022-dataset|sainikhileshreddy/food-recognition-2022,awsaf49/food-recognition-2022-dataset,bacon-raw,annotation_category_review,source_decision:HOLD_LICENSE_OR_DUPLICATE,,too_few_eligible_images
cream_spinach,reject,False,,80,80,40,40,2,1,awsaf49/food-recognition-2022-dataset|sainikhileshreddy/food-recognition-2022,awsaf49/food-recognition-2022-dataset,cream-spinach,annotation_category_review,source_decision:HOLD_LICENSE_OR_DUPLICATE,,too_few_eligible_images
pork_escalope,reject,False,,80,84,40,42,2,1,awsaf49/food-recognition-2022-dataset|sainikhileshreddy/food-recognition-2022,awsaf49/food-recognition-2022-dataset,pork-escalope,annotation_category_review,source_decision:HOLD_LICENSE_OR_DUPLICATE,,too_few_eligible_images
apricot,reject,False,,40,92,40,92,2,2,fontainenathan/foodseg103|henningheyen/lvis-fruits-and-vegetables-dataset,fontainenathan/foodseg103|henningheyen/lvis-fruits-and-vegetables-dataset,apricot,segmentation_or_mask,,,too_few_eligible_images
halloumi,reject,False,,78,78,39,39,2,1,awsaf49/food-recognition-2022-dataset|sainikhileshreddy/food-recognition-2022,awsaf49/food-recognition-2022-dataset,halloumi,annotation_category_review,source_decision:HOLD_LICENSE_OR_DUPLICATE,,too_few_eligible_images
processed_meat_charcuterie,reject,False,,78,80,39,40,2,1,awsaf49/food-recognition-2022-dataset|sainikhileshreddy/food-recognition-2022,awsaf49/food-recognition-2022-dataset,processed-meat-charcuterie,annotation_category_review,source_decision:HOLD_LICENSE_OR_DUPLICATE,,too_few_eligible_images
curd,reject,False,,76,80,38,40,2,1,awsaf49/food-recognition-2022-dataset|sainikhileshreddy/food-recognition-2022,awsaf49/food-recognition-2022-dataset,curd,annotation_category_review,source_decision:HOLD_LICENSE_OR_DUPLICATE,,too_few_eligible_images
fondue,reject,False,,76,82,38,41,2,1,awsaf49/food-recognition-2022-dataset|sainikhileshreddy/food-recognition-2022,awsaf49/food-recognition-2022-dataset,fondue,annotation_category_review,source_decision:HOLD_LICENSE_OR_DUPLICATE,,too_few_eligible_images
mustard_dijon,reject,False,,76,78,38,39,2,1,awsaf49/food-recognition-2022-dataset|sainikhileshreddy/food-recognition-2022,awsaf49/food-recognition-2022-dataset,mustard-dijon,annotation_category_review,source_decision:HOLD_LICENSE_OR_DUPLICATE,,too_few_eligible_images
pasta_ravioli_stuffing,reject,False,,76,76,38,38,2,1,awsaf49/food-recognition-2022-dataset|sainikhileshreddy/food-recognition-2022,awsaf49/food-recognition-2022-dataset,pasta-ravioli-stuffing,annotation_category_review,source_decision:HOLD_LICENSE_OR_DUPLICATE,,too_few_eligible_images
pie_plum_baked_with_cake_dough,reject,False,,76,84,38,42,2,1,awsaf49/food-recognition-2022-dataset|sainikhileshreddy/food-recognition-2022,awsaf49/food-recognition-2022-dataset,pie-plum-baked-with-cake-dough,annotation_category_review,source_decision:HOLD_LICENSE_OR_DUPLICATE,,too_few_eligible_images
crackers,reject,False,,74,76,37,38,2,1,awsaf49/food-recognition-2022-dataset|sainikhileshreddy/food-recognition-2022,awsaf49/food-recognition-2022-dataset,crackers,annotation_category_review,source_decision:HOLD_LICENSE_OR_DUPLICATE,,too_few_eligible_images
dough_puff_pastry_shortcrust_bread_pizza_dough,reject,False,,74,78,37,39,2,1,awsaf49/food-recognition-2022-dataset|sainikhileshreddy/food-recognition-2022,awsaf49/food-recognition-2022-dataset,dough-puff-pastry-shortcrust-bread-pizza-dough,annotation_category_review,source_decision:HOLD_LICENSE_OR_DUPLICATE,,too_few_eligible_images
hamburger_bun,reject,False,,74,74,37,37,2,1,awsaf49/food-recognition-2022-dataset|sainikhileshreddy/food-recognition-2022,awsaf49/food-recognition-2022-dataset,hamburger-bun,annotation_category_review,source_decision:HOLD_LICENSE_OR_DUPLICATE,,too_few_eligible_images
lemon_cake,reject,False,,74,86,37,43,2,1,awsaf49/food-recognition-2022-dataset|sainikhileshreddy/food-recognition-2022,awsaf49/food-recognition-2022-dataset,lemon-cake,annotation_category_review,source_decision:HOLD_LICENSE_OR_DUPLICATE,,too_few_eligible_images
meat,reject,False,,74,74,37,37,2,1,awsaf49/food-recognition-2022-dataset|sainikhileshreddy/food-recognition-2022,awsaf49/food-recognition-2022-dataset,meat,annotation_category_review,source_decision:HOLD_LICENSE_OR_DUPLICATE,,too_few_eligible_images
pearl_onions,reject,False,,74,100,37,50,2,1,awsaf49/food-recognition-2022-dataset|sainikhileshreddy/food-recognition-2022,awsaf49/food-recognition-2022-dataset,pearl-onions,annotation_category_review,source_decision:HOLD_LICENSE_OR_DUPLICATE,,too_few_eligible_images
sorbet,reject,False,,74,76,37,38,2,1,awsaf49/food-recognition-2022-dataset|sainikhileshreddy/food-recognition-2022,awsaf49/food-recognition-2022-dataset,sorbet,annotation_category_review,source_decision:HOLD_LICENSE_OR_DUPLICATE,,too_few_eligible_images
bean_sprouts,reject,False,,37,37,37,37,1,1,fontainenathan/foodseg103,fontainenathan/foodseg103,bean sprouts,segmentation_or_mask,,,too_few_eligible_images
cheddar,reject,False,,72,72,36,36,2,1,awsaf49/food-recognition-2022-dataset|sainikhileshreddy/food-recognition-2022,awsaf49/food-recognition-2022-dataset,cheddar,annotation_category_review,source_decision:HOLD_LICENSE_OR_DUPLICATE,,too_few_eligible_images
grapefruit_pomelo,reject,False,,72,72,36,36,2,1,awsaf49/food-recognition-2022-dataset|sainikhileshreddy/food-recognition-2022,awsaf49/food-recognition-2022-dataset,grapefruit-pomelo,annotation_category_review,source_decision:HOLD_LICENSE_OR_DUPLICATE,,too_few_eligible_images
high_protein_pasta_made_of_lentils_peas,reject,False,,72,72,36,36,2,1,awsaf49/food-recognition-2022-dataset|sainikhileshreddy/food-recognition-2022,awsaf49/food-recognition-2022-dataset,high-protein-pasta-made-of-lentils-peas,annotation_category_review,source_decision:HOLD_LICENSE_OR_DUPLICATE,,too_few_eligible_images
potato_salad_with_mayonnaise_yogurt_dressing,reject,False,,72,72,36,36,2,1,awsaf49/food-recognition-2022-dataset|sainikhileshreddy/food-recognition-2022,awsaf49/food-recognition-2022-dataset,potato-salad-with-mayonnaise-yogurt-dressing,annotation_category_review,source_decision:HOLD_LICENSE_OR_DUPLICATE,,too_few_eligible_images
tuna_in_oil_drained,reject,False,,72,72,36,36,2,1,awsaf49/food-recognition-2022-dataset|sainikhileshreddy/food-recognition-2022,awsaf49/food-recognition-2022-dataset,tuna-in-oil-drained,annotation_category_review,source_decision:HOLD_LICENSE_OR_DUPLICATE,,too_few_eligible_images
beans_white,reject,False,,70,70,35,35,2,1,awsaf49/food-recognition-2022-dataset|sainikhileshreddy/food-recognition-2022,awsaf49/food-recognition-2022-dataset,beans-white,annotation_category_review,source_decision:HOLD_LICENSE_OR_DUPLICATE,,too_few_eligible_images
cantonese_fried_rice,reject,False,,70,70,35,35,2,1,awsaf49/food-recognition-2022-dataset|sainikhileshreddy/food-recognition-2022,awsaf49/food-recognition-2022-dataset,cantonese-fried-rice,annotation_category_review,source_decision:HOLD_LICENSE_OR_DUPLICATE,,too_few_eligible_images
croissant_wholegrain,reject,False,,70,70,35,35,2,1,awsaf49/food-recognition-2022-dataset|sainikhileshreddy/food-recognition-2022,awsaf49/food-recognition-2022-dataset,croissant-wholegrain,annotation_category_review,source_decision:HOLD_LICENSE_OR_DUPLICATE,,too_few_eligible_images
juice_multifruit,reject,False,,70,72,35,36,2,1,awsaf49/food-recognition-2022-dataset|sainikhileshreddy/food-recognition-2022,awsaf49/food-recognition-2022-dataset,juice-multifruit,annotation_category_review,source_decision:HOLD_LICENSE_OR_DUPLICATE,,too_few_eligible_images
kaki,reject,False,,70,70,35,35,2,1,awsaf49/food-recognition-2022-dataset|sainikhileshreddy/food-recognition-2022,awsaf49/food-recognition-2022-dataset,kaki,annotation_category_review,source_decision:HOLD_LICENSE_OR_DUPLICATE,,too_few_eligible_images
processed_cheese,reject,False,,568,632,34,34,3,1,awsaf49/food-recognition-2022-dataset|sainikhileshreddy/food-recognition-2022|youssefahmed003/junk-food-object-detection-dataset-yolo-format,awsaf49/food-recognition-2022-dataset,Processed_Cheese|processed-cheese,yolo_detection,source_decision:HOLD_LICENSE_OR_DUPLICATE|source_decision:HOLD_OVERLAP_ONLY,,too_few_eligible_images
bread_olive,reject,False,,68,68,34,34,2,1,awsaf49/food-recognition-2022-dataset|sainikhileshreddy/food-recognition-2022,awsaf49/food-recognition-2022-dataset,bread-olive,annotation_category_review,source_decision:HOLD_LICENSE_OR_DUPLICATE,,too_few_eligible_images
dips,reject,False,,68,68,34,34,2,1,awsaf49/food-recognition-2022-dataset|sainikhileshreddy/food-recognition-2022,awsaf49/food-recognition-2022-dataset,dips,annotation_category_review,source_decision:HOLD_LICENSE_OR_DUPLICATE,,too_few_eligible_images
ebly,reject,False,,68,72,34,36,2,1,awsaf49/food-recognition-2022-dataset|sainikhileshreddy/food-recognition-2022,awsaf49/food-recognition-2022-dataset,ebly,annotation_category_review,source_decision:HOLD_LICENSE_OR_DUPLICATE,,too_few_eligible_images
goat_average_raw,reject,False,,68,72,34,36,2,1,awsaf49/food-recognition-2022-dataset|sainikhileshreddy/food-recognition-2022,awsaf49/food-recognition-2022-dataset,goat-average-raw,annotation_category_review,source_decision:HOLD_LICENSE_OR_DUPLICATE,,too_few_eligible_images
risotto_with_mushrooms_cooked,reject,False,,68,68,34,34,2,1,awsaf49/food-recognition-2022-dataset|sainikhileshreddy/food-recognition-2022,awsaf49/food-recognition-2022-dataset,risotto-with-mushrooms-cooked,annotation_category_review,source_decision:HOLD_LICENSE_OR_DUPLICATE,,too_few_eligible_images
red_beans,reject,False,,34,34,34,34,1,1,fontainenathan/foodseg103,fontainenathan/foodseg103,red beans,segmentation_or_mask,,,too_few_eligible_images
panna_cotta,reject,False,,2066,2068,33,34,4,1,awsaf49/food-recognition-2022-dataset|kmader/food41|sainikhileshreddy/food-recognition-2022|shanemarvinmay/food-image-dataset,awsaf49/food-recognition-2022-dataset,panna-cotta|panna_cotta,classification_pseudo_box_review,source_decision:HOLD_CLASSIFICATION_ONLY|source_decision:HOLD_DUPLICATE_ADAPTER_REQUIRED|source_decision:HOLD_LICENSE_OR_DUPLICATE,,too_few_eligible_images
anchovies,reject,False,,66,72,33,36,2,1,awsaf49/food-recognition-2022-dataset|sainikhileshreddy/food-recognition-2022,awsaf49/food-recognition-2022-dataset,anchovies,annotation_category_review,source_decision:HOLD_LICENSE_OR_DUPLICATE,,too_few_eligible_images
apple_crumble,reject,False,,66,66,33,33,2,1,awsaf49/food-recognition-2022-dataset|sainikhileshreddy/food-recognition-2022,awsaf49/food-recognition-2022-dataset,apple-crumble,annotation_category_review,source_decision:HOLD_LICENSE_OR_DUPLICATE,,too_few_eligible_images
bouquet_garni,reject,False,,66,68,33,34,2,1,awsaf49/food-recognition-2022-dataset|sainikhileshreddy/food-recognition-2022,awsaf49/food-recognition-2022-dataset,bouquet-garni,annotation_category_review,source_decision:HOLD_LICENSE_OR_DUPLICATE,,too_few_eligible_images
brie,reject,False,,66,68,33,34,2,1,awsaf49/food-recognition-2022-dataset|sainikhileshreddy/food-recognition-2022,awsaf49/food-recognition-2022-dataset,brie,annotation_category_review,source_decision:HOLD_LICENSE_OR_DUPLICATE,,too_few_eligible_images
buckwheat_grain_peeled,reject,False,,66,66,33,33,2,1,awsaf49/food-recognition-2022-dataset|sainikhileshreddy/food-recognition-2022,awsaf49/food-recognition-2022-dataset,buckwheat-grain-peeled,annotation_category_review,source_decision:HOLD_LICENSE_OR_DUPLICATE,,too_few_eligible_images
butter_herb,reject,False,,66,68,33,34,2,1,awsaf49/food-recognition-2022-dataset|sainikhileshreddy/food-recognition-2022,awsaf49/food-recognition-2022-dataset,butter-herb,annotation_category_review,source_decision:HOLD_LICENSE_OR_DUPLICATE,,too_few_eligible_images
chicken_wing,reject,False,,66,68,33,34,2,1,awsaf49/food-recognition-2022-dataset|sainikhileshreddy/food-recognition-2022,awsaf49/food-recognition-2022-dataset,chicken-wing,annotation_category_review,source_decision:HOLD_LICENSE_OR_DUPLICATE,,too_few_eligible_images
chives,reject,False,,66,66,33,33,2,1,awsaf49/food-recognition-2022-dataset|sainikhileshreddy/food-recognition-2022,awsaf49/food-recognition-2022-dataset,chives,annotation_category_review,source_decision:HOLD_LICENSE_OR_DUPLICATE,,too_few_eligible_images
coca_cola,reject,False,,66,68,33,34,2,1,awsaf49/food-recognition-2022-dataset|sainikhileshreddy/food-recognition-2022,awsaf49/food-recognition-2022-dataset,coca-cola,annotation_category_review,source_decision:HOLD_LICENSE_OR_DUPLICATE,,too_few_eligible_images
coca_cola_zero,reject,False,,66,70,33,35,2,1,awsaf49/food-recognition-2022-dataset|sainikhileshreddy/food-recognition-2022,awsaf49/food-recognition-2022-dataset,coca-cola-zero,annotation_category_review,source_decision:HOLD_LICENSE_OR_DUPLICATE,,too_few_eligible_images
cocktail,reject,False,,66,66,33,33,2,1,awsaf49/food-recognition-2022-dataset|sainikhileshreddy/food-recognition-2022,awsaf49/food-recognition-2022-dataset,cocktail,annotation_category_review,source_decision:HOLD_LICENSE_OR_DUPLICATE,,too_few_eligible_images
coconut_milk,reject,False,,66,70,33,35,2,1,awsaf49/food-recognition-2022-dataset|sainikhileshreddy/food-recognition-2022,awsaf49/food-recognition-2022-dataset,coconut-milk,annotation_category_review,source_decision:HOLD_LICENSE_OR_DUPLICATE,,too_few_eligible_images
pasta_tortelloni_stuffing,reject,False,,66,66,33,33,2,1,awsaf49/food-recognition-2022-dataset|sainikhileshreddy/food-recognition-2022,awsaf49/food-recognition-2022-dataset,pasta-tortelloni-stuffing,annotation_category_review,source_decision:HOLD_LICENSE_OR_DUPLICATE,,too_few_eligible_images
rice_waffels,reject,False,,66,68,33,34,2,1,awsaf49/food-recognition-2022-dataset|sainikhileshreddy/food-recognition-2022,awsaf49/food-recognition-2022-dataset,rice-waffels,annotation_category_review,source_decision:HOLD_LICENSE_OR_DUPLICATE,,too_few_eligible_images
tete_de_moine,reject,False,,66,66,33,33,2,1,awsaf49/food-recognition-2022-dataset|sainikhileshreddy/food-recognition-2022,awsaf49/food-recognition-2022-dataset,tete-de-moine,annotation_category_review,source_decision:HOLD_LICENSE_OR_DUPLICATE,,too_few_eligible_images
cheesecake,reject,False,,2645,2648,32,33,5,1,awsaf49/food-recognition-2022-dataset|kmader/food41|sainikhileshreddy/food-recognition-2022|shanemarvinmay/food-image-dataset|youssefahmed003/junk-food-object-detection-dataset-yolo-format,awsaf49/food-recognition-2022-dataset,cheesecake,classification_pseudo_box_review,source_decision:HOLD_CLASSIFICATION_ONLY|source_decision:HOLD_DUPLICATE_ADAPTER_REQUIRED|source_decision:HOLD_LICENSE_OR_DUPLICATE|source_decision:HOLD_OVERLAP_ONLY,,too_few_eligible_images
pork_chop,reject,False,,2064,2064,32,32,4,1,awsaf49/food-recognition-2022-dataset|kmader/food41|sainikhileshreddy/food-recognition-2022|shanemarvinmay/food-image-dataset,awsaf49/food-recognition-2022-dataset,pork-chop|pork_chop,classification_pseudo_box_review,source_decision:HOLD_CLASSIFICATION_ONLY|source_decision:HOLD_DUPLICATE_ADAPTER_REQUIRED|source_decision:HOLD_LICENSE_OR_DUPLICATE,,too_few_eligible_images
lamb_chop,reject,False,,64,64,32,32,2,1,awsaf49/food-recognition-2022-dataset|sainikhileshreddy/food-recognition-2022,awsaf49/food-recognition-2022-dataset,lamb-chop,annotation_category_review,source_decision:HOLD_LICENSE_OR_DUPLICATE,,too_few_eligible_images
latte_macchiato_with_caffeine,reject,False,,64,70,32,35,2,1,awsaf49/food-recognition-2022-dataset|sainikhileshreddy/food-recognition-2022,awsaf49/food-recognition-2022-dataset,latte-macchiato-with-caffeine,annotation_category_review,source_decision:HOLD_LICENSE_OR_DUPLICATE,,too_few_eligible_images
mungbean_sprouts,reject,False,,64,64,32,32,2,1,awsaf49/food-recognition-2022-dataset|sainikhileshreddy/food-recognition-2022,awsaf49/food-recognition-2022-dataset,mungbean-sprouts,annotation_category_review,source_decision:HOLD_LICENSE_OR_DUPLICATE,,too_few_eligible_images
savoy_cabbage_steamed_without_addition_of_salt,reject,False,,64,66,32,33,2,1,awsaf49/food-recognition-2022-dataset|sainikhileshreddy/food-recognition-2022,awsaf49/food-recognition-2022-dataset,savoy-cabbage-steamed-without-addition-of-salt,annotation_category_review,source_decision:HOLD_LICENSE_OR_DUPLICATE,,too_few_eligible_images
vanille_cream_cooked_custard_creme_dessert,reject,False,,64,64,32,32,2,1,awsaf49/food-recognition-2022-dataset|sainikhileshreddy/food-recognition-2022,awsaf49/food-recognition-2022-dataset,vanille-cream-cooked-custard-creme-dessert,annotation_category_review,source_decision:HOLD_LICENSE_OR_DUPLICATE,,too_few_eligible_images
candy,reject,False,,32,32,32,32,1,1,fontainenathan/foodseg103,fontainenathan/foodseg103,candy,segmentation_or_mask,,,too_few_eligible_images
cenovis_yeast_spread,reject,False,,62,70,31,35,2,1,awsaf49/food-recognition-2022-dataset|sainikhileshreddy/food-recognition-2022,awsaf49/food-recognition-2022-dataset,cenovis-yeast-spread,annotation_category_review,source_decision:HOLD_LICENSE_OR_DUPLICATE,,too_few_eligible_images
cod,reject,False,,62,62,31,31,2,1,awsaf49/food-recognition-2022-dataset|sainikhileshreddy/food-recognition-2022,awsaf49/food-recognition-2022-dataset,cod,annotation_category_review,source_decision:HOLD_LICENSE_OR_DUPLICATE,,too_few_eligible_images
mousse,reject,False,,62,68,31,34,2,1,awsaf49/food-recognition-2022-dataset|sainikhileshreddy/food-recognition-2022,awsaf49/food-recognition-2022-dataset,mousse,annotation_category_review,source_decision:HOLD_LICENSE_OR_DUPLICATE,,too_few_eligible_images
pie_apricot_baked_with_cake_dough,reject,False,,62,62,31,31,2,1,awsaf49/food-recognition-2022-dataset|sainikhileshreddy/food-recognition-2022,awsaf49/food-recognition-2022-dataset,pie-apricot-baked-with-cake-dough,annotation_category_review,source_decision:HOLD_LICENSE_OR_DUPLICATE,,too_few_eligible_images
sandwich_ham_cheese_and_butter,reject,False,,62,64,31,32,2,1,awsaf49/food-recognition-2022-dataset|sainikhileshreddy/food-recognition-2022,awsaf49/food-recognition-2022-dataset,sandwich-ham-cheese-and-butter,annotation_category_review,source_decision:HOLD_LICENSE_OR_DUPLICATE,,too_few_eligible_images
tartar_meat,reject,False,,62,64,31,32,2,1,awsaf49/food-recognition-2022-dataset|sainikhileshreddy/food-recognition-2022,awsaf49/food-recognition-2022-dataset,tartar-meat,annotation_category_review,source_decision:HOLD_LICENSE_OR_DUPLICATE,,too_few_eligible_images
meringue,reject,False,,60,60,30,30,2,1,awsaf49/food-recognition-2022-dataset|sainikhileshreddy/food-recognition-2022,awsaf49/food-recognition-2022-dataset,meringue,annotation_category_review,source_decision:HOLD_LICENSE_OR_DUPLICATE,,too_few_eligible_images
nuts,reject,False,,60,60,30,30,2,1,awsaf49/food-recognition-2022-dataset|sainikhileshreddy/food-recognition-2022,awsaf49/food-recognition-2022-dataset,nuts,annotation_category_review,source_decision:HOLD_LICENSE_OR_DUPLICATE,,too_few_eligible_images
pork_roast,reject,False,,60,64,30,32,2,1,awsaf49/food-recognition-2022-dataset|sainikhileshreddy/food-recognition-2022,awsaf49/food-recognition-2022-dataset,pork-roast,annotation_category_review,source_decision:HOLD_LICENSE_OR_DUPLICATE,,too_few_eligible_images
dried_cranberries,reject,False,,30,30,30,30,1,1,fontainenathan/foodseg103,fontainenathan/foodseg103,dried cranberries,segmentation_or_mask,,,too_few_eligible_images
mandarin_orange,reject,False,,30,408,30,408,1,1,henningheyen/lvis-fruits-and-vegetables-dataset,henningheyen/lvis-fruits-and-vegetables-dataset,mandarin orange,yolo_detection,,,too_few_eligible_images
carrot_cake,reject,False,,2058,2058,29,29,4,1,awsaf49/food-recognition-2022-dataset|kmader/food41|sainikhileshreddy/food-recognition-2022|shanemarvinmay/food-image-dataset,awsaf49/food-recognition-2022-dataset,carrot-cake|carrot_cake,classification_pseudo_box_review,source_decision:HOLD_CLASSIFICATION_ONLY|source_decision:HOLD_DUPLICATE_ADAPTER_REQUIRED|source_decision:HOLD_LICENSE_OR_DUPLICATE,,too_few_eligible_images
bouillon_vegetable,reject,False,,58,60,29,30,2,1,awsaf49/food-recognition-2022-dataset|sainikhileshreddy/food-recognition-2022,awsaf49/food-recognition-2022-dataset,bouillon-vegetable,annotation_category_review,source_decision:HOLD_LICENSE_OR_DUPLICATE,,too_few_eligible_images
fig_dried,reject,False,,58,62,29,31,2,1,awsaf49/food-recognition-2022-dataset|sainikhileshreddy/food-recognition-2022,awsaf49/food-recognition-2022-dataset,fig-dried,annotation_category_review,source_decision:HOLD_LICENSE_OR_DUPLICATE,,too_few_eligible_images
lemon_pie,reject,False,,58,60,29,30,2,1,awsaf49/food-recognition-2022-dataset|sainikhileshreddy/food-recognition-2022,awsaf49/food-recognition-2022-dataset,lemon-pie,annotation_category_review,source_decision:HOLD_LICENSE_OR_DUPLICATE,,too_few_eligible_images
meat_balls,reject,False,,58,58,29,29,2,1,awsaf49/food-recognition-2022-dataset|sainikhileshreddy/food-recognition-2022,awsaf49/food-recognition-2022-dataset,meat-balls,annotation_category_review,source_decision:HOLD_LICENSE_OR_DUPLICATE,,too_few_eligible_images
paprika_chips,reject,False,,58,60,29,30,2,1,awsaf49/food-recognition-2022-dataset|sainikhileshreddy/food-recognition-2022,awsaf49/food-recognition-2022-dataset,paprika-chips,annotation_category_review,source_decision:HOLD_LICENSE_OR_DUPLICATE,,too_few_eligible_images
waffle,reject,False,,58,70,29,35,2,1,awsaf49/food-recognition-2022-dataset|sainikhileshreddy/food-recognition-2022,awsaf49/food-recognition-2022-dataset,waffle,annotation_category_review,source_decision:HOLD_LICENSE_OR_DUPLICATE,,too_few_eligible_images
balsamic_vinegar,reject,False,,56,56,28,28,2,1,awsaf49/food-recognition-2022-dataset|sainikhileshreddy/food-recognition-2022,awsaf49/food-recognition-2022-dataset,balsamic-vinegar,annotation_category_review,source_decision:HOLD_LICENSE_OR_DUPLICATE,,too_few_eligible_images
bean_seeds,reject,False,,56,56,28,28,2,1,awsaf49/food-recognition-2022-dataset|sainikhileshreddy/food-recognition-2022,awsaf49/food-recognition-2022-dataset,bean-seeds,annotation_category_review,source_decision:HOLD_LICENSE_OR_DUPLICATE,,too_few_eligible_images
biscuit_with_butter,reject,False,,56,58,28,29,2,1,awsaf49/food-recognition-2022-dataset|sainikhileshreddy/food-recognition-2022,awsaf49/food-recognition-2022-dataset,biscuit-with-butter,annotation_category_review,source_decision:HOLD_LICENSE_OR_DUPLICATE,,too_few_eligible_images
cake_oblong,reject,False,,56,56,28,28,2,1,awsaf49/food-recognition-2022-dataset|sainikhileshreddy/food-recognition-2022,awsaf49/food-recognition-2022-dataset,cake-oblong,annotation_category_review,source_decision:HOLD_LICENSE_OR_DUPLICATE,,too_few_eligible_images
chia_grains,reject,False,,56,56,28,28,2,1,awsaf49/food-recognition-2022-dataset|sainikhileshreddy/food-recognition-2022,awsaf49/food-recognition-2022-dataset,chia-grains,annotation_category_review,source_decision:HOLD_LICENSE_OR_DUPLICATE,,too_few_eligible_images
chocolate_egg_small,reject,False,,56,56,28,28,2,1,awsaf49/food-recognition-2022-dataset|sainikhileshreddy/food-recognition-2022,awsaf49/food-recognition-2022-dataset,chocolate-egg-small,annotation_category_review,source_decision:HOLD_LICENSE_OR_DUPLICATE,,too_few_eligible_images
coriander,reject,False,,56,56,28,28,2,1,awsaf49/food-recognition-2022-dataset|sainikhileshreddy/food-recognition-2022,awsaf49/food-recognition-2022-dataset,coriander,annotation_category_review,source_decision:HOLD_LICENSE_OR_DUPLICATE,,too_few_eligible_images
eggplant_caviar,reject,False,,56,56,28,28,2,1,awsaf49/food-recognition-2022-dataset|sainikhileshreddy/food-recognition-2022,awsaf49/food-recognition-2022-dataset,eggplant-caviar,annotation_category_review,source_decision:HOLD_LICENSE_OR_DUPLICATE,,too_few_eligible_images
fish_crunchies_battered,reject,False,,56,56,28,28,2,1,awsaf49/food-recognition-2022-dataset|sainikhileshreddy/food-recognition-2022,awsaf49/food-recognition-2022-dataset,fish-crunchies-battered,annotation_category_review,source_decision:HOLD_LICENSE_OR_DUPLICATE,,too_few_eligible_images
minced_meat,reject,False,,56,58,28,29,2,1,awsaf49/food-recognition-2022-dataset|sainikhileshreddy/food-recognition-2022,awsaf49/food-recognition-2022-dataset,minced-meat,annotation_category_review,source_decision:HOLD_LICENSE_OR_DUPLICATE,,too_few_eligible_images
naan_indien_bread,reject,False,,56,56,28,28,2,1,awsaf49/food-recognition-2022-dataset|sainikhileshreddy/food-recognition-2022,awsaf49/food-recognition-2022-dataset,naan-indien-bread,annotation_category_review,source_decision:HOLD_LICENSE_OR_DUPLICATE,,too_few_eligible_images
pecan_nut,reject,False,,56,60,28,30,2,1,awsaf49/food-recognition-2022-dataset|sainikhileshreddy/food-recognition-2022,awsaf49/food-recognition-2022-dataset,pecan-nut,annotation_category_review,source_decision:HOLD_LICENSE_OR_DUPLICATE,,too_few_eligible_images
savoury_puff_pastry_stick,reject,False,,56,56,28,28,2,1,awsaf49/food-recognition-2022-dataset|sainikhileshreddy/food-recognition-2022,awsaf49/food-recognition-2022-dataset,savoury-puff-pastry-stick,annotation_category_review,source_decision:HOLD_LICENSE_OR_DUPLICATE,,too_few_eligible_images
sweets_candies,reject,False,,56,66,28,33,2,1,awsaf49/food-recognition-2022-dataset|sainikhileshreddy/food-recognition-2022,awsaf49/food-recognition-2022-dataset,sweets-candies,annotation_category_review,source_decision:HOLD_LICENSE_OR_DUPLICATE,,too_few_eligible_images
hanamaki_baozi,reject,False,,28,28,28,28,1,1,fontainenathan/foodseg103,fontainenathan/foodseg103,hanamaki baozi,segmentation_or_mask,,,too_few_eligible_images
banana_cake,reject,False,,54,66,27,33,2,1,awsaf49/food-recognition-2022-dataset|sainikhileshreddy/food-recognition-2022,awsaf49/food-recognition-2022-dataset,banana-cake,annotation_category_review,source_decision:HOLD_LICENSE_OR_DUPLICATE,,too_few_eligible_images
cocoa_powder,reject,False,,54,54,27,27,2,1,awsaf49/food-recognition-2022-dataset|sainikhileshreddy/food-recognition-2022,awsaf49/food-recognition-2022-dataset,cocoa-powder,annotation_category_review,source_decision:HOLD_LICENSE_OR_DUPLICATE,,too_few_eligible_images
french_pizza_from_alsace_baked,reject,False,,54,56,27,28,2,1,awsaf49/food-recognition-2022-dataset|sainikhileshreddy/food-recognition-2022,awsaf49/food-recognition-2022-dataset,french-pizza-from-alsace-baked,annotation_category_review,source_decision:HOLD_LICENSE_OR_DUPLICATE,,too_few_eligible_images
fruit_compotes,reject,False,,54,54,27,27,2,1,awsaf49/food-recognition-2022-dataset|sainikhileshreddy/food-recognition-2022,awsaf49/food-recognition-2022-dataset,fruit-compotes,annotation_category_review,source_decision:HOLD_LICENSE_OR_DUPLICATE,,too_few_eligible_images
ham_turkey,reject,False,,54,54,27,27,2,1,awsaf49/food-recognition-2022-dataset|sainikhileshreddy/food-recognition-2022,awsaf49/food-recognition-2022-dataset,ham-turkey,annotation_category_review,source_decision:HOLD_LICENSE_OR_DUPLICATE,,too_few_eligible_images
perch_fillets_lake,reject,False,,54,54,27,27,2,1,awsaf49/food-recognition-2022-dataset|sainikhileshreddy/food-recognition-2022,awsaf49/food-recognition-2022-dataset,perch-fillets-lake,annotation_category_review,source_decision:HOLD_LICENSE_OR_DUPLICATE,,too_few_eligible_images
soup_tomato,reject,False,,54,54,27,27,2,1,awsaf49/food-recognition-2022-dataset|sainikhileshreddy/food-recognition-2022,awsaf49/food-recognition-2022-dataset,soup-tomato,annotation_category_review,source_decision:HOLD_LICENSE_OR_DUPLICATE,,too_few_eligible_images
croque_monsieur,reject,False,,52,64,26,32,2,1,awsaf49/food-recognition-2022-dataset|sainikhileshreddy/food-recognition-2022,awsaf49/food-recognition-2022-dataset,croque-monsieur,annotation_category_review,source_decision:HOLD_LICENSE_OR_DUPLICATE,,too_few_eligible_images
faux_mage_cashew_vegan_chers,reject,False,,52,52,26,26,2,1,awsaf49/food-recognition-2022-dataset|sainikhileshreddy/food-recognition-2022,awsaf49/food-recognition-2022-dataset,faux-mage-cashew-vegan-chers,annotation_category_review,source_decision:HOLD_LICENSE_OR_DUPLICATE,,too_few_eligible_images
lasagne_vegetable_prepared,reject,False,,52,52,26,26,2,1,awsaf49/food-recognition-2022-dataset|sainikhileshreddy/food-recognition-2022,awsaf49/food-recognition-2022-dataset,lasagne-vegetable-prepared,annotation_category_review,source_decision:HOLD_LICENSE_OR_DUPLICATE,,too_few_eligible_images
linseeds,reject,False,,52,54,26,27,2,1,awsaf49/food-recognition-2022-dataset|sainikhileshreddy/food-recognition-2022,awsaf49/food-recognition-2022-dataset,linseeds,annotation_category_review,source_decision:HOLD_LICENSE_OR_DUPLICATE,,too_few_eligible_images
milk_chocolate_with_hazelnuts,reject,False,,52,52,26,26,2,1,awsaf49/food-recognition-2022-dataset|sainikhileshreddy/food-recognition-2022,awsaf49/food-recognition-2022-dataset,milk-chocolate-with-hazelnuts,annotation_category_review,source_decision:HOLD_LICENSE_OR_DUPLICATE,,too_few_eligible_images
popcorn_salted,reject,False,,52,52,26,26,2,1,awsaf49/food-recognition-2022-dataset|sainikhileshreddy/food-recognition-2022,awsaf49/food-recognition-2022-dataset,popcorn-salted,annotation_category_review,source_decision:HOLD_LICENSE_OR_DUPLICATE,,too_few_eligible_images
rice_jasmin,reject,False,,52,52,26,26,2,1,awsaf49/food-recognition-2022-dataset|sainikhileshreddy/food-recognition-2022,awsaf49/food-recognition-2022-dataset,rice-jasmin,annotation_category_review,source_decision:HOLD_LICENSE_OR_DUPLICATE,,too_few_eligible_images
tomato_stewed_without_addition_of_fat_without_addition_of_salt,reject,False,,52,52,26,26,2,1,awsaf49/food-recognition-2022-dataset|sainikhileshreddy/food-recognition-2022,awsaf49/food-recognition-2022-dataset,tomato-stewed-without-addition-of-fat-without-addition-of-salt,annotation_category_review,source_decision:HOLD_LICENSE_OR_DUPLICATE,,too_few_eligible_images
fig,reject,False,,26,26,26,26,1,1,fontainenathan/foodseg103,fontainenathan/foodseg103,fig,segmentation_or_mask,,,too_few_eligible_images
aperitif_with_alcohol_aperol_spritz,reject,False,,50,52,25,26,2,1,awsaf49/food-recognition-2022-dataset|sainikhileshreddy/food-recognition-2022,awsaf49/food-recognition-2022-dataset,aperitif-with-alcohol-aperol-spritz,annotation_category_review,source_decision:HOLD_LICENSE_OR_DUPLICATE,,too_few_eligible_images
damson_plum,reject,False,,50,50,25,25,2,1,awsaf49/food-recognition-2022-dataset|sainikhileshreddy/food-recognition-2022,awsaf49/food-recognition-2022-dataset,damson-plum,annotation_category_review,source_decision:HOLD_LICENSE_OR_DUPLICATE,,too_few_eligible_images
maple_syrup_concentrate,reject,False,,50,54,25,27,2,1,awsaf49/food-recognition-2022-dataset|sainikhileshreddy/food-recognition-2022,awsaf49/food-recognition-2022-dataset,maple-syrup-concentrate,annotation_category_review,source_decision:HOLD_LICENSE_OR_DUPLICATE,,too_few_eligible_images
philadelphia,reject,False,,50,50,25,25,2,1,awsaf49/food-recognition-2022-dataset|sainikhileshreddy/food-recognition-2022,awsaf49/food-recognition-2022-dataset,philadelphia,annotation_category_review,source_decision:HOLD_LICENSE_OR_DUPLICATE,,too_few_eligible_images
pie_rhubarb_baked_with_cake_dough,reject,False,,50,52,25,26,2,1,awsaf49/food-recognition-2022-dataset|sainikhileshreddy/food-recognition-2022,awsaf49/food-recognition-2022-dataset,pie-rhubarb-baked-with-cake-dough,annotation_category_review,source_decision:HOLD_LICENSE_OR_DUPLICATE,,too_few_eligible_images
bean_curd_tofu,reject,False,,25,236,25,236,1,1,henningheyen/lvis-fruits-and-vegetables-dataset,henningheyen/lvis-fruits-and-vegetables-dataset,bean curd/tofu,yolo_detection,,,too_few_eligible_images
cantaloup_cantaloupe,reject,False,,25,193,25,193,1,1,henningheyen/lvis-fruits-and-vegetables-dataset,henningheyen/lvis-fruits-and-vegetables-dataset,cantaloup/cantaloupe,yolo_detection,,,too_few_eligible_images
coconut_cocoanut,reject,False,,25,273,25,273,1,1,henningheyen/lvis-fruits-and-vegetables-dataset,henningheyen/lvis-fruits-and-vegetables-dataset,coconut/cocoanut,yolo_detection,,,too_few_eligible_images
cooked_sausage,reject,False,,48,50,24,25,2,1,awsaf49/food-recognition-2022-dataset|sainikhileshreddy/food-recognition-2022,awsaf49/food-recognition-2022-dataset,cooked-sausage,annotation_category_review,source_decision:HOLD_LICENSE_OR_DUPLICATE,,too_few_eligible_images
kebab_in_pita_bread,reject,False,,48,48,24,24,2,1,awsaf49/food-recognition-2022-dataset|sainikhileshreddy/food-recognition-2022,awsaf49/food-recognition-2022-dataset,kebab-in-pita-bread,annotation_category_review,source_decision:HOLD_LICENSE_OR_DUPLICATE,,too_few_eligible_images
mushroom_average_stewed_without_addition_of_fat_without_addition_of_salt,reject,False,,48,50,24,25,2,1,awsaf49/food-recognition-2022-dataset|sainikhileshreddy/food-recognition-2022,awsaf49/food-recognition-2022-dataset,mushroom-average-stewed-without-addition-of-fat-without-addition-of-salt,annotation_category_review,source_decision:HOLD_LICENSE_OR_DUPLICATE,,too_few_eligible_images
prosecco,reject,False,,48,48,24,24,2,1,awsaf49/food-recognition-2022-dataset|sainikhileshreddy/food-recognition-2022,awsaf49/food-recognition-2022-dataset,prosecco,annotation_category_review,source_decision:HOLD_LICENSE_OR_DUPLICATE,,too_few_eligible_images
soup_cream_of_vegetables,reject,False,,48,48,24,24,2,1,awsaf49/food-recognition-2022-dataset|sainikhileshreddy/food-recognition-2022,awsaf49/food-recognition-2022-dataset,soup-cream-of-vegetables,annotation_category_review,source_decision:HOLD_LICENSE_OR_DUPLICATE,,too_few_eligible_images
soup_miso,reject,False,,48,48,24,24,2,1,awsaf49/food-recognition-2022-dataset|sainikhileshreddy/food-recognition-2022,awsaf49/food-recognition-2022-dataset,soup-miso,annotation_category_review,source_decision:HOLD_LICENSE_OR_DUPLICATE,,too_few_eligible_images
sugar_glazing,reject,False,,48,48,24,24,2,1,awsaf49/food-recognition-2022-dataset|sainikhileshreddy/food-recognition-2022,awsaf49/food-recognition-2022-dataset,sugar-glazing,annotation_category_review,source_decision:HOLD_LICENSE_OR_DUPLICATE,,too_few_eligible_images
chickpea_garbanzo,reject,False,,24,460,24,460,1,1,henningheyen/lvis-fruits-and-vegetables-dataset,henningheyen/lvis-fruits-and-vegetables-dataset,chickpea/garbanzo,yolo_detection,,,too_few_eligible_images
apricot_dried,reject,False,,46,48,23,24,2,1,awsaf49/food-recognition-2022-dataset|sainikhileshreddy/food-recognition-2022,awsaf49/food-recognition-2022-dataset,apricot-dried,annotation_category_review,source_decision:HOLD_LICENSE_OR_DUPLICATE,,too_few_eligible_images
grissini,reject,False,,46,46,23,23,2,1,awsaf49/food-recognition-2022-dataset|sainikhileshreddy/food-recognition-2022,awsaf49/food-recognition-2022-dataset,grissini,annotation_category_review,source_decision:HOLD_LICENSE_OR_DUPLICATE,,too_few_eligible_images
margarine,reject,False,,46,48,23,24,2,1,awsaf49/food-recognition-2022-dataset|sainikhileshreddy/food-recognition-2022,awsaf49/food-recognition-2022-dataset,margarine,annotation_category_review,source_decision:HOLD_LICENSE_OR_DUPLICATE,,too_few_eligible_images
mix_of_dried_fruits_and_nuts,reject,False,,46,46,23,23,2,1,awsaf49/food-recognition-2022-dataset|sainikhileshreddy/food-recognition-2022,awsaf49/food-recognition-2022-dataset,mix-of-dried-fruits-and-nuts,annotation_category_review,source_decision:HOLD_LICENSE_OR_DUPLICATE,,too_few_eligible_images
smoked_cooked_sausage_of_pork_and_beef_meat_sausag,reject,False,,46,46,23,23,2,1,awsaf49/food-recognition-2022-dataset|sainikhileshreddy/food-recognition-2022,awsaf49/food-recognition-2022-dataset,smoked-cooked-sausage-of-pork-and-beef-meat-sausag,annotation_category_review,source_decision:HOLD_LICENSE_OR_DUPLICATE,,too_few_eligible_images
turnover_with_meat_small_meat_pie_empanadas,reject,False,,46,48,23,24,2,1,awsaf49/food-recognition-2022-dataset|sainikhileshreddy/food-recognition-2022,awsaf49/food-recognition-2022-dataset,turnover-with-meat-small-meat-pie-empanadas,annotation_category_review,source_decision:HOLD_LICENSE_OR_DUPLICATE,,too_few_eligible_images
white_chocolate,reject,False,,46,46,23,23,2,1,awsaf49/food-recognition-2022-dataset|sainikhileshreddy/food-recognition-2022,awsaf49/food-recognition-2022-dataset,white-chocolate,annotation_category_review,source_decision:HOLD_LICENSE_OR_DUPLICATE,,too_few_eligible_images
cashew,reject,False,,23,23,23,23,1,1,fontainenathan/foodseg103,fontainenathan/foodseg103,cashew,segmentation_or_mask,,,too_few_eligible_images
salad,reject,False,,7946,8781,22,22,2,1,fontainenathan/foodseg103|thomasnguyen6868/vietfood68,fontainenathan/foodseg103,Salad|salad,yolo_detection,private_or_noncommercial_license:cc-by-nc-sa-4.0,,base_reject_alias
chorizo,reject,False,,44,46,22,23,2,1,awsaf49/food-recognition-2022-dataset|sainikhileshreddy/food-recognition-2022,awsaf49/food-recognition-2022-dataset,chorizo,annotation_category_review,source_decision:HOLD_LICENSE_OR_DUPLICATE,,too_few_eligible_images
soya_drink_soy_milk,reject,False,,44,46,22,23,2,1,awsaf49/food-recognition-2022-dataset|sainikhileshreddy/food-recognition-2022,awsaf49/food-recognition-2022-dataset,soya-drink-soy-milk,annotation_category_review,source_decision:HOLD_LICENSE_OR_DUPLICATE,,too_few_eligible_images
soya_yaourt_yahourt_yogourt_ou_yoghourt,reject,False,,44,44,22,22,2,1,awsaf49/food-recognition-2022-dataset|sainikhileshreddy/food-recognition-2022,awsaf49/food-recognition-2022-dataset,soya-yaourt-yahourt-yogourt-ou-yoghourt,annotation_category_review,source_decision:HOLD_LICENSE_OR_DUPLICATE,,too_few_eligible_images
dumplings,reject,False,,2042,2042,21,21,4,1,awsaf49/food-recognition-2022-dataset|kmader/food41|sainikhileshreddy/food-recognition-2022|shanemarvinmay/food-image-dataset,awsaf49/food-recognition-2022-dataset,dumplings,classification_pseudo_box_review,source_decision:HOLD_CLASSIFICATION_ONLY|source_decision:HOLD_DUPLICATE_ADAPTER_REQUIRED|source_decision:HOLD_LICENSE_OR_DUPLICATE,,too_few_eligible_images
macaroon,reject,False,,42,42,21,21,2,1,awsaf49/food-recognition-2022-dataset|sainikhileshreddy/food-recognition-2022,awsaf49/food-recognition-2022-dataset,macaroon,annotation_category_review,source_decision:HOLD_LICENSE_OR_DUPLICATE,,too_few_eligible_images
sekt,reject,False,,42,46,21,23,2,1,awsaf49/food-recognition-2022-dataset|sainikhileshreddy/food-recognition-2022,awsaf49/food-recognition-2022-dataset,sekt,annotation_category_review,source_decision:HOLD_LICENSE_OR_DUPLICATE,,too_few_eligible_images
brazil_nut,reject,False,,40,48,20,24,2,1,awsaf49/food-recognition-2022-dataset|sainikhileshreddy/food-recognition-2022,awsaf49/food-recognition-2022-dataset,brazil-nut,annotation_category_review,source_decision:HOLD_LICENSE_OR_DUPLICATE,,too_few_eligible_images
champagne,reject,False,,40,42,20,21,2,1,awsaf49/food-recognition-2022-dataset|sainikhileshreddy/food-recognition-2022,awsaf49/food-recognition-2022-dataset,champagne,annotation_category_review,source_decision:HOLD_LICENSE_OR_DUPLICATE,,too_few_eligible_images
pastry_flaky,reject,False,,40,44,20,22,2,1,awsaf49/food-recognition-2022-dataset|sainikhileshreddy/food-recognition-2022,awsaf49/food-recognition-2022-dataset,pastry-flaky,annotation_category_review,source_decision:HOLD_LICENSE_OR_DUPLICATE,,too_few_eligible_images
soup_potato,reject,False,,40,44,20,22,2,1,awsaf49/food-recognition-2022-dataset|sainikhileshreddy/food-recognition-2022,awsaf49/food-recognition-2022-dataset,soup-potato,annotation_category_review,source_decision:HOLD_LICENSE_OR_DUPLICATE,,too_few_eligible_images
black_forest_tart,reject,False,,38,44,19,22,2,1,awsaf49/food-recognition-2022-dataset|sainikhileshreddy/food-recognition-2022,awsaf49/food-recognition-2022-dataset,black-forest-tart,annotation_category_review,source_decision:HOLD_LICENSE_OR_DUPLICATE,,too_few_eligible_images
cake_marble,reject,False,,38,38,19,19,2,1,awsaf49/food-recognition-2022-dataset|sainikhileshreddy/food-recognition-2022,awsaf49/food-recognition-2022-dataset,cake-marble,annotation_category_review,source_decision:HOLD_LICENSE_OR_DUPLICATE,,too_few_eligible_images
cake_salted,reject,False,,38,38,19,19,2,1,awsaf49/food-recognition-2022-dataset|sainikhileshreddy/food-recognition-2022,awsaf49/food-recognition-2022-dataset,cake-salted,annotation_category_review,source_decision:HOLD_LICENSE_OR_DUPLICATE,,too_few_eligible_images
chocolate_milk_chocolate_drink,reject,False,,38,44,19,22,2,1,awsaf49/food-recognition-2022-dataset|sainikhileshreddy/food-recognition-2022,awsaf49/food-recognition-2022-dataset,chocolate-milk-chocolate-drink,annotation_category_review,source_decision:HOLD_LICENSE_OR_DUPLICATE,,too_few_eligible_images
ice_cubes,reject,False,,38,48,19,24,2,1,awsaf49/food-recognition-2022-dataset|sainikhileshreddy/food-recognition-2022,awsaf49/food-recognition-2022-dataset,ice-cubes,annotation_category_review,source_decision:HOLD_LICENSE_OR_DUPLICATE,,too_few_eligible_images
italian_salad_dressing,reject,False,,38,38,19,19,2,1,awsaf49/food-recognition-2022-dataset|sainikhileshreddy/food-recognition-2022,awsaf49/food-recognition-2022-dataset,italian-salad-dressing,annotation_category_review,source_decision:HOLD_LICENSE_OR_DUPLICATE,,too_few_eligible_images
m_m_s,reject,False,,38,38,19,19,2,1,awsaf49/food-recognition-2022-dataset|sainikhileshreddy/food-recognition-2022,awsaf49/food-recognition-2022-dataset,m-m-s,annotation_category_review,source_decision:HOLD_LICENSE_OR_DUPLICATE,,too_few_eligible_images
mango_dried,reject,False,,38,40,19,20,2,1,awsaf49/food-recognition-2022-dataset|sainikhileshreddy/food-recognition-2022,awsaf49/food-recognition-2022-dataset,mango-dried,annotation_category_review,source_decision:HOLD_LICENSE_OR_DUPLICATE,,too_few_eligible_images
wonton_dumplings,reject,False,,19,19,19,19,1,1,fontainenathan/foodseg103,fontainenathan/foodseg103,wonton dumplings,segmentation_or_mask,,,too_few_eligible_images
corn_flakes,reject,False,,36,44,18,22,2,1,awsaf49/food-recognition-2022-dataset|sainikhileshreddy/food-recognition-2022,awsaf49/food-recognition-2022-dataset,corn-flakes,annotation_category_review,source_decision:HOLD_LICENSE_OR_DUPLICATE,,too_few_eligible_images
gummi_bears_fruit_jellies_jelly_babies_with_fruit_essence,reject,False,,36,36,18,18,2,1,awsaf49/food-recognition-2022-dataset|sainikhileshreddy/food-recognition-2022,awsaf49/food-recognition-2022-dataset,gummi-bears-fruit-jellies-jelly-babies-with-fruit-essence,annotation_category_review,source_decision:HOLD_LICENSE_OR_DUPLICATE,,too_few_eligible_images
chili_chili_vegetable_chili_pepper_chili_pepper_vegetable_chilli_chilli_vegetable_chilly_chilly,reject,False,,18,354,18,354,1,1,henningheyen/lvis-fruits-and-vegetables-dataset,henningheyen/lvis-fruits-and-vegetables-dataset,chili/chili vegetable/chili pepper/chili pepper vegetable/chilli/chilli vegetable/chilly/chilly,yolo_detection,,,too_few_eligible_images
ginger_gingerroot,reject,False,,18,94,18,94,1,1,henningheyen/lvis-fruits-and-vegetables-dataset,henningheyen/lvis-fruits-and-vegetables-dataset,ginger/gingerroot,yolo_detection,,,too_few_eligible_images
bagel_without_filling,reject,False,,34,36,17,18,2,1,awsaf49/food-recognition-2022-dataset|sainikhileshreddy/food-recognition-2022,awsaf49/food-recognition-2022-dataset,bagel-without-filling,annotation_category_review,source_decision:HOLD_LICENSE_OR_DUPLICATE,,too_few_eligible_images
buckwheat_pancake,reject,False,,34,34,17,17,2,1,awsaf49/food-recognition-2022-dataset|sainikhileshreddy/food-recognition-2022,awsaf49/food-recognition-2022-dataset,buckwheat-pancake,annotation_category_review,source_decision:HOLD_LICENSE_OR_DUPLICATE,,too_few_eligible_images
oat_milk,reject,False,,34,34,17,17,2,1,awsaf49/food-recognition-2022-dataset|sainikhileshreddy/food-recognition-2022,awsaf49/food-recognition-2022-dataset,oat-milk,annotation_category_review,source_decision:HOLD_LICENSE_OR_DUPLICATE,,too_few_eligible_images
okra,reject,False,,17,17,17,17,1,1,fontainenathan/foodseg103,fontainenathan/foodseg103,okra,segmentation_or_mask,,,too_few_eligible_images
chocolate_filled,reject,False,,32,34,16,17,2,1,awsaf49/food-recognition-2022-dataset|sainikhileshreddy/food-recognition-2022,awsaf49/food-recognition-2022-dataset,chocolate-filled,annotation_category_review,source_decision:HOLD_LICENSE_OR_DUPLICATE,,too_few_eligible_images
light_beer,reject,False,,32,32,16,16,2,1,awsaf49/food-recognition-2022-dataset|sainikhileshreddy/food-recognition-2022,awsaf49/food-recognition-2022-dataset,light-beer,annotation_category_review,source_decision:HOLD_LICENSE_OR_DUPLICATE,,too_few_eligible_images
tea_ginger,reject,False,,32,38,16,19,2,1,awsaf49/food-recognition-2022-dataset|sainikhileshreddy/food-recognition-2022,awsaf49/food-recognition-2022-dataset,tea-ginger,annotation_category_review,source_decision:HOLD_LICENSE_OR_DUPLICATE,,too_few_eligible_images
tea_rooibos,reject,False,,32,32,16,16,2,1,awsaf49/food-recognition-2022-dataset|sainikhileshreddy/food-recognition-2022,awsaf49/food-recognition-2022-dataset,tea-rooibos,annotation_category_review,source_decision:HOLD_LICENSE_OR_DUPLICATE,,too_few_eligible_images
cayenne_cayenne_spice_cayenne_pepper_cayenne_pepper_spice_red_pepper_red_pepper,reject,False,,16,49,16,49,1,1,henningheyen/lvis-fruits-and-vegetables-dataset,henningheyen/lvis-fruits-and-vegetables-dataset,cayenne/cayenne spice/cayenne pepper/cayenne pepper spice/red pepper/red pepper,yolo_detection,,,too_few_eligible_images
tea_fruit,reject,False,,30,32,15,16,2,1,awsaf49/food-recognition-2022-dataset|sainikhileshreddy/food-recognition-2022,awsaf49/food-recognition-2022-dataset,tea-fruit,annotation_category_review,source_decision:HOLD_LICENSE_OR_DUPLICATE,,too_few_eligible_images
tea_spice,reject,False,,30,32,15,16,2,1,awsaf49/food-recognition-2022-dataset|sainikhileshreddy/food-recognition-2022,awsaf49/food-recognition-2022-dataset,tea-spice,annotation_category_review,source_decision:HOLD_LICENSE_OR_DUPLICATE,,too_few_eligible_images
popcorn,reject,False,,14,14,14,14,1,1,fontainenathan/foodseg103,fontainenathan/foodseg103,popcorn,segmentation_or_mask,,,too_few_eligible_images
oil,reject,False,,26,26,13,13,2,1,awsaf49/food-recognition-2022-dataset|sainikhileshreddy/food-recognition-2022,awsaf49/food-recognition-2022-dataset,oil,annotation_category_review,source_decision:HOLD_LICENSE_OR_DUPLICATE,,too_few_eligible_images
king_oyster_mushroom,reject,False,,13,13,13,13,1,1,fontainenathan/foodseg103,fontainenathan/foodseg103,king oyster mushroom,segmentation_or_mask,,,too_few_eligible_images
seaweed,reject,False,,12,12,12,12,1,1,fontainenathan/foodseg103,fontainenathan/foodseg103,seaweed,segmentation_or_mask,,,too_few_eligible_images
papaya,reject,False,,10,206,10,206,1,1,henningheyen/lvis-fruits-and-vegetables-dataset,henningheyen/lvis-fruits-and-vegetables-dataset,papaya,yolo_detection,,,too_few_eligible_images
date,reject,False,,9,9,9,9,1,1,fontainenathan/foodseg103,fontainenathan/foodseg103,date,segmentation_or_mask,,,too_few_eligible_images
enoki_mushroom,reject,False,,9,9,9,9,1,1,fontainenathan/foodseg103,fontainenathan/foodseg103,enoki mushroom,segmentation_or_mask,,,too_few_eligible_images
oyster_mushroom,reject,False,,9,9,9,9,1,1,fontainenathan/foodseg103,fontainenathan/foodseg103,oyster mushroom,segmentation_or_mask,,,too_few_eligible_images
fig_fig_fruit,reject,False,,8,169,8,169,1,1,henningheyen/lvis-fruits-and-vegetables-dataset,henningheyen/lvis-fruits-and-vegetables-dataset,fig/fig fruit,yolo_detection,,,too_few_eligible_images
date_date_fruit,reject,False,,7,112,7,112,1,1,henningheyen/lvis-fruits-and-vegetables-dataset,henningheyen/lvis-fruits-and-vegetables-dataset,date/date fruit,yolo_detection,,,too_few_eligible_images
turnip,reject,False,,7,109,7,109,1,1,henningheyen/lvis-fruits-and-vegetables-dataset,henningheyen/lvis-fruits-and-vegetables-dataset,turnip,yolo_detection,,,too_few_eligible_images
bamboo_shoots,reject,False,,6,6,6,6,1,1,fontainenathan/foodseg103,fontainenathan/foodseg103,bamboo shoots,segmentation_or_mask,,,too_few_eligible_images
clementine,reject,False,,6,109,6,109,1,1,henningheyen/lvis-fruits-and-vegetables-dataset,henningheyen/lvis-fruits-and-vegetables-dataset,clementine,yolo_detection,,,too_few_eligible_images
gourd,reject,False,,6,101,6,101,1,1,henningheyen/lvis-fruits-and-vegetables-dataset,henningheyen/lvis-fruits-and-vegetables-dataset,gourd,yolo_detection,,,too_few_eligible_images
hamburg,reject,False,,6,6,6,6,1,1,fontainenathan/foodseg103,fontainenathan/foodseg103,hamburg,segmentation_or_mask,,,too_few_eligible_images
persimmon,reject,False,,6,22,6,22,1,1,henningheyen/lvis-fruits-and-vegetables-dataset,henningheyen/lvis-fruits-and-vegetables-dataset,persimmon,yolo_detection,,,too_few_eligible_images
prune,reject,False,,5,33,5,33,1,1,henningheyen/lvis-fruits-and-vegetables-dataset,henningheyen/lvis-fruits-and-vegetables-dataset,prune,yolo_detection,,,too_few_eligible_images
pudding,reject,False,,5,5,5,5,1,1,fontainenathan/foodseg103,fontainenathan/foodseg103,pudding,segmentation_or_mask,,,too_few_eligible_images
egg_tart,reject,False,,4,4,4,4,1,1,fontainenathan/foodseg103,fontainenathan/foodseg103,egg tart,segmentation_or_mask,,,too_few_eligible_images
kelp,reject,False,,3,3,3,3,1,1,fontainenathan/foodseg103,fontainenathan/foodseg103,kelp,segmentation_or_mask,,,too_few_eligible_images
deepfruits_dataset_of_fruits_images_with_different_combinations_for_fruit_recognition_and_calories_estimation,reject,False,,1,1,1,1,1,1,warcoder/fruit-recognition-and-calories-estimation,warcoder/fruit-recognition-and-calories-estimation,DeepFruits Dataset of Fruits Images with different combinations for Fruit Recognition and Calories Estimation,classification_pseudo_box_review,,,too_few_eligible_images
con_nguoi,reject,False,,32902,49468,0,0,1,0,thomasnguyen6868/vietfood68,,Con nguoi,yolo_detection,private_or_noncommercial_license:cc-by-nc-sa-4.0,,base_reject_alias
pho_mai,reject,False,,6376,14571,0,0,1,0,thomasnguyen6868/vietfood68,,Pho mai,yolo_detection,private_or_noncommercial_license:cc-by-nc-sa-4.0,,base_reject_alias
166,reject,False,,1317,1317,0,0,2,0,shanemarvinmay/food-image-dataset|yihfeng/chinesefoodnet,,166,classification_pseudo_box_review,source_decision:HOLD_DUPLICATE_ADAPTER_REQUIRED|source_decision:HOLD_LICENSE_AND_SIZE,,numeric_or_placeholder_label
176,reject,False,,1317,1317,0,0,2,0,shanemarvinmay/food-image-dataset|yihfeng/chinesefoodnet,,176,classification_pseudo_box_review,source_decision:HOLD_DUPLICATE_ADAPTER_REQUIRED|source_decision:HOLD_LICENSE_AND_SIZE,,numeric_or_placeholder_label
173,reject,False,,1316,1316,0,0,2,0,shanemarvinmay/food-image-dataset|yihfeng/chinesefoodnet,,173,classification_pseudo_box_review,source_decision:HOLD_DUPLICATE_ADAPTER_REQUIRED|source_decision:HOLD_LICENSE_AND_SIZE,,numeric_or_placeholder_label
201,reject,False,,1316,1316,0,0,2,0,shanemarvinmay/food-image-dataset|yihfeng/chinesefoodnet,,201,classification_pseudo_box_review,source_decision:HOLD_DUPLICATE_ADAPTER_REQUIRED|source_decision:HOLD_LICENSE_AND_SIZE,,numeric_or_placeholder_label
125,reject,False,,1315,1315,0,0,2,0,shanemarvinmay/food-image-dataset|yihfeng/chinesefoodnet,,125,classification_pseudo_box_review,source_decision:HOLD_DUPLICATE_ADAPTER_REQUIRED|source_decision:HOLD_LICENSE_AND_SIZE,,numeric_or_placeholder_label
155,reject,False,,1315,1315,0,0,2,0,shanemarvinmay/food-image-dataset|yihfeng/chinesefoodnet,,155,classification_pseudo_box_review,source_decision:HOLD_DUPLICATE_ADAPTER_REQUIRED|source_decision:HOLD_LICENSE_AND_SIZE,,numeric_or_placeholder_label
200,reject,False,,1315,1315,0,0,2,0,shanemarvinmay/food-image-dataset|yihfeng/chinesefoodnet,,200,classification_pseudo_box_review,source_decision:HOLD_DUPLICATE_ADAPTER_REQUIRED|source_decision:HOLD_LICENSE_AND_SIZE,,numeric_or_placeholder_label
159,reject,False,,1314,1314,0,0,2,0,shanemarvinmay/food-image-dataset|yihfeng/chinesefoodnet,,159,classification_pseudo_box_review,source_decision:HOLD_DUPLICATE_ADAPTER_REQUIRED|source_decision:HOLD_LICENSE_AND_SIZE,,numeric_or_placeholder_label
134,reject,False,,1313,1313,0,0,2,0,shanemarvinmay/food-image-dataset|yihfeng/chinesefoodnet,,134,classification_pseudo_box_review,source_decision:HOLD_DUPLICATE_ADAPTER_REQUIRED|source_decision:HOLD_LICENSE_AND_SIZE,,numeric_or_placeholder_label
135,reject,False,,1313,1313,0,0,2,0,shanemarvinmay/food-image-dataset|yihfeng/chinesefoodnet,,135,classification_pseudo_box_review,source_decision:HOLD_DUPLICATE_ADAPTER_REQUIRED|source_decision:HOLD_LICENSE_AND_SIZE,,numeric_or_placeholder_label
139,reject,False,,1313,1313,0,0,2,0,shanemarvinmay/food-image-dataset|yihfeng/chinesefoodnet,,139,classification_pseudo_box_review,source_decision:HOLD_DUPLICATE_ADAPTER_REQUIRED|source_decision:HOLD_LICENSE_AND_SIZE,,numeric_or_placeholder_label
165,reject,False,,1313,1313,0,0,2,0,shanemarvinmay/food-image-dataset|yihfeng/chinesefoodnet,,165,classification_pseudo_box_review,source_decision:HOLD_DUPLICATE_ADAPTER_REQUIRED|source_decision:HOLD_LICENSE_AND_SIZE,,numeric_or_placeholder_label
195,reject,False,,1313,1313,0,0,2,0,shanemarvinmay/food-image-dataset|yihfeng/chinesefoodnet,,195,classification_pseudo_box_review,source_decision:HOLD_DUPLICATE_ADAPTER_REQUIRED|source_decision:HOLD_LICENSE_AND_SIZE,,numeric_or_placeholder_label
142,reject,False,,1312,1312,0,0,2,0,shanemarvinmay/food-image-dataset|yihfeng/chinesefoodnet,,142,classification_pseudo_box_review,source_decision:HOLD_DUPLICATE_ADAPTER_REQUIRED|source_decision:HOLD_LICENSE_AND_SIZE,,numeric_or_placeholder_label
170,reject,False,,1312,1312,0,0,2,0,shanemarvinmay/food-image-dataset|yihfeng/chinesefoodnet,,170,classification_pseudo_box_review,source_decision:HOLD_DUPLICATE_ADAPTER_REQUIRED|source_decision:HOLD_LICENSE_AND_SIZE,,numeric_or_placeholder_label
207,reject,False,,1312,1312,0,0,2,0,shanemarvinmay/food-image-dataset|yihfeng/chinesefoodnet,,207,classification_pseudo_box_review,source_decision:HOLD_DUPLICATE_ADAPTER_REQUIRED|source_decision:HOLD_LICENSE_AND_SIZE,,numeric_or_placeholder_label
164,reject,False,,1311,1311,0,0,2,0,shanemarvinmay/food-image-dataset|yihfeng/chinesefoodnet,,164,classification_pseudo_box_review,source_decision:HOLD_DUPLICATE_ADAPTER_REQUIRED|source_decision:HOLD_LICENSE_AND_SIZE,,numeric_or_placeholder_label
189,reject,False,,1311,1311,0,0,2,0,shanemarvinmay/food-image-dataset|yihfeng/chinesefoodnet,,189,classification_pseudo_box_review,source_decision:HOLD_DUPLICATE_ADAPTER_REQUIRED|source_decision:HOLD_LICENSE_AND_SIZE,,numeric_or_placeholder_label
197,reject,False,,1311,1311,0,0,2,0,shanemarvinmay/food-image-dataset|yihfeng/chinesefoodnet,,197,classification_pseudo_box_review,source_decision:HOLD_DUPLICATE_ADAPTER_REQUIRED|source_decision:HOLD_LICENSE_AND_SIZE,,numeric_or_placeholder_label
158,reject,False,,1310,1310,0,0,2,0,shanemarvinmay/food-image-dataset|yihfeng/chinesefoodnet,,158,classification_pseudo_box_review,source_decision:HOLD_DUPLICATE_ADAPTER_REQUIRED|source_decision:HOLD_LICENSE_AND_SIZE,,numeric_or_placeholder_label
161,reject,False,,1310,1310,0,0,2,0,shanemarvinmay/food-image-dataset|yihfeng/chinesefoodnet,,161,classification_pseudo_box_review,source_decision:HOLD_DUPLICATE_ADAPTER_REQUIRED|source_decision:HOLD_LICENSE_AND_SIZE,,numeric_or_placeholder_label
185,reject,False,,1310,1310,0,0,2,0,shanemarvinmay/food-image-dataset|yihfeng/chinesefoodnet,,185,classification_pseudo_box_review,source_decision:HOLD_DUPLICATE_ADAPTER_REQUIRED|source_decision:HOLD_LICENSE_AND_SIZE,,numeric_or_placeholder_label
131,reject,False,,1309,1309,0,0,2,0,shanemarvinmay/food-image-dataset|yihfeng/chinesefoodnet,,131,classification_pseudo_box_review,source_decision:HOLD_DUPLICATE_ADAPTER_REQUIRED|source_decision:HOLD_LICENSE_AND_SIZE,,numeric_or_placeholder_label
205,reject,False,,1309,1309,0,0,2,0,shanemarvinmay/food-image-dataset|yihfeng/chinesefoodnet,,205,classification_pseudo_box_review,source_decision:HOLD_DUPLICATE_ADAPTER_REQUIRED|source_decision:HOLD_LICENSE_AND_SIZE,,numeric_or_placeholder_label
144,reject,False,,1308,1308,0,0,2,0,shanemarvinmay/food-image-dataset|yihfeng/chinesefoodnet,,144,classification_pseudo_box_review,source_decision:HOLD_DUPLICATE_ADAPTER_REQUIRED|source_decision:HOLD_LICENSE_AND_SIZE,,numeric_or_placeholder_label
152,reject,False,,1307,1307,0,0,2,0,shanemarvinmay/food-image-dataset|yihfeng/chinesefoodnet,,152,classification_pseudo_box_review,source_decision:HOLD_DUPLICATE_ADAPTER_REQUIRED|source_decision:HOLD_LICENSE_AND_SIZE,,numeric_or_placeholder_label
143,reject,False,,1305,1305,0,0,2,0,shanemarvinmay/food-image-dataset|yihfeng/chinesefoodnet,,143,classification_pseudo_box_review,source_decision:HOLD_DUPLICATE_ADAPTER_REQUIRED|source_decision:HOLD_LICENSE_AND_SIZE,,numeric_or_placeholder_label
188,reject,False,,1305,1305,0,0,2,0,shanemarvinmay/food-image-dataset|yihfeng/chinesefoodnet,,188,classification_pseudo_box_review,source_decision:HOLD_DUPLICATE_ADAPTER_REQUIRED|source_decision:HOLD_LICENSE_AND_SIZE,,numeric_or_placeholder_label
199,reject,False,,1305,1305,0,0,2,0,shanemarvinmay/food-image-dataset|yihfeng/chinesefoodnet,,199,classification_pseudo_box_review,source_decision:HOLD_DUPLICATE_ADAPTER_REQUIRED|source_decision:HOLD_LICENSE_AND_SIZE,,numeric_or_placeholder_label
148,reject,False,,1304,1304,0,0,2,0,shanemarvinmay/food-image-dataset|yihfeng/chinesefoodnet,,148,classification_pseudo_box_review,source_decision:HOLD_DUPLICATE_ADAPTER_REQUIRED|source_decision:HOLD_LICENSE_AND_SIZE,,numeric_or_placeholder_label
106,reject,False,,1303,1303,0,0,2,0,shanemarvinmay/food-image-dataset|yihfeng/chinesefoodnet,,106,classification_pseudo_box_review,source_decision:HOLD_DUPLICATE_ADAPTER_REQUIRED|source_decision:HOLD_LICENSE_AND_SIZE,,numeric_or_placeholder_label
110,reject,False,,1303,1303,0,0,2,0,shanemarvinmay/food-image-dataset|yihfeng/chinesefoodnet,,110,classification_pseudo_box_review,source_decision:HOLD_DUPLICATE_ADAPTER_REQUIRED|source_decision:HOLD_LICENSE_AND_SIZE,,numeric_or_placeholder_label
114,reject,False,,1303,1303,0,0,2,0,shanemarvinmay/food-image-dataset|yihfeng/chinesefoodnet,,114,classification_pseudo_box_review,source_decision:HOLD_DUPLICATE_ADAPTER_REQUIRED|source_decision:HOLD_LICENSE_AND_SIZE,,numeric_or_placeholder_label
132,reject,False,,1303,1303,0,0,2,0,shanemarvinmay/food-image-dataset|yihfeng/chinesefoodnet,,132,classification_pseudo_box_review,source_decision:HOLD_DUPLICATE_ADAPTER_REQUIRED|source_decision:HOLD_LICENSE_AND_SIZE,,numeric_or_placeholder_label
145,reject,False,,1303,1303,0,0,2,0,shanemarvinmay/food-image-dataset|yihfeng/chinesefoodnet,,145,classification_pseudo_box_review,source_decision:HOLD_DUPLICATE_ADAPTER_REQUIRED|source_decision:HOLD_LICENSE_AND_SIZE,,numeric_or_placeholder_label
113,reject,False,,1302,1302,0,0,2,0,shanemarvinmay/food-image-dataset|yihfeng/chinesefoodnet,,113,classification_pseudo_box_review,source_decision:HOLD_DUPLICATE_ADAPTER_REQUIRED|source_decision:HOLD_LICENSE_AND_SIZE,,numeric_or_placeholder_label
149,reject,False,,1302,1302,0,0,2,0,shanemarvinmay/food-image-dataset|yihfeng/chinesefoodnet,,149,classification_pseudo_box_review,source_decision:HOLD_DUPLICATE_ADAPTER_REQUIRED|source_decision:HOLD_LICENSE_AND_SIZE,,numeric_or_placeholder_label
154,reject,False,,1302,1302,0,0,2,0,shanemarvinmay/food-image-dataset|yihfeng/chinesefoodnet,,154,classification_pseudo_box_review,source_decision:HOLD_DUPLICATE_ADAPTER_REQUIRED|source_decision:HOLD_LICENSE_AND_SIZE,,numeric_or_placeholder_label
171,reject,False,,1302,1302,0,0,2,0,shanemarvinmay/food-image-dataset|yihfeng/chinesefoodnet,,171,classification_pseudo_box_review,source_decision:HOLD_DUPLICATE_ADAPTER_REQUIRED|source_decision:HOLD_LICENSE_AND_SIZE,,numeric_or_placeholder_label
130,reject,False,,1301,1301,0,0,2,0,shanemarvinmay/food-image-dataset|yihfeng/chinesefoodnet,,130,classification_pseudo_box_review,source_decision:HOLD_DUPLICATE_ADAPTER_REQUIRED|source_decision:HOLD_LICENSE_AND_SIZE,,numeric_or_placeholder_label
146,reject,False,,1301,1301,0,0,2,0,shanemarvinmay/food-image-dataset|yihfeng/chinesefoodnet,,146,classification_pseudo_box_review,source_decision:HOLD_DUPLICATE_ADAPTER_REQUIRED|source_decision:HOLD_LICENSE_AND_SIZE,,numeric_or_placeholder_label
196,reject,False,,1301,1301,0,0,2,0,shanemarvinmay/food-image-dataset|yihfeng/chinesefoodnet,,196,classification_pseudo_box_review,source_decision:HOLD_DUPLICATE_ADAPTER_REQUIRED|source_decision:HOLD_LICENSE_AND_SIZE,,numeric_or_placeholder_label
118,reject,False,,1300,1300,0,0,2,0,shanemarvinmay/food-image-dataset|yihfeng/chinesefoodnet,,118,classification_pseudo_box_review,source_decision:HOLD_DUPLICATE_ADAPTER_REQUIRED|source_decision:HOLD_LICENSE_AND_SIZE,,numeric_or_placeholder_label
147,reject,False,,1300,1300,0,0,2,0,shanemarvinmay/food-image-dataset|yihfeng/chinesefoodnet,,147,classification_pseudo_box_review,source_decision:HOLD_DUPLICATE_ADAPTER_REQUIRED|source_decision:HOLD_LICENSE_AND_SIZE,,numeric_or_placeholder_label
177,reject,False,,1300,1300,0,0,2,0,shanemarvinmay/food-image-dataset|yihfeng/chinesefoodnet,,177,classification_pseudo_box_review,source_decision:HOLD_DUPLICATE_ADAPTER_REQUIRED|source_decision:HOLD_LICENSE_AND_SIZE,,numeric_or_placeholder_label
107,reject,False,,1299,1299,0,0,2,0,shanemarvinmay/food-image-dataset|yihfeng/chinesefoodnet,,107,classification_pseudo_box_review,source_decision:HOLD_DUPLICATE_ADAPTER_REQUIRED|source_decision:HOLD_LICENSE_AND_SIZE,,numeric_or_placeholder_label
116,reject,False,,1299,1299,0,0,2,0,shanemarvinmay/food-image-dataset|yihfeng/chinesefoodnet,,116,classification_pseudo_box_review,source_decision:HOLD_DUPLICATE_ADAPTER_REQUIRED|source_decision:HOLD_LICENSE_AND_SIZE,,numeric_or_placeholder_label
137,reject,False,,1299,1299,0,0,2,0,shanemarvinmay/food-image-dataset|yihfeng/chinesefoodnet,,137,classification_pseudo_box_review,source_decision:HOLD_DUPLICATE_ADAPTER_REQUIRED|source_decision:HOLD_LICENSE_AND_SIZE,,numeric_or_placeholder_label
151,reject,False,,1299,1299,0,0,2,0,shanemarvinmay/food-image-dataset|yihfeng/chinesefoodnet,,151,classification_pseudo_box_review,source_decision:HOLD_DUPLICATE_ADAPTER_REQUIRED|source_decision:HOLD_LICENSE_AND_SIZE,,numeric_or_placeholder_label
193,reject,False,,1298,1298,0,0,2,0,shanemarvinmay/food-image-dataset|yihfeng/chinesefoodnet,,193,classification_pseudo_box_review,source_decision:HOLD_DUPLICATE_ADAPTER_REQUIRED|source_decision:HOLD_LICENSE_AND_SIZE,,numeric_or_placeholder_label
203,reject,False,,1298,1298,0,0,2,0,shanemarvinmay/food-image-dataset|yihfeng/chinesefoodnet,,203,classification_pseudo_box_review,source_decision:HOLD_DUPLICATE_ADAPTER_REQUIRED|source_decision:HOLD_LICENSE_AND_SIZE,,numeric_or_placeholder_label
153,reject,False,,1284,1284,0,0,2,0,shanemarvinmay/food-image-dataset|yihfeng/chinesefoodnet,,153,classification_pseudo_box_review,source_decision:HOLD_DUPLICATE_ADAPTER_REQUIRED|source_decision:HOLD_LICENSE_AND_SIZE,,numeric_or_placeholder_label
123,reject,False,,1275,1275,0,0,2,0,shanemarvinmay/food-image-dataset|yihfeng/chinesefoodnet,,123,classification_pseudo_box_review,source_decision:HOLD_DUPLICATE_ADAPTER_REQUIRED|source_decision:HOLD_LICENSE_AND_SIZE,,numeric_or_placeholder_label
111,reject,False,,1243,1243,0,0,2,0,shanemarvinmay/food-image-dataset|yihfeng/chinesefoodnet,,111,classification_pseudo_box_review,source_decision:HOLD_DUPLICATE_ADAPTER_REQUIRED|source_decision:HOLD_LICENSE_AND_SIZE,,numeric_or_placeholder_label
204,reject,False,,1222,1222,0,0,2,0,shanemarvinmay/food-image-dataset|yihfeng/chinesefoodnet,,204,classification_pseudo_box_review,source_decision:HOLD_DUPLICATE_ADAPTER_REQUIRED|source_decision:HOLD_LICENSE_AND_SIZE,,numeric_or_placeholder_label
127,reject,False,,1212,1212,0,0,2,0,shanemarvinmay/food-image-dataset|yihfeng/chinesefoodnet,,127,classification_pseudo_box_review,source_decision:HOLD_DUPLICATE_ADAPTER_REQUIRED|source_decision:HOLD_LICENSE_AND_SIZE,,numeric_or_placeholder_label
206,reject,False,,1208,1208,0,0,2,0,shanemarvinmay/food-image-dataset|yihfeng/chinesefoodnet,,206,classification_pseudo_box_review,source_decision:HOLD_DUPLICATE_ADAPTER_REQUIRED|source_decision:HOLD_LICENSE_AND_SIZE,,numeric_or_placeholder_label
000,reject,False,,1198,1198,0,0,1,0,yihfeng/chinesefoodnet,,000,classification_pseudo_box_review,source_decision:HOLD_LICENSE_AND_SIZE,,numeric_or_placeholder_label
005,reject,False,,1198,1198,0,0,1,0,yihfeng/chinesefoodnet,,005,classification_pseudo_box_review,source_decision:HOLD_LICENSE_AND_SIZE,,numeric_or_placeholder_label
006,reject,False,,1198,1198,0,0,1,0,yihfeng/chinesefoodnet,,006,classification_pseudo_box_review,source_decision:HOLD_LICENSE_AND_SIZE,,numeric_or_placeholder_label
009,reject,False,,1198,1198,0,0,1,0,yihfeng/chinesefoodnet,,009,classification_pseudo_box_review,source_decision:HOLD_LICENSE_AND_SIZE,,numeric_or_placeholder_label
010,reject,False,,1198,1198,0,0,1,0,yihfeng/chinesefoodnet,,010,classification_pseudo_box_review,source_decision:HOLD_LICENSE_AND_SIZE,,numeric_or_placeholder_label
011,reject,False,,1198,1198,0,0,1,0,yihfeng/chinesefoodnet,,011,classification_pseudo_box_review,source_decision:HOLD_LICENSE_AND_SIZE,,numeric_or_placeholder_label
013,reject,False,,1198,1198,0,0,1,0,yihfeng/chinesefoodnet,,013,classification_pseudo_box_review,source_decision:HOLD_LICENSE_AND_SIZE,,numeric_or_placeholder_label
015,reject,False,,1198,1198,0,0,1,0,yihfeng/chinesefoodnet,,015,classification_pseudo_box_review,source_decision:HOLD_LICENSE_AND_SIZE,,numeric_or_placeholder_label
016,reject,False,,1198,1198,0,0,1,0,yihfeng/chinesefoodnet,,016,classification_pseudo_box_review,source_decision:HOLD_LICENSE_AND_SIZE,,numeric_or_placeholder_label
017,reject,False,,1198,1198,0,0,1,0,yihfeng/chinesefoodnet,,017,classification_pseudo_box_review,source_decision:HOLD_LICENSE_AND_SIZE,,numeric_or_placeholder_label
018,reject,False,,1198,1198,0,0,1,0,yihfeng/chinesefoodnet,,018,classification_pseudo_box_review,source_decision:HOLD_LICENSE_AND_SIZE,,numeric_or_placeholder_label
020,reject,False,,1198,1198,0,0,1,0,yihfeng/chinesefoodnet,,020,classification_pseudo_box_review,source_decision:HOLD_LICENSE_AND_SIZE,,numeric_or_placeholder_label
022,reject,False,,1198,1198,0,0,1,0,yihfeng/chinesefoodnet,,022,classification_pseudo_box_review,source_decision:HOLD_LICENSE_AND_SIZE,,numeric_or_placeholder_label
023,reject,False,,1198,1198,0,0,1,0,yihfeng/chinesefoodnet,,023,classification_pseudo_box_review,source_decision:HOLD_LICENSE_AND_SIZE,,numeric_or_placeholder_label
025,reject,False,,1198,1198,0,0,1,0,yihfeng/chinesefoodnet,,025,classification_pseudo_box_review,source_decision:HOLD_LICENSE_AND_SIZE,,numeric_or_placeholder_label
026,reject,False,,1198,1198,0,0,1,0,yihfeng/chinesefoodnet,,026,classification_pseudo_box_review,source_decision:HOLD_LICENSE_AND_SIZE,,numeric_or_placeholder_label
028,reject,False,,1198,1198,0,0,1,0,yihfeng/chinesefoodnet,,028,classification_pseudo_box_review,source_decision:HOLD_LICENSE_AND_SIZE,,numeric_or_placeholder_label
032,reject,False,,1198,1198,0,0,1,0,yihfeng/chinesefoodnet,,032,classification_pseudo_box_review,source_decision:HOLD_LICENSE_AND_SIZE,,numeric_or_placeholder_label
033,reject,False,,1198,1198,0,0,1,0,yihfeng/chinesefoodnet,,033,classification_pseudo_box_review,source_decision:HOLD_LICENSE_AND_SIZE,,numeric_or_placeholder_label
038,reject,False,,1198,1198,0,0,1,0,yihfeng/chinesefoodnet,,038,classification_pseudo_box_review,source_decision:HOLD_LICENSE_AND_SIZE,,numeric_or_placeholder_label
043,reject,False,,1198,1198,0,0,1,0,yihfeng/chinesefoodnet,,043,classification_pseudo_box_review,source_decision:HOLD_LICENSE_AND_SIZE,,numeric_or_placeholder_label
050,reject,False,,1198,1198,0,0,1,0,yihfeng/chinesefoodnet,,050,classification_pseudo_box_review,source_decision:HOLD_LICENSE_AND_SIZE,,numeric_or_placeholder_label
053,reject,False,,1198,1198,0,0,1,0,yihfeng/chinesefoodnet,,053,classification_pseudo_box_review,source_decision:HOLD_LICENSE_AND_SIZE,,numeric_or_placeholder_label
054,reject,False,,1198,1198,0,0,1,0,yihfeng/chinesefoodnet,,054,classification_pseudo_box_review,source_decision:HOLD_LICENSE_AND_SIZE,,numeric_or_placeholder_label
058,reject,False,,1198,1198,0,0,1,0,yihfeng/chinesefoodnet,,058,classification_pseudo_box_review,source_decision:HOLD_LICENSE_AND_SIZE,,numeric_or_placeholder_label
060,reject,False,,1198,1198,0,0,1,0,yihfeng/chinesefoodnet,,060,classification_pseudo_box_review,source_decision:HOLD_LICENSE_AND_SIZE,,numeric_or_placeholder_label
061,reject,False,,1198,1198,0,0,1,0,yihfeng/chinesefoodnet,,061,classification_pseudo_box_review,source_decision:HOLD_LICENSE_AND_SIZE,,numeric_or_placeholder_label
062,reject,False,,1198,1198,0,0,1,0,yihfeng/chinesefoodnet,,062,classification_pseudo_box_review,source_decision:HOLD_LICENSE_AND_SIZE,,numeric_or_placeholder_label
066,reject,False,,1198,1198,0,0,1,0,yihfeng/chinesefoodnet,,066,classification_pseudo_box_review,source_decision:HOLD_LICENSE_AND_SIZE,,numeric_or_placeholder_label
068,reject,False,,1198,1198,0,0,1,0,yihfeng/chinesefoodnet,,068,classification_pseudo_box_review,source_decision:HOLD_LICENSE_AND_SIZE,,numeric_or_placeholder_label
070,reject,False,,1198,1198,0,0,1,0,yihfeng/chinesefoodnet,,070,classification_pseudo_box_review,source_decision:HOLD_LICENSE_AND_SIZE,,numeric_or_placeholder_label
071,reject,False,,1198,1198,0,0,1,0,yihfeng/chinesefoodnet,,071,classification_pseudo_box_review,source_decision:HOLD_LICENSE_AND_SIZE,,numeric_or_placeholder_label
073,reject,False,,1198,1198,0,0,1,0,yihfeng/chinesefoodnet,,073,classification_pseudo_box_review,source_decision:HOLD_LICENSE_AND_SIZE,,numeric_or_placeholder_label
077,reject,False,,1198,1198,0,0,1,0,yihfeng/chinesefoodnet,,077,classification_pseudo_box_review,source_decision:HOLD_LICENSE_AND_SIZE,,numeric_or_placeholder_label
079,reject,False,,1198,1198,0,0,1,0,yihfeng/chinesefoodnet,,079,classification_pseudo_box_review,source_decision:HOLD_LICENSE_AND_SIZE,,numeric_or_placeholder_label
081,reject,False,,1198,1198,0,0,1,0,yihfeng/chinesefoodnet,,081,classification_pseudo_box_review,source_decision:HOLD_LICENSE_AND_SIZE,,numeric_or_placeholder_label
084,reject,False,,1198,1198,0,0,1,0,yihfeng/chinesefoodnet,,084,classification_pseudo_box_review,source_decision:HOLD_LICENSE_AND_SIZE,,numeric_or_placeholder_label
086,reject,False,,1198,1198,0,0,1,0,yihfeng/chinesefoodnet,,086,classification_pseudo_box_review,source_decision:HOLD_LICENSE_AND_SIZE,,numeric_or_placeholder_label
087,reject,False,,1198,1198,0,0,1,0,yihfeng/chinesefoodnet,,087,classification_pseudo_box_review,source_decision:HOLD_LICENSE_AND_SIZE,,numeric_or_placeholder_label
089,reject,False,,1198,1198,0,0,1,0,yihfeng/chinesefoodnet,,089,classification_pseudo_box_review,source_decision:HOLD_LICENSE_AND_SIZE,,numeric_or_placeholder_label
090,reject,False,,1198,1198,0,0,1,0,yihfeng/chinesefoodnet,,090,classification_pseudo_box_review,source_decision:HOLD_LICENSE_AND_SIZE,,numeric_or_placeholder_label
092,reject,False,,1198,1198,0,0,1,0,yihfeng/chinesefoodnet,,092,classification_pseudo_box_review,source_decision:HOLD_LICENSE_AND_SIZE,,numeric_or_placeholder_label
093,reject,False,,1198,1198,0,0,1,0,yihfeng/chinesefoodnet,,093,classification_pseudo_box_review,source_decision:HOLD_LICENSE_AND_SIZE,,numeric_or_placeholder_label
094,reject,False,,1198,1198,0,0,1,0,yihfeng/chinesefoodnet,,094,classification_pseudo_box_review,source_decision:HOLD_LICENSE_AND_SIZE,,numeric_or_placeholder_label
096,reject,False,,1198,1198,0,0,1,0,yihfeng/chinesefoodnet,,096,classification_pseudo_box_review,source_decision:HOLD_LICENSE_AND_SIZE,,numeric_or_placeholder_label
097,reject,False,,1198,1198,0,0,1,0,yihfeng/chinesefoodnet,,097,classification_pseudo_box_review,source_decision:HOLD_LICENSE_AND_SIZE,,numeric_or_placeholder_label
035,reject,False,,1180,1180,0,0,1,0,yihfeng/chinesefoodnet,,035,classification_pseudo_box_review,source_decision:HOLD_LICENSE_AND_SIZE,,numeric_or_placeholder_label
112,reject,False,,1167,1167,0,0,2,0,shanemarvinmay/food-image-dataset|yihfeng/chinesefoodnet,,112,classification_pseudo_box_review,source_decision:HOLD_DUPLICATE_ADAPTER_REQUIRED|source_decision:HOLD_LICENSE_AND_SIZE,,numeric_or_placeholder_label
041,reject,False,,1147,1147,0,0,1,0,yihfeng/chinesefoodnet,,041,classification_pseudo_box_review,source_decision:HOLD_LICENSE_AND_SIZE,,numeric_or_placeholder_label
179,reject,False,,1140,1140,0,0,2,0,shanemarvinmay/food-image-dataset|yihfeng/chinesefoodnet,,179,classification_pseudo_box_review,source_decision:HOLD_DUPLICATE_ADAPTER_REQUIRED|source_decision:HOLD_LICENSE_AND_SIZE,,numeric_or_placeholder_label
180,reject,False,,1133,1133,0,0,2,0,shanemarvinmay/food-image-dataset|yihfeng/chinesefoodnet,,180,classification_pseudo_box_review,source_decision:HOLD_DUPLICATE_ADAPTER_REQUIRED|source_decision:HOLD_LICENSE_AND_SIZE,,numeric_or_placeholder_label
095,reject,False,,1122,1122,0,0,1,0,yihfeng/chinesefoodnet,,095,classification_pseudo_box_review,source_decision:HOLD_LICENSE_AND_SIZE,,numeric_or_placeholder_label
150,reject,False,,1100,1100,0,0,2,0,shanemarvinmay/food-image-dataset|yihfeng/chinesefoodnet,,150,classification_pseudo_box_review,source_decision:HOLD_DUPLICATE_ADAPTER_REQUIRED|source_decision:HOLD_LICENSE_AND_SIZE,,numeric_or_placeholder_label
167,reject,False,,1077,1077,0,0,2,0,shanemarvinmay/food-image-dataset|yihfeng/chinesefoodnet,,167,classification_pseudo_box_review,source_decision:HOLD_DUPLICATE_ADAPTER_REQUIRED|source_decision:HOLD_LICENSE_AND_SIZE,,numeric_or_placeholder_label
091,reject,False,,1074,1074,0,0,1,0,yihfeng/chinesefoodnet,,091,classification_pseudo_box_review,source_decision:HOLD_LICENSE_AND_SIZE,,numeric_or_placeholder_label
030,reject,False,,1066,1066,0,0,1,0,yihfeng/chinesefoodnet,,030,classification_pseudo_box_review,source_decision:HOLD_LICENSE_AND_SIZE,,numeric_or_placeholder_label
126,reject,False,,1054,1054,0,0,2,0,shanemarvinmay/food-image-dataset|yihfeng/chinesefoodnet,,126,classification_pseudo_box_review,source_decision:HOLD_DUPLICATE_ADAPTER_REQUIRED|source_decision:HOLD_LICENSE_AND_SIZE,,numeric_or_placeholder_label
051,reject,False,,1049,1049,0,0,1,0,yihfeng/chinesefoodnet,,051,classification_pseudo_box_review,source_decision:HOLD_LICENSE_AND_SIZE,,numeric_or_placeholder_label
052,reject,False,,1039,1039,0,0,1,0,yihfeng/chinesefoodnet,,052,classification_pseudo_box_review,source_decision:HOLD_LICENSE_AND_SIZE,,numeric_or_placeholder_label
037,reject,False,,1035,1035,0,0,1,0,yihfeng/chinesefoodnet,,037,classification_pseudo_box_review,source_decision:HOLD_LICENSE_AND_SIZE,,numeric_or_placeholder_label
117,reject,False,,1031,1031,0,0,2,0,shanemarvinmay/food-image-dataset|yihfeng/chinesefoodnet,,117,classification_pseudo_box_review,source_decision:HOLD_DUPLICATE_ADAPTER_REQUIRED|source_decision:HOLD_LICENSE_AND_SIZE,,numeric_or_placeholder_label
36,reject,False,,1028,1028,0,0,2,0,shanemarvinmay/food-image-dataset|somboonthamgemmy/foodydudy,,36,classification_pseudo_box_review,source_decision:HOLD_DUPLICATE_ADAPTER_REQUIRED|source_decision:HOLD_FORMAT_VERIFY,,numeric_or_placeholder_label
141,reject,False,,1009,1009,0,0,2,0,shanemarvinmay/food-image-dataset|yihfeng/chinesefoodnet,,141,classification_pseudo_box_review,source_decision:HOLD_DUPLICATE_ADAPTER_REQUIRED|source_decision:HOLD_LICENSE_AND_SIZE,,numeric_or_placeholder_label
034,reject,False,,967,967,0,0,1,0,yihfeng/chinesefoodnet,,034,classification_pseudo_box_review,source_decision:HOLD_LICENSE_AND_SIZE,,numeric_or_placeholder_label
031,reject,False,,965,965,0,0,1,0,yihfeng/chinesefoodnet,,031,classification_pseudo_box_review,source_decision:HOLD_LICENSE_AND_SIZE,,numeric_or_placeholder_label
075,reject,False,,958,958,0,0,1,0,yihfeng/chinesefoodnet,,075,classification_pseudo_box_review,source_decision:HOLD_LICENSE_AND_SIZE,,numeric_or_placeholder_label
002,reject,False,,946,946,0,0,1,0,yihfeng/chinesefoodnet,,002,classification_pseudo_box_review,source_decision:HOLD_LICENSE_AND_SIZE,,numeric_or_placeholder_label
019,reject,False,,938,938,0,0,1,0,yihfeng/chinesefoodnet,,019,classification_pseudo_box_review,source_decision:HOLD_LICENSE_AND_SIZE,,numeric_or_placeholder_label
036,reject,False,,938,938,0,0,1,0,yihfeng/chinesefoodnet,,036,classification_pseudo_box_review,source_decision:HOLD_LICENSE_AND_SIZE,,numeric_or_placeholder_label
101,reject,False,,922,922,0,0,2,0,shanemarvinmay/food-image-dataset|yihfeng/chinesefoodnet,,101,classification_pseudo_box_review,source_decision:HOLD_DUPLICATE_ADAPTER_REQUIRED|source_decision:HOLD_LICENSE_AND_SIZE,,numeric_or_placeholder_label
105,reject,False,,917,917,0,0,2,0,shanemarvinmay/food-image-dataset|yihfeng/chinesefoodnet,,105,classification_pseudo_box_review,source_decision:HOLD_DUPLICATE_ADAPTER_REQUIRED|source_decision:HOLD_LICENSE_AND_SIZE,,numeric_or_placeholder_label
119,reject,False,,917,917,0,0,2,0,shanemarvinmay/food-image-dataset|yihfeng/chinesefoodnet,,119,classification_pseudo_box_review,source_decision:HOLD_DUPLICATE_ADAPTER_REQUIRED|source_decision:HOLD_LICENSE_AND_SIZE,,numeric_or_placeholder_label
056,reject,False,,903,903,0,0,1,0,yihfeng/chinesefoodnet,,056,classification_pseudo_box_review,source_decision:HOLD_LICENSE_AND_SIZE,,numeric_or_placeholder_label
183,reject,False,,903,903,0,0,2,0,shanemarvinmay/food-image-dataset|yihfeng/chinesefoodnet,,183,classification_pseudo_box_review,source_decision:HOLD_DUPLICATE_ADAPTER_REQUIRED|source_decision:HOLD_LICENSE_AND_SIZE,,numeric_or_placeholder_label
099,reject,False,,885,885,0,0,1,0,yihfeng/chinesefoodnet,,099,classification_pseudo_box_review,source_decision:HOLD_LICENSE_AND_SIZE,,numeric_or_placeholder_label
001,reject,False,,871,871,0,0,1,0,yihfeng/chinesefoodnet,,001,classification_pseudo_box_review,source_decision:HOLD_LICENSE_AND_SIZE,,numeric_or_placeholder_label
012,reject,False,,868,868,0,0,1,0,yihfeng/chinesefoodnet,,012,classification_pseudo_box_review,source_decision:HOLD_LICENSE_AND_SIZE,,numeric_or_placeholder_label
190,reject,False,,841,841,0,0,2,0,shanemarvinmay/food-image-dataset|yihfeng/chinesefoodnet,,190,classification_pseudo_box_review,source_decision:HOLD_DUPLICATE_ADAPTER_REQUIRED|source_decision:HOLD_LICENSE_AND_SIZE,,numeric_or_placeholder_label
063,reject,False,,823,823,0,0,1,0,yihfeng/chinesefoodnet,,063,classification_pseudo_box_review,source_decision:HOLD_LICENSE_AND_SIZE,,numeric_or_placeholder_label
163,reject,False,,817,817,0,0,2,0,shanemarvinmay/food-image-dataset|yihfeng/chinesefoodnet,,163,classification_pseudo_box_review,source_decision:HOLD_DUPLICATE_ADAPTER_REQUIRED|source_decision:HOLD_LICENSE_AND_SIZE,,numeric_or_placeholder_label
082,reject,False,,813,813,0,0,1,0,yihfeng/chinesefoodnet,,082,classification_pseudo_box_review,source_decision:HOLD_LICENSE_AND_SIZE,,numeric_or_placeholder_label
080,reject,False,,793,793,0,0,1,0,yihfeng/chinesefoodnet,,080,classification_pseudo_box_review,source_decision:HOLD_LICENSE_AND_SIZE,,numeric_or_placeholder_label
104,reject,False,,781,781,0,0,2,0,shanemarvinmay/food-image-dataset|yihfeng/chinesefoodnet,,104,classification_pseudo_box_review,source_decision:HOLD_DUPLICATE_ADAPTER_REQUIRED|source_decision:HOLD_LICENSE_AND_SIZE,,numeric_or_placeholder_label
122,reject,False,,770,770,0,0,2,0,shanemarvinmay/food-image-dataset|yihfeng/chinesefoodnet,,122,classification_pseudo_box_review,source_decision:HOLD_DUPLICATE_ADAPTER_REQUIRED|source_decision:HOLD_LICENSE_AND_SIZE,,numeric_or_placeholder_label
098,reject,False,,764,764,0,0,1,0,yihfeng/chinesefoodnet,,098,classification_pseudo_box_review,source_decision:HOLD_LICENSE_AND_SIZE,,numeric_or_placeholder_label
187,reject,False,,757,757,0,0,2,0,shanemarvinmay/food-image-dataset|yihfeng/chinesefoodnet,,187,classification_pseudo_box_review,source_decision:HOLD_DUPLICATE_ADAPTER_REQUIRED|source_decision:HOLD_LICENSE_AND_SIZE,,numeric_or_placeholder_label
120,reject,False,,748,748,0,0,2,0,shanemarvinmay/food-image-dataset|yihfeng/chinesefoodnet,,120,classification_pseudo_box_review,source_decision:HOLD_DUPLICATE_ADAPTER_REQUIRED|source_decision:HOLD_LICENSE_AND_SIZE,,numeric_or_placeholder_label
103,reject,False,,737,737,0,0,2,0,shanemarvinmay/food-image-dataset|yihfeng/chinesefoodnet,,103,classification_pseudo_box_review,source_decision:HOLD_DUPLICATE_ADAPTER_REQUIRED|source_decision:HOLD_LICENSE_AND_SIZE,,numeric_or_placeholder_label
182,reject,False,,734,734,0,0,2,0,shanemarvinmay/food-image-dataset|yihfeng/chinesefoodnet,,182,classification_pseudo_box_review,source_decision:HOLD_DUPLICATE_ADAPTER_REQUIRED|source_decision:HOLD_LICENSE_AND_SIZE,,numeric_or_placeholder_label
067,reject,False,,730,730,0,0,1,0,yihfeng/chinesefoodnet,,067,classification_pseudo_box_review,source_decision:HOLD_LICENSE_AND_SIZE,,numeric_or_placeholder_label
108,reject,False,,727,727,0,0,2,0,shanemarvinmay/food-image-dataset|yihfeng/chinesefoodnet,,108,classification_pseudo_box_review,source_decision:HOLD_DUPLICATE_ADAPTER_REQUIRED|source_decision:HOLD_LICENSE_AND_SIZE,,numeric_or_placeholder_label
100,reject,False,,692,692,0,0,2,0,shanemarvinmay/food-image-dataset|yihfeng/chinesefoodnet,,100,classification_pseudo_box_review,source_decision:HOLD_DUPLICATE_ADAPTER_REQUIRED|source_decision:HOLD_LICENSE_AND_SIZE,,numeric_or_placeholder_label
175,reject,False,,678,678,0,0,2,0,shanemarvinmay/food-image-dataset|yihfeng/chinesefoodnet,,175,classification_pseudo_box_review,source_decision:HOLD_DUPLICATE_ADAPTER_REQUIRED|source_decision:HOLD_LICENSE_AND_SIZE,,numeric_or_placeholder_label
138,reject,False,,671,671,0,0,2,0,shanemarvinmay/food-image-dataset|yihfeng/chinesefoodnet,,138,classification_pseudo_box_review,source_decision:HOLD_DUPLICATE_ADAPTER_REQUIRED|source_decision:HOLD_LICENSE_AND_SIZE,,numeric_or_placeholder_label
140,reject,False,,669,669,0,0,2,0,shanemarvinmay/food-image-dataset|yihfeng/chinesefoodnet,,140,classification_pseudo_box_review,source_decision:HOLD_DUPLICATE_ADAPTER_REQUIRED|source_decision:HOLD_LICENSE_AND_SIZE,,numeric_or_placeholder_label
136,reject,False,,664,664,0,0,2,0,shanemarvinmay/food-image-dataset|yihfeng/chinesefoodnet,,136,classification_pseudo_box_review,source_decision:HOLD_DUPLICATE_ADAPTER_REQUIRED|source_decision:HOLD_LICENSE_AND_SIZE,,numeric_or_placeholder_label
162,reject,False,,658,658,0,0,2,0,shanemarvinmay/food-image-dataset|yihfeng/chinesefoodnet,,162,classification_pseudo_box_review,source_decision:HOLD_DUPLICATE_ADAPTER_REQUIRED|source_decision:HOLD_LICENSE_AND_SIZE,,numeric_or_placeholder_label
23,reject,False,,653,653,0,0,2,0,shanemarvinmay/food-image-dataset|somboonthamgemmy/foodydudy,,23,classification_pseudo_box_review,source_decision:HOLD_DUPLICATE_ADAPTER_REQUIRED|source_decision:HOLD_FORMAT_VERIFY,,numeric_or_placeholder_label
024,reject,False,,644,644,0,0,1,0,yihfeng/chinesefoodnet,,024,classification_pseudo_box_review,source_decision:HOLD_LICENSE_AND_SIZE,,numeric_or_placeholder_label
014,reject,False,,638,638,0,0,1,0,yihfeng/chinesefoodnet,,014,classification_pseudo_box_review,source_decision:HOLD_LICENSE_AND_SIZE,,numeric_or_placeholder_label
064,reject,False,,625,625,0,0,1,0,yihfeng/chinesefoodnet,,064,classification_pseudo_box_review,source_decision:HOLD_LICENSE_AND_SIZE,,numeric_or_placeholder_label
021,reject,False,,607,607,0,0,1,0,yihfeng/chinesefoodnet,,021,classification_pseudo_box_review,source_decision:HOLD_LICENSE_AND_SIZE,,numeric_or_placeholder_label
083,reject,False,,602,602,0,0,1,0,yihfeng/chinesefoodnet,,083,classification_pseudo_box_review,source_decision:HOLD_LICENSE_AND_SIZE,,numeric_or_placeholder_label
072,reject,False,,600,600,0,0,1,0,yihfeng/chinesefoodnet,,072,classification_pseudo_box_review,source_decision:HOLD_LICENSE_AND_SIZE,,numeric_or_placeholder_label
202,reject,False,,581,581,0,0,2,0,shanemarvinmay/food-image-dataset|yihfeng/chinesefoodnet,,202,classification_pseudo_box_review,source_decision:HOLD_DUPLICATE_ADAPTER_REQUIRED|source_decision:HOLD_LICENSE_AND_SIZE,,numeric_or_placeholder_label
027,reject,False,,577,577,0,0,1,0,yihfeng/chinesefoodnet,,027,classification_pseudo_box_review,source_decision:HOLD_LICENSE_AND_SIZE,,numeric_or_placeholder_label
057,reject,False,,564,564,0,0,1,0,yihfeng/chinesefoodnet,,057,classification_pseudo_box_review,source_decision:HOLD_LICENSE_AND_SIZE,,numeric_or_placeholder_label
044,reject,False,,555,555,0,0,1,0,yihfeng/chinesefoodnet,,044,classification_pseudo_box_review,source_decision:HOLD_LICENSE_AND_SIZE,,numeric_or_placeholder_label
045,reject,False,,534,534,0,0,1,0,yihfeng/chinesefoodnet,,045,classification_pseudo_box_review,source_decision:HOLD_LICENSE_AND_SIZE,,numeric_or_placeholder_label
133,reject,False,,534,534,0,0,2,0,shanemarvinmay/food-image-dataset|yihfeng/chinesefoodnet,,133,classification_pseudo_box_review,source_decision:HOLD_DUPLICATE_ADAPTER_REQUIRED|source_decision:HOLD_LICENSE_AND_SIZE,,numeric_or_placeholder_label
17,reject,False,,533,533,0,0,2,0,shanemarvinmay/food-image-dataset|somboonthamgemmy/foodydudy,,17,classification_pseudo_box_review,source_decision:HOLD_DUPLICATE_ADAPTER_REQUIRED|source_decision:HOLD_FORMAT_VERIFY,,numeric_or_placeholder_label
129,reject,False,,528,528,0,0,2,0,shanemarvinmay/food-image-dataset|yihfeng/chinesefoodnet,,129,classification_pseudo_box_review,source_decision:HOLD_DUPLICATE_ADAPTER_REQUIRED|source_decision:HOLD_LICENSE_AND_SIZE,,numeric_or_placeholder_label
172,reject,False,,524,524,0,0,2,0,shanemarvinmay/food-image-dataset|yihfeng/chinesefoodnet,,172,classification_pseudo_box_review,source_decision:HOLD_DUPLICATE_ADAPTER_REQUIRED|source_decision:HOLD_LICENSE_AND_SIZE,,numeric_or_placeholder_label
040,reject,False,,520,520,0,0,1,0,yihfeng/chinesefoodnet,,040,classification_pseudo_box_review,source_decision:HOLD_LICENSE_AND_SIZE,,numeric_or_placeholder_label
124,reject,False,,519,519,0,0,2,0,shanemarvinmay/food-image-dataset|yihfeng/chinesefoodnet,,124,classification_pseudo_box_review,source_decision:HOLD_DUPLICATE_ADAPTER_REQUIRED|source_decision:HOLD_LICENSE_AND_SIZE,,numeric_or_placeholder_label
12,reject,False,,518,518,0,0,2,0,shanemarvinmay/food-image-dataset|somboonthamgemmy/foodydudy,,12,classification_pseudo_box_review,source_decision:HOLD_DUPLICATE_ADAPTER_REQUIRED|source_decision:HOLD_FORMAT_VERIFY,,numeric_or_placeholder_label
076,reject,False,,513,513,0,0,1,0,yihfeng/chinesefoodnet,,076,classification_pseudo_box_review,source_decision:HOLD_LICENSE_AND_SIZE,,numeric_or_placeholder_label
088,reject,False,,510,510,0,0,1,0,yihfeng/chinesefoodnet,,088,classification_pseudo_box_review,source_decision:HOLD_LICENSE_AND_SIZE,,numeric_or_placeholder_label
008,reject,False,,506,506,0,0,1,0,yihfeng/chinesefoodnet,,008,classification_pseudo_box_review,source_decision:HOLD_LICENSE_AND_SIZE,,numeric_or_placeholder_label
007,reject,False,,503,503,0,0,1,0,yihfeng/chinesefoodnet,,007,classification_pseudo_box_review,source_decision:HOLD_LICENSE_AND_SIZE,,numeric_or_placeholder_label
person,reject,False,,501,599,0,0,1,0,youssefahmed003/junk-food-object-detection-dataset-yolo-format,,person,yolo_detection,source_decision:HOLD_OVERLAP_ONLY,,base_reject_alias
191,reject,False,,497,497,0,0,2,0,shanemarvinmay/food-image-dataset|yihfeng/chinesefoodnet,,191,classification_pseudo_box_review,source_decision:HOLD_DUPLICATE_ADAPTER_REQUIRED|source_decision:HOLD_LICENSE_AND_SIZE,,numeric_or_placeholder_label
174,reject,False,,496,496,0,0,2,0,shanemarvinmay/food-image-dataset|yihfeng/chinesefoodnet,,174,classification_pseudo_box_review,source_decision:HOLD_DUPLICATE_ADAPTER_REQUIRED|source_decision:HOLD_LICENSE_AND_SIZE,,numeric_or_placeholder_label
178,reject,False,,494,494,0,0,2,0,shanemarvinmay/food-image-dataset|yihfeng/chinesefoodnet,,178,classification_pseudo_box_review,source_decision:HOLD_DUPLICATE_ADAPTER_REQUIRED|source_decision:HOLD_LICENSE_AND_SIZE,,numeric_or_placeholder_label
003,reject,False,,475,475,0,0,1,0,yihfeng/chinesefoodnet,,003,classification_pseudo_box_review,source_decision:HOLD_LICENSE_AND_SIZE,,numeric_or_placeholder_label
102,reject,False,,473,473,0,0,2,0,shanemarvinmay/food-image-dataset|yihfeng/chinesefoodnet,,102,classification_pseudo_box_review,source_decision:HOLD_DUPLICATE_ADAPTER_REQUIRED|source_decision:HOLD_LICENSE_AND_SIZE,,numeric_or_placeholder_label
047,reject,False,,470,470,0,0,1,0,yihfeng/chinesefoodnet,,047,classification_pseudo_box_review,source_decision:HOLD_LICENSE_AND_SIZE,,numeric_or_placeholder_label
198,reject,False,,467,467,0,0,2,0,shanemarvinmay/food-image-dataset|yihfeng/chinesefoodnet,,198,classification_pseudo_box_review,source_decision:HOLD_DUPLICATE_ADAPTER_REQUIRED|source_decision:HOLD_LICENSE_AND_SIZE,,numeric_or_placeholder_label
42,reject,False,,467,467,0,0,2,0,shanemarvinmay/food-image-dataset|somboonthamgemmy/foodydudy,,42,classification_pseudo_box_review,source_decision:HOLD_DUPLICATE_ADAPTER_REQUIRED|source_decision:HOLD_FORMAT_VERIFY,,numeric_or_placeholder_label
157,reject,False,,464,464,0,0,2,0,shanemarvinmay/food-image-dataset|yihfeng/chinesefoodnet,,157,classification_pseudo_box_review,source_decision:HOLD_DUPLICATE_ADAPTER_REQUIRED|source_decision:HOLD_LICENSE_AND_SIZE,,numeric_or_placeholder_label
19,reject,False,,463,463,0,0,2,0,shanemarvinmay/food-image-dataset|somboonthamgemmy/foodydudy,,19,classification_pseudo_box_review,source_decision:HOLD_DUPLICATE_ADAPTER_REQUIRED|source_decision:HOLD_FORMAT_VERIFY,,numeric_or_placeholder_label
22,reject,False,,463,463,0,0,2,0,shanemarvinmay/food-image-dataset|somboonthamgemmy/foodydudy,,22,classification_pseudo_box_review,source_decision:HOLD_DUPLICATE_ADAPTER_REQUIRED|source_decision:HOLD_FORMAT_VERIFY,,numeric_or_placeholder_label
20,reject,False,,452,452,0,0,2,0,shanemarvinmay/food-image-dataset|somboonthamgemmy/foodydudy,,20,classification_pseudo_box_review,source_decision:HOLD_DUPLICATE_ADAPTER_REQUIRED|source_decision:HOLD_FORMAT_VERIFY,,numeric_or_placeholder_label
27,reject,False,,451,451,0,0,2,0,shanemarvinmay/food-image-dataset|somboonthamgemmy/foodydudy,,27,classification_pseudo_box_review,source_decision:HOLD_DUPLICATE_ADAPTER_REQUIRED|source_decision:HOLD_FORMAT_VERIFY,,numeric_or_placeholder_label
16,reject,False,,448,448,0,0,2,0,shanemarvinmay/food-image-dataset|somboonthamgemmy/foodydudy,,16,classification_pseudo_box_review,source_decision:HOLD_DUPLICATE_ADAPTER_REQUIRED|source_decision:HOLD_FORMAT_VERIFY,,numeric_or_placeholder_label
24,reject,False,,439,439,0,0,2,0,shanemarvinmay/food-image-dataset|somboonthamgemmy/foodydudy,,24,classification_pseudo_box_review,source_decision:HOLD_DUPLICATE_ADAPTER_REQUIRED|source_decision:HOLD_FORMAT_VERIFY,,numeric_or_placeholder_label
28,reject,False,,437,437,0,0,2,0,shanemarvinmay/food-image-dataset|somboonthamgemmy/foodydudy,,28,classification_pseudo_box_review,source_decision:HOLD_DUPLICATE_ADAPTER_REQUIRED|source_decision:HOLD_FORMAT_VERIFY,,numeric_or_placeholder_label
10,reject,False,,436,436,0,0,2,0,shanemarvinmay/food-image-dataset|somboonthamgemmy/foodydudy,,10,classification_pseudo_box_review,source_decision:HOLD_DUPLICATE_ADAPTER_REQUIRED|source_decision:HOLD_FORMAT_VERIFY,,numeric_or_placeholder_label
115,reject,False,,434,434,0,0,2,0,shanemarvinmay/food-image-dataset|yihfeng/chinesefoodnet,,115,classification_pseudo_box_review,source_decision:HOLD_DUPLICATE_ADAPTER_REQUIRED|source_decision:HOLD_LICENSE_AND_SIZE,,numeric_or_placeholder_label
18,reject,False,,434,434,0,0,2,0,shanemarvinmay/food-image-dataset|somboonthamgemmy/foodydudy,,18,classification_pseudo_box_review,source_decision:HOLD_DUPLICATE_ADAPTER_REQUIRED|source_decision:HOLD_FORMAT_VERIFY,,numeric_or_placeholder_label
29,reject,False,,434,434,0,0,2,0,shanemarvinmay/food-image-dataset|somboonthamgemmy/foodydudy,,29,classification_pseudo_box_review,source_decision:HOLD_DUPLICATE_ADAPTER_REQUIRED|source_decision:HOLD_FORMAT_VERIFY,,numeric_or_placeholder_label
26,reject,False,,431,431,0,0,2,0,shanemarvinmay/food-image-dataset|somboonthamgemmy/foodydudy,,26,classification_pseudo_box_review,source_decision:HOLD_DUPLICATE_ADAPTER_REQUIRED|source_decision:HOLD_FORMAT_VERIFY,,numeric_or_placeholder_label
039,reject,False,,429,429,0,0,1,0,yihfeng/chinesefoodnet,,039,classification_pseudo_box_review,source_decision:HOLD_LICENSE_AND_SIZE,,numeric_or_placeholder_label
059,reject,False,,426,426,0,0,1,0,yihfeng/chinesefoodnet,,059,classification_pseudo_box_review,source_decision:HOLD_LICENSE_AND_SIZE,,numeric_or_placeholder_label
32,reject,False,,426,426,0,0,2,0,shanemarvinmay/food-image-dataset|somboonthamgemmy/foodydudy,,32,classification_pseudo_box_review,source_decision:HOLD_DUPLICATE_ADAPTER_REQUIRED|source_decision:HOLD_FORMAT_VERIFY,,numeric_or_placeholder_label
45,reject,False,,421,421,0,0,2,0,shanemarvinmay/food-image-dataset|somboonthamgemmy/foodydudy,,45,classification_pseudo_box_review,source_decision:HOLD_DUPLICATE_ADAPTER_REQUIRED|source_decision:HOLD_FORMAT_VERIFY,,numeric_or_placeholder_label
13,reject,False,,420,420,0,0,2,0,shanemarvinmay/food-image-dataset|somboonthamgemmy/foodydudy,,13,classification_pseudo_box_review,source_decision:HOLD_DUPLICATE_ADAPTER_REQUIRED|source_decision:HOLD_FORMAT_VERIFY,,numeric_or_placeholder_label
31,reject,False,,420,420,0,0,2,0,shanemarvinmay/food-image-dataset|somboonthamgemmy/foodydudy,,31,classification_pseudo_box_review,source_decision:HOLD_DUPLICATE_ADAPTER_REQUIRED|source_decision:HOLD_FORMAT_VERIFY,,numeric_or_placeholder_label
38,reject,False,,418,418,0,0,2,0,shanemarvinmay/food-image-dataset|somboonthamgemmy/foodydudy,,38,classification_pseudo_box_review,source_decision:HOLD_DUPLICATE_ADAPTER_REQUIRED|source_decision:HOLD_FORMAT_VERIFY,,numeric_or_placeholder_label
46,reject,False,,416,416,0,0,2,0,shanemarvinmay/food-image-dataset|somboonthamgemmy/foodydudy,,46,classification_pseudo_box_review,source_decision:HOLD_DUPLICATE_ADAPTER_REQUIRED|source_decision:HOLD_FORMAT_VERIFY,,numeric_or_placeholder_label
30,reject,False,,415,415,0,0,2,0,shanemarvinmay/food-image-dataset|somboonthamgemmy/foodydudy,,30,classification_pseudo_box_review,source_decision:HOLD_DUPLICATE_ADAPTER_REQUIRED|source_decision:HOLD_FORMAT_VERIFY,,numeric_or_placeholder_label
35,reject,False,,415,415,0,0,2,0,shanemarvinmay/food-image-dataset|somboonthamgemmy/foodydudy,,35,classification_pseudo_box_review,source_decision:HOLD_DUPLICATE_ADAPTER_REQUIRED|source_decision:HOLD_FORMAT_VERIFY,,numeric_or_placeholder_label
37,reject,False,,413,413,0,0,2,0,shanemarvinmay/food-image-dataset|somboonthamgemmy/foodydudy,,37,classification_pseudo_box_review,source_decision:HOLD_DUPLICATE_ADAPTER_REQUIRED|source_decision:HOLD_FORMAT_VERIFY,,numeric_or_placeholder_label
41,reject,False,,413,413,0,0,2,0,shanemarvinmay/food-image-dataset|somboonthamgemmy/foodydudy,,41,classification_pseudo_box_review,source_decision:HOLD_DUPLICATE_ADAPTER_REQUIRED|source_decision:HOLD_FORMAT_VERIFY,,numeric_or_placeholder_label
11,reject,False,,412,412,0,0,2,0,shanemarvinmay/food-image-dataset|somboonthamgemmy/foodydudy,,11,classification_pseudo_box_review,source_decision:HOLD_DUPLICATE_ADAPTER_REQUIRED|source_decision:HOLD_FORMAT_VERIFY,,numeric_or_placeholder_label
168,reject,False,,412,412,0,0,2,0,shanemarvinmay/food-image-dataset|yihfeng/chinesefoodnet,,168,classification_pseudo_box_review,source_decision:HOLD_DUPLICATE_ADAPTER_REQUIRED|source_decision:HOLD_LICENSE_AND_SIZE,,numeric_or_placeholder_label
25,reject,False,,412,412,0,0,2,0,shanemarvinmay/food-image-dataset|somboonthamgemmy/foodydudy,,25,classification_pseudo_box_review,source_decision:HOLD_DUPLICATE_ADAPTER_REQUIRED|source_decision:HOLD_FORMAT_VERIFY,,numeric_or_placeholder_label
39,reject,False,,412,412,0,0,2,0,shanemarvinmay/food-image-dataset|somboonthamgemmy/foodydudy,,39,classification_pseudo_box_review,source_decision:HOLD_DUPLICATE_ADAPTER_REQUIRED|source_decision:HOLD_FORMAT_VERIFY,,numeric_or_placeholder_label
14,reject,False,,407,407,0,0,2,0,shanemarvinmay/food-image-dataset|somboonthamgemmy/foodydudy,,14,classification_pseudo_box_review,source_decision:HOLD_DUPLICATE_ADAPTER_REQUIRED|source_decision:HOLD_FORMAT_VERIFY,,numeric_or_placeholder_label
40,reject,False,,407,407,0,0,2,0,shanemarvinmay/food-image-dataset|somboonthamgemmy/foodydudy,,40,classification_pseudo_box_review,source_decision:HOLD_DUPLICATE_ADAPTER_REQUIRED|source_decision:HOLD_FORMAT_VERIFY,,numeric_or_placeholder_label
21,reject,False,,406,406,0,0,2,0,shanemarvinmay/food-image-dataset|somboonthamgemmy/foodydudy,,21,classification_pseudo_box_review,source_decision:HOLD_DUPLICATE_ADAPTER_REQUIRED|source_decision:HOLD_FORMAT_VERIFY,,numeric_or_placeholder_label
43,reject,False,,406,406,0,0,2,0,shanemarvinmay/food-image-dataset|somboonthamgemmy/foodydudy,,43,classification_pseudo_box_review,source_decision:HOLD_DUPLICATE_ADAPTER_REQUIRED|source_decision:HOLD_FORMAT_VERIFY,,numeric_or_placeholder_label
44,reject,False,,405,405,0,0,2,0,shanemarvinmay/food-image-dataset|somboonthamgemmy/foodydudy,,44,classification_pseudo_box_review,source_decision:HOLD_DUPLICATE_ADAPTER_REQUIRED|source_decision:HOLD_FORMAT_VERIFY,,numeric_or_placeholder_label
47,reject,False,,404,404,0,0,2,0,shanemarvinmay/food-image-dataset|somboonthamgemmy/foodydudy,,47,classification_pseudo_box_review,source_decision:HOLD_DUPLICATE_ADAPTER_REQUIRED|source_decision:HOLD_FORMAT_VERIFY,,numeric_or_placeholder_label
33,reject,False,,402,402,0,0,2,0,shanemarvinmay/food-image-dataset|somboonthamgemmy/foodydudy,,33,classification_pseudo_box_review,source_decision:HOLD_DUPLICATE_ADAPTER_REQUIRED|source_decision:HOLD_FORMAT_VERIFY,,numeric_or_placeholder_label
34,reject,False,,402,402,0,0,2,0,shanemarvinmay/food-image-dataset|somboonthamgemmy/foodydudy,,34,classification_pseudo_box_review,source_decision:HOLD_DUPLICATE_ADAPTER_REQUIRED|source_decision:HOLD_FORMAT_VERIFY,,numeric_or_placeholder_label
15,reject,False,,401,401,0,0,2,0,shanemarvinmay/food-image-dataset|somboonthamgemmy/foodydudy,,15,classification_pseudo_box_review,source_decision:HOLD_DUPLICATE_ADAPTER_REQUIRED|source_decision:HOLD_FORMAT_VERIFY,,numeric_or_placeholder_label
069,reject,False,,369,369,0,0,1,0,yihfeng/chinesefoodnet,,069,classification_pseudo_box_review,source_decision:HOLD_LICENSE_AND_SIZE,,numeric_or_placeholder_label
121,reject,False,,361,361,0,0,2,0,shanemarvinmay/food-image-dataset|yihfeng/chinesefoodnet,,121,classification_pseudo_box_review,source_decision:HOLD_DUPLICATE_ADAPTER_REQUIRED|source_decision:HOLD_LICENSE_AND_SIZE,,numeric_or_placeholder_label
074,reject,False,,358,358,0,0,1,0,yihfeng/chinesefoodnet,,074,classification_pseudo_box_review,source_decision:HOLD_LICENSE_AND_SIZE,,numeric_or_placeholder_label
085,reject,False,,357,357,0,0,1,0,yihfeng/chinesefoodnet,,085,classification_pseudo_box_review,source_decision:HOLD_LICENSE_AND_SIZE,,numeric_or_placeholder_label
078,reject,False,,345,345,0,0,1,0,yihfeng/chinesefoodnet,,078,classification_pseudo_box_review,source_decision:HOLD_LICENSE_AND_SIZE,,numeric_or_placeholder_label
87,reject,False,,342,342,0,0,1,0,shanemarvinmay/food-image-dataset,,87,classification_pseudo_box_review,source_decision:HOLD_DUPLICATE_ADAPTER_REQUIRED,,numeric_or_placeholder_label
065,reject,False,,316,316,0,0,1,0,yihfeng/chinesefoodnet,,065,classification_pseudo_box_review,source_decision:HOLD_LICENSE_AND_SIZE,,numeric_or_placeholder_label
055,reject,False,,313,313,0,0,1,0,yihfeng/chinesefoodnet,,055,classification_pseudo_box_review,source_decision:HOLD_LICENSE_AND_SIZE,,numeric_or_placeholder_label
004,reject,False,,309,309,0,0,1,0,yihfeng/chinesefoodnet,,004,classification_pseudo_box_review,source_decision:HOLD_LICENSE_AND_SIZE,,numeric_or_placeholder_label
156,reject,False,,305,305,0,0,2,0,shanemarvinmay/food-image-dataset|yihfeng/chinesefoodnet,,156,classification_pseudo_box_review,source_decision:HOLD_DUPLICATE_ADAPTER_REQUIRED|source_decision:HOLD_LICENSE_AND_SIZE,,numeric_or_placeholder_label
00,reject,False,,300,300,0,0,1,0,somboonthamgemmy/foodydudy,,00,classification_pseudo_box_review,source_decision:HOLD_FORMAT_VERIFY,,numeric_or_placeholder_label
01,reject,False,,300,300,0,0,1,0,somboonthamgemmy/foodydudy,,01,classification_pseudo_box_review,source_decision:HOLD_FORMAT_VERIFY,,numeric_or_placeholder_label
02,reject,False,,300,300,0,0,1,0,somboonthamgemmy/foodydudy,,02,classification_pseudo_box_review,source_decision:HOLD_FORMAT_VERIFY,,numeric_or_placeholder_label
03,reject,False,,300,300,0,0,1,0,somboonthamgemmy/foodydudy,,03,classification_pseudo_box_review,source_decision:HOLD_FORMAT_VERIFY,,numeric_or_placeholder_label
04,reject,False,,300,300,0,0,1,0,somboonthamgemmy/foodydudy,,04,classification_pseudo_box_review,source_decision:HOLD_FORMAT_VERIFY,,numeric_or_placeholder_label
05,reject,False,,300,300,0,0,1,0,somboonthamgemmy/foodydudy,,05,classification_pseudo_box_review,source_decision:HOLD_FORMAT_VERIFY,,numeric_or_placeholder_label
06,reject,False,,300,300,0,0,1,0,somboonthamgemmy/foodydudy,,06,classification_pseudo_box_review,source_decision:HOLD_FORMAT_VERIFY,,numeric_or_placeholder_label
07,reject,False,,300,300,0,0,1,0,somboonthamgemmy/foodydudy,,07,classification_pseudo_box_review,source_decision:HOLD_FORMAT_VERIFY,,numeric_or_placeholder_label
08,reject,False,,300,300,0,0,1,0,somboonthamgemmy/foodydudy,,08,classification_pseudo_box_review,source_decision:HOLD_FORMAT_VERIFY,,numeric_or_placeholder_label
09,reject,False,,300,300,0,0,1,0,somboonthamgemmy/foodydudy,,09,classification_pseudo_box_review,source_decision:HOLD_FORMAT_VERIFY,,numeric_or_placeholder_label
048,reject,False,,293,293,0,0,1,0,yihfeng/chinesefoodnet,,048,classification_pseudo_box_review,source_decision:HOLD_LICENSE_AND_SIZE,,numeric_or_placeholder_label
128,reject,False,,282,282,0,0,2,0,shanemarvinmay/food-image-dataset|yihfeng/chinesefoodnet,,128,classification_pseudo_box_review,source_decision:HOLD_DUPLICATE_ADAPTER_REQUIRED|source_decision:HOLD_LICENSE_AND_SIZE,,numeric_or_placeholder_label
042,reject,False,,274,274,0,0,1,0,yihfeng/chinesefoodnet,,042,classification_pseudo_box_review,source_decision:HOLD_LICENSE_AND_SIZE,,numeric_or_placeholder_label
029,reject,False,,264,264,0,0,1,0,yihfeng/chinesefoodnet,,029,classification_pseudo_box_review,source_decision:HOLD_LICENSE_AND_SIZE,,numeric_or_placeholder_label
160,reject,False,,255,255,0,0,2,0,shanemarvinmay/food-image-dataset|yihfeng/chinesefoodnet,,160,classification_pseudo_box_review,source_decision:HOLD_DUPLICATE_ADAPTER_REQUIRED|source_decision:HOLD_LICENSE_AND_SIZE,,numeric_or_placeholder_label
184,reject,False,,255,255,0,0,2,0,shanemarvinmay/food-image-dataset|yihfeng/chinesefoodnet,,184,classification_pseudo_box_review,source_decision:HOLD_DUPLICATE_ADAPTER_REQUIRED|source_decision:HOLD_LICENSE_AND_SIZE,,numeric_or_placeholder_label
181,reject,False,,251,251,0,0,2,0,shanemarvinmay/food-image-dataset|yihfeng/chinesefoodnet,,181,classification_pseudo_box_review,source_decision:HOLD_DUPLICATE_ADAPTER_REQUIRED|source_decision:HOLD_LICENSE_AND_SIZE,,numeric_or_placeholder_label
194,reject,False,,243,243,0,0,2,0,shanemarvinmay/food-image-dataset|yihfeng/chinesefoodnet,,194,classification_pseudo_box_review,source_decision:HOLD_DUPLICATE_ADAPTER_REQUIRED|source_decision:HOLD_LICENSE_AND_SIZE,,numeric_or_placeholder_label
68,reject,False,,224,224,0,0,1,0,shanemarvinmay/food-image-dataset,,68,classification_pseudo_box_review,source_decision:HOLD_DUPLICATE_ADAPTER_REQUIRED,,numeric_or_placeholder_label
186,reject,False,,221,221,0,0,2,0,shanemarvinmay/food-image-dataset|yihfeng/chinesefoodnet,,186,classification_pseudo_box_review,source_decision:HOLD_DUPLICATE_ADAPTER_REQUIRED|source_decision:HOLD_LICENSE_AND_SIZE,,numeric_or_placeholder_label
109,reject,False,,216,216,0,0,2,0,shanemarvinmay/food-image-dataset|yihfeng/chinesefoodnet,,109,classification_pseudo_box_review,source_decision:HOLD_DUPLICATE_ADAPTER_REQUIRED|source_decision:HOLD_LICENSE_AND_SIZE,,numeric_or_placeholder_label
192,reject,False,,207,207,0,0,2,0,shanemarvinmay/food-image-dataset|yihfeng/chinesefoodnet,,192,classification_pseudo_box_review,source_decision:HOLD_DUPLICATE_ADAPTER_REQUIRED|source_decision:HOLD_LICENSE_AND_SIZE,,numeric_or_placeholder_label
49,reject,False,,181,181,0,0,1,0,shanemarvinmay/food-image-dataset,,49,classification_pseudo_box_review,source_decision:HOLD_DUPLICATE_ADAPTER_REQUIRED,,numeric_or_placeholder_label
046,reject,False,,177,177,0,0,1,0,yihfeng/chinesefoodnet,,046,classification_pseudo_box_review,source_decision:HOLD_LICENSE_AND_SIZE,,numeric_or_placeholder_label
9,reject,False,,169,169,0,0,1,0,shanemarvinmay/food-image-dataset,,9,classification_pseudo_box_review,source_decision:HOLD_DUPLICATE_ADAPTER_REQUIRED,,numeric_or_placeholder_label
92,reject,False,,167,167,0,0,1,0,shanemarvinmay/food-image-dataset,,92,classification_pseudo_box_review,source_decision:HOLD_DUPLICATE_ADAPTER_REQUIRED,,numeric_or_placeholder_label
91,reject,False,,165,165,0,0,1,0,shanemarvinmay/food-image-dataset,,91,classification_pseudo_box_review,source_decision:HOLD_DUPLICATE_ADAPTER_REQUIRED,,numeric_or_placeholder_label
70,reject,False,,158,158,0,0,1,0,shanemarvinmay/food-image-dataset,,70,classification_pseudo_box_review,source_decision:HOLD_DUPLICATE_ADAPTER_REQUIRED,,numeric_or_placeholder_label
55,reject,False,,154,154,0,0,1,0,shanemarvinmay/food-image-dataset,,55,classification_pseudo_box_review,source_decision:HOLD_DUPLICATE_ADAPTER_REQUIRED,,numeric_or_placeholder_label
98,reject,False,,153,153,0,0,1,0,shanemarvinmay/food-image-dataset,,98,classification_pseudo_box_review,source_decision:HOLD_DUPLICATE_ADAPTER_REQUIRED,,numeric_or_placeholder_label
169,reject,False,,148,148,0,0,2,0,shanemarvinmay/food-image-dataset|yihfeng/chinesefoodnet,,169,classification_pseudo_box_review,source_decision:HOLD_DUPLICATE_ADAPTER_REQUIRED|source_decision:HOLD_LICENSE_AND_SIZE,,numeric_or_placeholder_label
69,reject,False,,147,147,0,0,1,0,shanemarvinmay/food-image-dataset,,69,classification_pseudo_box_review,source_decision:HOLD_DUPLICATE_ADAPTER_REQUIRED,,numeric_or_placeholder_label
76,reject,False,,147,147,0,0,1,0,shanemarvinmay/food-image-dataset,,76,classification_pseudo_box_review,source_decision:HOLD_DUPLICATE_ADAPTER_REQUIRED,,numeric_or_placeholder_label
83,reject,False,,142,142,0,0,1,0,shanemarvinmay/food-image-dataset,,83,classification_pseudo_box_review,source_decision:HOLD_DUPLICATE_ADAPTER_REQUIRED,,numeric_or_placeholder_label
56,reject,False,,140,140,0,0,1,0,shanemarvinmay/food-image-dataset,,56,classification_pseudo_box_review,source_decision:HOLD_DUPLICATE_ADAPTER_REQUIRED,,numeric_or_placeholder_label
99,reject,False,,138,138,0,0,1,0,shanemarvinmay/food-image-dataset,,99,classification_pseudo_box_review,source_decision:HOLD_DUPLICATE_ADAPTER_REQUIRED,,numeric_or_placeholder_label
60,reject,False,,135,135,0,0,1,0,shanemarvinmay/food-image-dataset,,60,classification_pseudo_box_review,source_decision:HOLD_DUPLICATE_ADAPTER_REQUIRED,,numeric_or_placeholder_label
049,reject,False,,133,133,0,0,1,0,yihfeng/chinesefoodnet,,049,classification_pseudo_box_review,source_decision:HOLD_LICENSE_AND_SIZE,,numeric_or_placeholder_label
67,reject,False,,131,131,0,0,1,0,shanemarvinmay/food-image-dataset,,67,classification_pseudo_box_review,source_decision:HOLD_DUPLICATE_ADAPTER_REQUIRED,,numeric_or_placeholder_label
86,reject,False,,128,128,0,0,1,0,shanemarvinmay/food-image-dataset,,86,classification_pseudo_box_review,source_decision:HOLD_DUPLICATE_ADAPTER_REQUIRED,,numeric_or_placeholder_label
82,reject,False,,126,126,0,0,1,0,shanemarvinmay/food-image-dataset,,82,classification_pseudo_box_review,source_decision:HOLD_DUPLICATE_ADAPTER_REQUIRED,,numeric_or_placeholder_label
96,reject,False,,126,126,0,0,1,0,shanemarvinmay/food-image-dataset,,96,classification_pseudo_box_review,source_decision:HOLD_DUPLICATE_ADAPTER_REQUIRED,,numeric_or_placeholder_label
84,reject,False,,125,125,0,0,1,0,shanemarvinmay/food-image-dataset,,84,classification_pseudo_box_review,source_decision:HOLD_DUPLICATE_ADAPTER_REQUIRED,,numeric_or_placeholder_label
48,reject,False,,124,124,0,0,1,0,shanemarvinmay/food-image-dataset,,48,classification_pseudo_box_review,source_decision:HOLD_DUPLICATE_ADAPTER_REQUIRED,,numeric_or_placeholder_label
50,reject,False,,122,122,0,0,1,0,shanemarvinmay/food-image-dataset,,50,classification_pseudo_box_review,source_decision:HOLD_DUPLICATE_ADAPTER_REQUIRED,,numeric_or_placeholder_label
78,reject,False,,122,122,0,0,1,0,shanemarvinmay/food-image-dataset,,78,classification_pseudo_box_review,source_decision:HOLD_DUPLICATE_ADAPTER_REQUIRED,,numeric_or_placeholder_label
64,reject,False,,120,120,0,0,1,0,shanemarvinmay/food-image-dataset,,64,classification_pseudo_box_review,source_decision:HOLD_DUPLICATE_ADAPTER_REQUIRED,,numeric_or_placeholder_label
221,reject,False,,119,119,0,0,1,0,shanemarvinmay/food-image-dataset,,221,classification_pseudo_box_review,source_decision:HOLD_DUPLICATE_ADAPTER_REQUIRED,,numeric_or_placeholder_label
249,reject,False,,119,119,0,0,1,0,shanemarvinmay/food-image-dataset,,249,classification_pseudo_box_review,source_decision:HOLD_DUPLICATE_ADAPTER_REQUIRED,,numeric_or_placeholder_label
251,reject,False,,118,118,0,0,1,0,shanemarvinmay/food-image-dataset,,251,classification_pseudo_box_review,source_decision:HOLD_DUPLICATE_ADAPTER_REQUIRED,,numeric_or_placeholder_label
252,reject,False,,118,118,0,0,1,0,shanemarvinmay/food-image-dataset,,252,classification_pseudo_box_review,source_decision:HOLD_DUPLICATE_ADAPTER_REQUIRED,,numeric_or_placeholder_label
54,reject,False,,118,118,0,0,1,0,shanemarvinmay/food-image-dataset,,54,classification_pseudo_box_review,source_decision:HOLD_DUPLICATE_ADAPTER_REQUIRED,,numeric_or_placeholder_label
79,reject,False,,118,118,0,0,1,0,shanemarvinmay/food-image-dataset,,79,classification_pseudo_box_review,source_decision:HOLD_DUPLICATE_ADAPTER_REQUIRED,,numeric_or_placeholder_label
235,reject,False,,117,117,0,0,1,0,shanemarvinmay/food-image-dataset,,235,classification_pseudo_box_review,source_decision:HOLD_DUPLICATE_ADAPTER_REQUIRED,,numeric_or_placeholder_label
247,reject,False,,117,117,0,0,1,0,shanemarvinmay/food-image-dataset,,247,classification_pseudo_box_review,source_decision:HOLD_DUPLICATE_ADAPTER_REQUIRED,,numeric_or_placeholder_label
256,reject,False,,117,117,0,0,1,0,shanemarvinmay/food-image-dataset,,256,classification_pseudo_box_review,source_decision:HOLD_DUPLICATE_ADAPTER_REQUIRED,,numeric_or_placeholder_label
63,reject,False,,117,117,0,0,1,0,shanemarvinmay/food-image-dataset,,63,classification_pseudo_box_review,source_decision:HOLD_DUPLICATE_ADAPTER_REQUIRED,,numeric_or_placeholder_label
72,reject,False,,117,117,0,0,1,0,shanemarvinmay/food-image-dataset,,72,classification_pseudo_box_review,source_decision:HOLD_DUPLICATE_ADAPTER_REQUIRED,,numeric_or_placeholder_label
90,reject,False,,117,117,0,0,1,0,shanemarvinmay/food-image-dataset,,90,classification_pseudo_box_review,source_decision:HOLD_DUPLICATE_ADAPTER_REQUIRED,,numeric_or_placeholder_label
242,reject,False,,116,116,0,0,1,0,shanemarvinmay/food-image-dataset,,242,classification_pseudo_box_review,source_decision:HOLD_DUPLICATE_ADAPTER_REQUIRED,,numeric_or_placeholder_label
253,reject,False,,116,116,0,0,1,0,shanemarvinmay/food-image-dataset,,253,classification_pseudo_box_review,source_decision:HOLD_DUPLICATE_ADAPTER_REQUIRED,,numeric_or_placeholder_label
59,reject,False,,116,116,0,0,1,0,shanemarvinmay/food-image-dataset,,59,classification_pseudo_box_review,source_decision:HOLD_DUPLICATE_ADAPTER_REQUIRED,,numeric_or_placeholder_label
225,reject,False,,115,115,0,0,1,0,shanemarvinmay/food-image-dataset,,225,classification_pseudo_box_review,source_decision:HOLD_DUPLICATE_ADAPTER_REQUIRED,,numeric_or_placeholder_label
255,reject,False,,115,115,0,0,1,0,shanemarvinmay/food-image-dataset,,255,classification_pseudo_box_review,source_decision:HOLD_DUPLICATE_ADAPTER_REQUIRED,,numeric_or_placeholder_label
81,reject,False,,115,115,0,0,1,0,shanemarvinmay/food-image-dataset,,81,classification_pseudo_box_review,source_decision:HOLD_DUPLICATE_ADAPTER_REQUIRED,,numeric_or_placeholder_label
85,reject,False,,115,115,0,0,1,0,shanemarvinmay/food-image-dataset,,85,classification_pseudo_box_review,source_decision:HOLD_DUPLICATE_ADAPTER_REQUIRED,,numeric_or_placeholder_label
89,reject,False,,115,115,0,0,1,0,shanemarvinmay/food-image-dataset,,89,classification_pseudo_box_review,source_decision:HOLD_DUPLICATE_ADAPTER_REQUIRED,,numeric_or_placeholder_label
212,reject,False,,114,114,0,0,1,0,shanemarvinmay/food-image-dataset,,212,classification_pseudo_box_review,source_decision:HOLD_DUPLICATE_ADAPTER_REQUIRED,,numeric_or_placeholder_label
218,reject,False,,114,114,0,0,1,0,shanemarvinmay/food-image-dataset,,218,classification_pseudo_box_review,source_decision:HOLD_DUPLICATE_ADAPTER_REQUIRED,,numeric_or_placeholder_label
222,reject,False,,114,114,0,0,1,0,shanemarvinmay/food-image-dataset,,222,classification_pseudo_box_review,source_decision:HOLD_DUPLICATE_ADAPTER_REQUIRED,,numeric_or_placeholder_label
229,reject,False,,114,114,0,0,1,0,shanemarvinmay/food-image-dataset,,229,classification_pseudo_box_review,source_decision:HOLD_DUPLICATE_ADAPTER_REQUIRED,,numeric_or_placeholder_label
239,reject,False,,114,114,0,0,1,0,shanemarvinmay/food-image-dataset,,239,classification_pseudo_box_review,source_decision:HOLD_DUPLICATE_ADAPTER_REQUIRED,,numeric_or_placeholder_label
241,reject,False,,113,113,0,0,1,0,shanemarvinmay/food-image-dataset,,241,classification_pseudo_box_review,source_decision:HOLD_DUPLICATE_ADAPTER_REQUIRED,,numeric_or_placeholder_label
246,reject,False,,113,113,0,0,1,0,shanemarvinmay/food-image-dataset,,246,classification_pseudo_box_review,source_decision:HOLD_DUPLICATE_ADAPTER_REQUIRED,,numeric_or_placeholder_label
216,reject,False,,112,112,0,0,1,0,shanemarvinmay/food-image-dataset,,216,classification_pseudo_box_review,source_decision:HOLD_DUPLICATE_ADAPTER_REQUIRED,,numeric_or_placeholder_label
213,reject,False,,111,111,0,0,1,0,shanemarvinmay/food-image-dataset,,213,classification_pseudo_box_review,source_decision:HOLD_DUPLICATE_ADAPTER_REQUIRED,,numeric_or_placeholder_label
220,reject,False,,111,111,0,0,1,0,shanemarvinmay/food-image-dataset,,220,classification_pseudo_box_review,source_decision:HOLD_DUPLICATE_ADAPTER_REQUIRED,,numeric_or_placeholder_label
244,reject,False,,111,111,0,0,1,0,shanemarvinmay/food-image-dataset,,244,classification_pseudo_box_review,source_decision:HOLD_DUPLICATE_ADAPTER_REQUIRED,,numeric_or_placeholder_label
245,reject,False,,111,111,0,0,1,0,shanemarvinmay/food-image-dataset,,245,classification_pseudo_box_review,source_decision:HOLD_DUPLICATE_ADAPTER_REQUIRED,,numeric_or_placeholder_label
65,reject,False,,111,111,0,0,1,0,shanemarvinmay/food-image-dataset,,65,classification_pseudo_box_review,source_decision:HOLD_DUPLICATE_ADAPTER_REQUIRED,,numeric_or_placeholder_label
77,reject,False,,111,111,0,0,1,0,shanemarvinmay/food-image-dataset,,77,classification_pseudo_box_review,source_decision:HOLD_DUPLICATE_ADAPTER_REQUIRED,,numeric_or_placeholder_label
93,reject,False,,111,111,0,0,1,0,shanemarvinmay/food-image-dataset,,93,classification_pseudo_box_review,source_decision:HOLD_DUPLICATE_ADAPTER_REQUIRED,,numeric_or_placeholder_label
223,reject,False,,110,110,0,0,1,0,shanemarvinmay/food-image-dataset,,223,classification_pseudo_box_review,source_decision:HOLD_DUPLICATE_ADAPTER_REQUIRED,,numeric_or_placeholder_label
227,reject,False,,110,110,0,0,1,0,shanemarvinmay/food-image-dataset,,227,classification_pseudo_box_review,source_decision:HOLD_DUPLICATE_ADAPTER_REQUIRED,,numeric_or_placeholder_label
243,reject,False,,110,110,0,0,1,0,shanemarvinmay/food-image-dataset,,243,classification_pseudo_box_review,source_decision:HOLD_DUPLICATE_ADAPTER_REQUIRED,,numeric_or_placeholder_label
62,reject,False,,110,110,0,0,1,0,shanemarvinmay/food-image-dataset,,62,classification_pseudo_box_review,source_decision:HOLD_DUPLICATE_ADAPTER_REQUIRED,,numeric_or_placeholder_label
80,reject,False,,110,110,0,0,1,0,shanemarvinmay/food-image-dataset,,80,classification_pseudo_box_review,source_decision:HOLD_DUPLICATE_ADAPTER_REQUIRED,,numeric_or_placeholder_label
226,reject,False,,109,109,0,0,1,0,shanemarvinmay/food-image-dataset,,226,classification_pseudo_box_review,source_decision:HOLD_DUPLICATE_ADAPTER_REQUIRED,,numeric_or_placeholder_label
236,reject,False,,109,109,0,0,1,0,shanemarvinmay/food-image-dataset,,236,classification_pseudo_box_review,source_decision:HOLD_DUPLICATE_ADAPTER_REQUIRED,,numeric_or_placeholder_label
250,reject,False,,109,109,0,0,1,0,shanemarvinmay/food-image-dataset,,250,classification_pseudo_box_review,source_decision:HOLD_DUPLICATE_ADAPTER_REQUIRED,,numeric_or_placeholder_label
58,reject,False,,109,109,0,0,1,0,shanemarvinmay/food-image-dataset,,58,classification_pseudo_box_review,source_decision:HOLD_DUPLICATE_ADAPTER_REQUIRED,,numeric_or_placeholder_label
71,reject,False,,109,109,0,0,1,0,shanemarvinmay/food-image-dataset,,71,classification_pseudo_box_review,source_decision:HOLD_DUPLICATE_ADAPTER_REQUIRED,,numeric_or_placeholder_label
74,reject,False,,109,109,0,0,1,0,shanemarvinmay/food-image-dataset,,74,classification_pseudo_box_review,source_decision:HOLD_DUPLICATE_ADAPTER_REQUIRED,,numeric_or_placeholder_label
88,reject,False,,109,109,0,0,1,0,shanemarvinmay/food-image-dataset,,88,classification_pseudo_box_review,source_decision:HOLD_DUPLICATE_ADAPTER_REQUIRED,,numeric_or_placeholder_label
224,reject,False,,108,108,0,0,1,0,shanemarvinmay/food-image-dataset,,224,classification_pseudo_box_review,source_decision:HOLD_DUPLICATE_ADAPTER_REQUIRED,,numeric_or_placeholder_label
230,reject,False,,108,108,0,0,1,0,shanemarvinmay/food-image-dataset,,230,classification_pseudo_box_review,source_decision:HOLD_DUPLICATE_ADAPTER_REQUIRED,,numeric_or_placeholder_label
238,reject,False,,108,108,0,0,1,0,shanemarvinmay/food-image-dataset,,238,classification_pseudo_box_review,source_decision:HOLD_DUPLICATE_ADAPTER_REQUIRED,,numeric_or_placeholder_label
53,reject,False,,108,108,0,0,1,0,shanemarvinmay/food-image-dataset,,53,classification_pseudo_box_review,source_decision:HOLD_DUPLICATE_ADAPTER_REQUIRED,,numeric_or_placeholder_label
61,reject,False,,108,108,0,0,1,0,shanemarvinmay/food-image-dataset,,61,classification_pseudo_box_review,source_decision:HOLD_DUPLICATE_ADAPTER_REQUIRED,,numeric_or_placeholder_label
94,reject,False,,108,108,0,0,1,0,shanemarvinmay/food-image-dataset,,94,classification_pseudo_box_review,source_decision:HOLD_DUPLICATE_ADAPTER_REQUIRED,,numeric_or_placeholder_label
233,reject,False,,107,107,0,0,1,0,shanemarvinmay/food-image-dataset,,233,classification_pseudo_box_review,source_decision:HOLD_DUPLICATE_ADAPTER_REQUIRED,,numeric_or_placeholder_label
240,reject,False,,107,107,0,0,1,0,shanemarvinmay/food-image-dataset,,240,classification_pseudo_box_review,source_decision:HOLD_DUPLICATE_ADAPTER_REQUIRED,,numeric_or_placeholder_label
66,reject,False,,107,107,0,0,1,0,shanemarvinmay/food-image-dataset,,66,classification_pseudo_box_review,source_decision:HOLD_DUPLICATE_ADAPTER_REQUIRED,,numeric_or_placeholder_label
73,reject,False,,107,107,0,0,1,0,shanemarvinmay/food-image-dataset,,73,classification_pseudo_box_review,source_decision:HOLD_DUPLICATE_ADAPTER_REQUIRED,,numeric_or_placeholder_label
214,reject,False,,106,106,0,0,1,0,shanemarvinmay/food-image-dataset,,214,classification_pseudo_box_review,source_decision:HOLD_DUPLICATE_ADAPTER_REQUIRED,,numeric_or_placeholder_label
215,reject,False,,106,106,0,0,1,0,shanemarvinmay/food-image-dataset,,215,classification_pseudo_box_review,source_decision:HOLD_DUPLICATE_ADAPTER_REQUIRED,,numeric_or_placeholder_label
219,reject,False,,106,106,0,0,1,0,shanemarvinmay/food-image-dataset,,219,classification_pseudo_box_review,source_decision:HOLD_DUPLICATE_ADAPTER_REQUIRED,,numeric_or_placeholder_label
237,reject,False,,106,106,0,0,1,0,shanemarvinmay/food-image-dataset,,237,classification_pseudo_box_review,source_decision:HOLD_DUPLICATE_ADAPTER_REQUIRED,,numeric_or_placeholder_label
210,reject,False,,105,105,0,0,1,0,shanemarvinmay/food-image-dataset,,210,classification_pseudo_box_review,source_decision:HOLD_DUPLICATE_ADAPTER_REQUIRED,,numeric_or_placeholder_label
248,reject,False,,105,105,0,0,1,0,shanemarvinmay/food-image-dataset,,248,classification_pseudo_box_review,source_decision:HOLD_DUPLICATE_ADAPTER_REQUIRED,,numeric_or_placeholder_label
51,reject,False,,105,105,0,0,1,0,shanemarvinmay/food-image-dataset,,51,classification_pseudo_box_review,source_decision:HOLD_DUPLICATE_ADAPTER_REQUIRED,,numeric_or_placeholder_label
75,reject,False,,105,105,0,0,1,0,shanemarvinmay/food-image-dataset,,75,classification_pseudo_box_review,source_decision:HOLD_DUPLICATE_ADAPTER_REQUIRED,,numeric_or_placeholder_label
95,reject,False,,105,105,0,0,1,0,shanemarvinmay/food-image-dataset,,95,classification_pseudo_box_review,source_decision:HOLD_DUPLICATE_ADAPTER_REQUIRED,,numeric_or_placeholder_label
209,reject,False,,104,104,0,0,1,0,shanemarvinmay/food-image-dataset,,209,classification_pseudo_box_review,source_decision:HOLD_DUPLICATE_ADAPTER_REQUIRED,,numeric_or_placeholder_label
211,reject,False,,104,104,0,0,1,0,shanemarvinmay/food-image-dataset,,211,classification_pseudo_box_review,source_decision:HOLD_DUPLICATE_ADAPTER_REQUIRED,,numeric_or_placeholder_label
234,reject,False,,104,104,0,0,1,0,shanemarvinmay/food-image-dataset,,234,classification_pseudo_box_review,source_decision:HOLD_DUPLICATE_ADAPTER_REQUIRED,,numeric_or_placeholder_label
217,reject,False,,103,103,0,0,1,0,shanemarvinmay/food-image-dataset,,217,classification_pseudo_box_review,source_decision:HOLD_DUPLICATE_ADAPTER_REQUIRED,,numeric_or_placeholder_label
228,reject,False,,103,103,0,0,1,0,shanemarvinmay/food-image-dataset,,228,classification_pseudo_box_review,source_decision:HOLD_DUPLICATE_ADAPTER_REQUIRED,,numeric_or_placeholder_label
232,reject,False,,103,103,0,0,1,0,shanemarvinmay/food-image-dataset,,232,classification_pseudo_box_review,source_decision:HOLD_DUPLICATE_ADAPTER_REQUIRED,,numeric_or_placeholder_label
231,reject,False,,102,102,0,0,1,0,shanemarvinmay/food-image-dataset,,231,classification_pseudo_box_review,source_decision:HOLD_DUPLICATE_ADAPTER_REQUIRED,,numeric_or_placeholder_label
254,reject,False,,102,102,0,0,1,0,shanemarvinmay/food-image-dataset,,254,classification_pseudo_box_review,source_decision:HOLD_DUPLICATE_ADAPTER_REQUIRED,,numeric_or_placeholder_label
52,reject,False,,102,102,0,0,1,0,shanemarvinmay/food-image-dataset,,52,classification_pseudo_box_review,source_decision:HOLD_DUPLICATE_ADAPTER_REQUIRED,,numeric_or_placeholder_label
57,reject,False,,102,102,0,0,1,0,shanemarvinmay/food-image-dataset,,57,classification_pseudo_box_review,source_decision:HOLD_DUPLICATE_ADAPTER_REQUIRED,,numeric_or_placeholder_label
97,reject,False,,102,102,0,0,1,0,shanemarvinmay/food-image-dataset,,97,classification_pseudo_box_review,source_decision:HOLD_DUPLICATE_ADAPTER_REQUIRED,,numeric_or_placeholder_label
208,reject,False,,101,101,0,0,1,0,shanemarvinmay/food-image-dataset,,208,classification_pseudo_box_review,source_decision:HOLD_DUPLICATE_ADAPTER_REQUIRED,,numeric_or_placeholder_label
